relation_id,subject,relation,object,doc_id,chunk_id,page,evidence,confidence
REL_B71B268566EFBE8C,DOC001,document_mentions_location,Missouri,DOC001,DOC001_CHUNK_0001,1-8,"Missouri State Wildlife Action Plan Missouri Department of Conservation Conserving healthy fish, forests, and wildlife 2015 Missouri State Wildlife Action Plan 2015 Missouri is a national leader in fish, forest, and wildlife conservation due to Missouri citizens’ unique and proactive support of conservation efforts.",0.98
REL_D56927BEF4B57613,DOC001,document_mentions_location,United States,DOC001,DOC001_CHUNK_0001,1-8,"This valuable reference tool was compiled with resources, knowledge, and expertise from the Missouri Department of Conservation, Missouri Department of Natural Resources, U.S.",0.98
REL_DD4A80FBE24C495A,DOC001,document_mentions_species,bald eagle,DOC001,DOC001_CHUNK_0001,1-8,"The Depart - ment’s science-based efforts, aimed at understand - ing life-history needs and habitat system dynamics, have benefited a variety of Missouri species, includ - ing recovery efforts of the American burying beetle, Ozark hellbender, eastern hellbender, eastern collared lizard, prairie massasauga rattlesnake, greater prai - rie-chicken, bald eagle, peregrine falcon, pallid and lake sturgeons, Niangua darter…",0.98
REL_CF63C50BE86EB7D0,DOC001,document_mentions_location,Missouri,DOC001,DOC001_CHUNK_0002,7-11,"are primarily adopted from The Fishes of Missouri, authored by William L.",0.98
REL_803EE3D92B40197B,DOC001,document_mentions_location,Missouri,DOC001,DOC001_CHUNK_0003,11-12,Integration of Missouri Conservation Priorities . . . . . . . . . . . . . . . . . . . . . . . . . . . . . . .,0.98
REL_3D1559309FD3BB85,DOC001,document_mentions_location,Iowa,DOC001,DOC001_CHUNK_0004,11-12,50 Case Study: Missouri-Iowa Woodland/Savanna Geography ........................,0.98
REL_19B41E87111EAF67,DOC001,document_mentions_location,Missouri,DOC001,DOC001_CHUNK_0004,11-12,33 Missouri State Wildlife Action Plan Page vi Grassland/Prairie/Savanna Conservation (Continued) Conservation Opportunity Areas . . . . . . . . . . . . . . . . . . . . . . . . . . . . . . . . . . . . . . . . . . . . . . . . .,0.98
REL_81010B5320A76AF2,DOC001,document_mentions_location,Missouri,DOC001,DOC001_CHUNK_0005,12-13,68 TABLE OF CONTENTS Missouri State Wildlife Action Plan Page vii Case Study: Dark Hollow Natural Area ..........................................,0.98
REL_1B3CB2F166B879A7,DOC001,document_mentions_location,Missouri,DOC001,DOC001_CHUNK_0006,13-15,94 TABLE OF CONTENTS Missouri State Wildlife Action Plan TABLE OF CONTENTS Page viii Case Study: Danville Conservation Area.........................................,0.98
REL_8D98F04B989ED8DE,DOC001,document_mentions_location,Missouri,DOC001,DOC001_CHUNK_0007,14-15,119 Missouri State Wildlife Action Plan TABLE OF CONTENTS Page ix Wetland Conservation Overview . . . . . . . . . . . . . . . . . . . . . . . . . . . . . . . . . . . . . . . . . . . . . . . . . . . . . . . . . . . . . . . . . . . . .,0.98
REL_E082AE137A35E5B1,DOC001,document_mentions_location,Missouri,DOC001,DOC001_CHUNK_0008,15-17,147 Missouri State Wildlife Action Plan Page x Habitat System Threats . . . . . . . . . . . . . . . . . . . . . . . . . . . . . . . . . . . . . . . . . . . . . . . . . . . . . . . . . . .,0.98
REL_700C19C7289871A4,DOC001,document_mentions_species,pallid sturgeon,DOC001,DOC001_CHUNK_0008,15-17,159 Case Study: Pallid Sturgeon Restoration ........................................,0.98
REL_E02E38E1E56C2991,DOC001,document_mentions_location,Missouri,DOC001,DOC001_CHUNK_0009,17-18,"When the Missouri Department of Conservation (the Department) embarked upon the development of the Comprehensive Wildlife Conservation Strategy (CWCS) in 2005, the goal was to use all the informa- tion acquired in the prior 30 years to identify a set of Conservation Opportunity Areas (COAs) to support and conserve viable populations of all wildlife and the habitats on which they depend.",0.98
REL_092893737DCCAC7E,DOC001,document_mentions_location,United States,DOC001,DOC001_CHUNK_0009,17-18,"In the decade since the CWCS was approved, the U.S.",0.98
REL_BDDEC6FF7D23B643,DOC001,document_mentions_location,Missouri,DOC001,DOC001_CHUNK_0010,18-21,Missouri’s Plan is the habitat-based approach.,0.98
REL_F0BD553136B4BAAA,DOC001,document_mentions_location,United States,DOC001,DOC001_CHUNK_0010,18-21,The U.S.,0.98
REL_708E181D2BED648C,DOC001,document_mentions_location,Missouri,DOC001,DOC001_CHUNK_0011,20-22,"The SGCN list is designed to assist Department staff and partners with planning, implementing, and monitoring habitat management activities for the benefit of Missouri’s full suite of fish, plant, and wildlife resources.",0.98
REL_EFEE2D691FFC7C34,DOC001,document_mentions_location,Missouri,DOC001,DOC001_CHUNK_0012,22-24,"For the purposes of this Plan, “primary habitat” refers to the habitat system in which the spe- cies is most commonly found in Missouri. “Secondary habitat” is not assigned for all species, but was used to indicate an additional habitat system used to such an extent that a single habitat association could not be as- signed.",0.98
REL_733F3E01611F4B75,DOC001,document_mentions_location,Arkansas,DOC001,DOC001_CHUNK_0013,24-26,"The only blip in the landscape’s uniformity is Crow - ley’s Ridge, a long, narrow ridge that runs from Cape Girardeau to Helena, Arkansas.",0.98
REL_F5F09C7631E8763D,DOC001,document_mentions_location,Illinois,DOC001,DOC001_CHUNK_0013,24-26,"The Central Dissected Till Plains, or gla- ciated plains, ecoregion of north Missouri stretches into Illinois, Iowa, Nebraska, and Kansas.",0.98
REL_A2AE6E65BB9BA2E5,DOC001,document_mentions_location,Iowa,DOC001,DOC001_CHUNK_0013,24-26,"The Central Dissected Till Plains, or gla- ciated plains, ecoregion of north Missouri stretches into Illinois, Iowa, Nebraska, and Kansas.",0.98
REL_19A29AECC3B8F759,DOC001,document_mentions_location,Kansas,DOC001,DOC001_CHUNK_0013,24-26,"The Central Dissected Till Plains, or gla- ciated plains, ecoregion of north Missouri stretches into Illinois, Iowa, Nebraska, and Kansas.",0.98
REL_80E4ACB12835C9A3,DOC001,document_mentions_location,Missouri,DOC001,DOC001_CHUNK_0013,24-26,"The approach, simply stat - ed, was to identify all conservation opportunities on the Missouri landscape, isolate those areas of greatest conservation opportunity termed Conser - vation Opportunity Areas (COAs), and then better focus conservation efforts to guide strategic deci - sion-making regarding conservation actions with - in the COAs.",0.98
REL_1E8B829FD82A51E6,DOC001,document_mentions_location,Missouri,DOC001,DOC001_CHUNK_0014,25-28,"Although the region has changed significantly in the past century, the Ozarks contain the greatest con - centration of Missouri’s remaining wild lands.",0.98
REL_A18E15D965FD0EC8,DOC001,document_mentions_location,Missouri,DOC001,DOC001_CHUNK_0015,27-29,The primary reference for the information in this section is Nelson’s (2010) The Terrestrial Natural Communities of Missouri.,0.98
REL_D5189815F4F0DFD8,DOC001,document_mentions_location,Missouri,DOC001,DOC001_CHUNK_0016,29-30,continually in- creasing challenge throughout every habitat system in Missouri.,0.98
REL_57623A5DB5E7165E,DOC001,document_mentions_location,Illinois,DOC001,DOC001_CHUNK_0017,30-32,"Forest Service, North- ern Research Station began a project to incorporate climate change considerations into forest management for the Central Hardwoods Region, which includes the unglaciated forest regions of southern Missouri, Illinois and Indiana.",0.98
REL_02045C651EFACBB6,DOC001,document_mentions_location,Missouri,DOC001,DOC001_CHUNK_0017,30-32,"Forest Service, North- ern Research Station began a project to incorporate climate change considerations into forest management for the Central Hardwoods Region, which includes the unglaciated forest regions of southern Missouri, Illinois and Indiana.",0.98
REL_A34CC0E8ED4E2664,DOC001,document_mentions_location,North America,DOC001,DOC001_CHUNK_0017,30-32,"As temperatures warm and precipitation pat- terns change, some wildlife species may experi - ence a shift in breeding and migration dates, as has already been observed for North American wood warblers. ✦ Many potential impacts on wildlife and their hab- itats remain unknown. ✦ The effects of climate change on cave-dwelling species are also unknown. ✦ Changes in climate will also create additional management challeng…",0.98
REL_B3B87D6557BE0C70,DOC001,document_mentions_location,United States,DOC001,DOC001_CHUNK_0017,30-32,Beginning in 2011 the U.S.,0.98
REL_8AC0509921190615,DOC001,document_mentions_species,mallard,DOC001,DOC001_CHUNK_0017,30-32,"Many fish species in the region are sensitive to even slight changes in water temperatures and experience Elements 3 and 4 (Continued) PREFACE Page 16 negative effects on growth at extremely high wa - ter temperatures. ✦ Many migratory species, such as mallards and other dabbling ducks, rely on temperature cues to signal northward and southward migration each year.",0.98
REL_1B1E8ABA43436BF1,DOC001,document_mentions_location,Missouri,DOC001,DOC001_CHUNK_0018,32-34,Missouri’s habitat-based approach is well-suit - ed to mitigate the threat of climate change.,0.98
REL_1033BF41847A69FD,DOC001,document_mentions_location,North America,DOC001,DOC001_CHUNK_0018,32-34,"pat- terns change, some wildlife species may experi - ence a shift in breeding and migration dates, as has already been observed for North American wood warblers. ✦ Many potential impacts on wildlife and their hab- itats remain unknown. ✦ The effects of climate change on cave-dwelling species are also unknown. ✦ Changes in climate will also create additional management challenges as conditions become more favorable…",0.98
REL_C3513F8F58376821,DOC001,document_mentions_location,Missouri,DOC001,DOC001_CHUNK_0019,33-35,"Since the CWCS, the Department has developed the Missouri Forest Action Plan that used the CWCS as a major input in assessing the importance of forest- ed areas as wildlife habitat.",0.98
REL_396507924BB8B87E,DOC001,document_mentions_location,North America,DOC001,DOC001_CHUNK_0019,33-35,These LHI models may utilize modified techniques from the North American Breeding Bird Survey (Sau- er et al.,0.98
REL_5DF03A4C725756B5,DOC001,document_mentions_location,United States,DOC001,DOC001_CHUNK_0019,33-35,"When fully developed, the CCS will be submitted to the FWS as a formal revision to the State Wildlife Action Plan, and to the U.S.",0.98
REL_EA9EDE0133F73F28,DOC001,document_mentions_location,Missouri,DOC001,DOC001_CHUNK_0020,35-37,Forest Service as a formal revision of the Missouri Forest Action Plan.,0.98
REL_E340194B786B358C,DOC001,document_mentions_location,United States,DOC001,DOC001_CHUNK_0020,35-37,"When fully developed, the CCS will be submitted to the FWS as a formal revision to the State Wildlife Action Plan, and to the U.S.",0.98
REL_8687646C9E1F6742,DOC001,document_mentions_location,Missouri,DOC001,DOC001_CHUNK_0021,37-38,"Examples of these partnership agreements include providing cost-share to the Missouri Prairie Founda - tion (MPF) for grassland restoration and maintenance, exotic and woody species control,public outreach, as well as providing cost-share to the Missouri River Bird Observatory (MRBO) for outreach and contin - ued effectiveness monitoring of grassland-dependent bird species, and observing species response to on - goi…",0.98
REL_90783F63CCC3D601,DOC001,document_mentions_location,Kansas,DOC001,DOC001_CHUNK_0022,38-40,"Community Conservation Community Conservation Planners in Kansas City, St.",0.98
REL_0C3B66C261513ACF,DOC001,document_mentions_location,Missouri,DOC001,DOC001_CHUNK_0022,38-40,"Exhibits and naturalist-led programs, as well as walking trails, offer about a million visitors each year a variety of op- portunities to learn about and enjoy Missouri’s nature.",0.98
REL_81C481D82A3ECC2C,DOC001,document_mentions_location,United States,DOC001,DOC001_CHUNK_0022,38-40,Most of these positions are co-located in United States Department of Agriculture (USDA) service centers to make contact easy for private land- owners throughout the state.,0.98
REL_7B60F65B05150410,DOC001,document_mentions_location,Missouri,DOC001,DOC001_CHUNK_0023,40-42,of Missouri is encompassed in farms.,0.98
REL_5080E1E72C4BD41D,DOC001,document_mentions_location,United States,DOC001,DOC001_CHUNK_0023,40-42,"1987, Habitat suitability index models: barred owl: U.S.",0.98
REL_B70217CA8FCF61B0,DOC001,document_mentions_location,Missouri,DOC001,DOC001_CHUNK_0024,42-51,Birds in Missouri.,0.98
REL_F30AAE2473B5B392,DOC001,document_mentions_location,North America,DOC001,DOC001_CHUNK_0024,42-51,"The North American Breeding Bird Survey, Results and Analysis 1966 - 2013.",0.98
REL_DC74370E1F7BD74C,DOC001,document_mentions_location,United States,DOC001,DOC001_CHUNK_0024,42-51,"Newtown Square, PA: U.S.",0.98
REL_A524ADF66B67C7BB,DOC001,document_mentions_location,Missouri,DOC001,DOC001_CHUNK_0025,44-55,Literature Cited (Continued) PREFACE Missouri State Wildlife Action Plan Page 29 MAPS Figure 2: Missouri Ecoregions Figure 2.,0.98
REL_6BB3A72E11E3CCD4,DOC001,document_mentions_location,North America,DOC001,DOC001_CHUNK_0025,44-55,Missouri State Wildlife Action Plan Page 33 GRASSLAND/PRAIRIE/SAVANNA CONSERVATION Overview G rasslands have existed in North America be- tween five to seven million years due to a long drying trend in our climate.,0.98
REL_5C02B2EBB0604ADC,DOC001,document_mentions_location,Illinois,DOC001,DOC001_CHUNK_0026,53-59,"HUC16 within a grassland/prairie opportunity area, AND contains a grassland easement and/or conserva- tion network { }= Decisive selection criteria for Conservation Opportunity Areas * Recent Heritage Database records are considered since 1981 for community records and after 1989 for species records GRASSLAND/PRAIRIE/SAVANNA CONSERVATION Page 37 GRASSLAND/PRAIRIE/SAVANNA CONSERVATION Species of Greatest Conserv atio…",0.98
REL_EABE898141DE3272,DOC001,document_mentions_location,Kansas,DOC001,DOC001_CHUNK_0026,53-59,"HUC16 within a grassland/prairie opportunity area, AND contains a grassland easement and/or conserva- tion network { }= Decisive selection criteria for Conservation Opportunity Areas * Recent Heritage Database records are considered since 1981 for community records and after 1989 for species records GRASSLAND/PRAIRIE/SAVANNA CONSERVATION Page 37 GRASSLAND/PRAIRIE/SAVANNA CONSERVATION Species of Greatest Conserv atio…",0.98
REL_B524319BD033425F,DOC001,document_mentions_location,Missouri,DOC001,DOC001_CHUNK_0026,53-59,Overview 33 COnservatiOn OppOrtunity areas 34 sCOring Criteria 35 speCies Of greatest COnservatiOn need 36 Habitat system tHreats 39 Habitat management aCtiOns 40 Habitat system sub- types & Case studies 41 Literature Cited 53 GRASSLAND/PRAIRIE/SAVANNA CONSERVATIONGRASSLAND/PRAIRIE/SAVANNA CONSERVATION Conservation Opportunity Areas Page 34 Page 35 grassland/prairie/savanna landcover information GRASSLAND/PRAIRIE/SA…,0.98
REL_592663BC8237378E,DOC001,document_mentions_species,monarch butterfly,DOC001,DOC001_CHUNK_0026,53-59,"HUC16 within a grassland/prairie opportunity area, AND contains a grassland easement and/or conserva- tion network { }= Decisive selection criteria for Conservation Opportunity Areas * Recent Heritage Database records are considered since 1981 for community records and after 1989 for species records GRASSLAND/PRAIRIE/SAVANNA CONSERVATION Page 37 GRASSLAND/PRAIRIE/SAVANNA CONSERVATION Species of Greatest Conserv atio…",0.98
REL_21A1BA038270E7D1,DOC001,document_mentions_location,Illinois,DOC001,DOC001_CHUNK_0027,58-61,(Fundulus sciadicus) ✦ Brassy minnow (Hybognathus hankinsoni) ✦ Common shiner (Luxilus cornutus) Amphibians Illinois chorus frog (Pseudacris illinoensis) ✦ Eastern spadefoot (Scaphiopus holbrookii holbrookii) Characteristic: Small-mouthed salamander (Ambystoma texanum) ✦ Eastern tiger salamander (Ambystoma trigrinum tigrinum) ✦ Western narrow-mouthed toad (Gastrophryne olivacea) ✦ Northern crawfish frog (Lithobates…,0.98
REL_4517707156695E14,DOC001,document_mentions_location,Missouri,DOC001,DOC001_CHUNK_0027,58-61,(Fundulus sciadicus) ✦ Brassy minnow (Hybognathus hankinsoni) ✦ Common shiner (Luxilus cornutus) Amphibians Illinois chorus frog (Pseudacris illinoensis) ✦ Eastern spadefoot (Scaphiopus holbrookii holbrookii) Characteristic: Small-mouthed salamander (Ambystoma texanum) ✦ Eastern tiger salamander (Ambystoma trigrinum tigrinum) ✦ Western narrow-mouthed toad (Gastrophryne olivacea) ✦ Northern crawfish frog (Lithobates…,0.98
REL_DAD27C7B91271F2E,DOC001,document_mentions_species,greater prairie-chicken,DOC001,DOC001_CHUNK_0027,58-61,(Fundulus sciadicus) ✦ Brassy minnow (Hybognathus hankinsoni) ✦ Common shiner (Luxilus cornutus) Amphibians Illinois chorus frog (Pseudacris illinoensis) ✦ Eastern spadefoot (Scaphiopus holbrookii holbrookii) Characteristic: Small-mouthed salamander (Ambystoma texanum) ✦ Eastern tiger salamander (Ambystoma trigrinum tigrinum) ✦ Western narrow-mouthed toad (Gastrophryne olivacea) ✦ Northern crawfish frog (Lithobates…,0.98
REL_783D83A2EF76CB03,DOC001,document_mentions_location,Iowa,DOC001,DOC001_CHUNK_0028,61-63,"Prescribed burn at Taberville Page 42 GRASSLAND/PRAIRIE/SAVANNA CONSERVATION Loess Hills Prairie H istorically in Missouri, Loess Hill Prairies occurred along the Missouri River from the Iowa state line to south of St.",0.98
REL_0CEE571B1FE0B8BB,DOC001,document_mentions_location,Missouri,DOC001,DOC001_CHUNK_0028,61-63,"Efforts to restore populations of species with low mobility (e.g., invertebrates, amphibians) into these reconstructed grasslands are relatively new in Missouri as the Department and partners are learning to diversify them further.",0.98
REL_502150991E5119B3,DOC001,document_mentions_location,United States,DOC001,DOC001_CHUNK_0028,61-63,Page 43 GRASSLAND/PRAIRIE/SAVANNA CONSERVATION Loess Hills Prairie Ca s e st u d y: Lo e s s Hi L L s Pr a i r i e Co m P L e x Lo C a t i o n: L o e s s H i L Ls P r a i r i e C o mP Le x C oa The Loess Hills Complex includes lands managed by the Missouri Department of Conservation and the U.S.,0.98
REL_6B1B550962E216B0,DOC001,document_mentions_location,Iowa,DOC001,DOC001_CHUNK_0029,63-66,"Conservation partners include Blank Park Zoo, Iowa Depart - ment of Natural Resources, Missouri Department of Conservation, The Nature Conservancy, Missouri River Bird Observatory, Natural Resources Conservation Service, and the U.S.",0.98
REL_21354E5C89636418,DOC001,document_mentions_location,Kansas,DOC001,DOC001_CHUNK_0029,63-66,"The Osage Plains ecoregion, which supports the vast majority of Missouri’s unglaciated prairies, stretches from Texas, Oklahoma and Kansas into the southern and western portions of Missouri.",0.98
REL_E2BDC4B55AA5E76B,DOC001,document_mentions_location,Missouri,DOC001,DOC001_CHUNK_0029,63-66,"Less than 200 acres of this landscape remain in the state of Missouri, and working with private and public entities is important to preserve this unique piece of Missouri’s heritage.",0.98
REL_AB5A9EC8F08B8FE6,DOC001,document_mentions_location,United States,DOC001,DOC001_CHUNK_0029,63-66,"Conservation partners include Friends of Squaw Creek, M id-land Empire Audubon, Missouri Department of Conservation, Mis-souri Natural Areas Committee, Missouri Western State College, Natural Resources Conservation Service, Northwest Missouri State University, The Nature Conservancy, and the U.S.",0.98
REL_1AC6C5A05450F3E3,DOC001,document_mentions_location,Illinois,DOC001,DOC001_CHUNK_0030,66-69,"Rare species include: snoutbean, sand hickory, Hall’s bulrush, jointweed, dusty hognosed snake, Illinois chorus frogs, eastern spadefoot toad, and northern harriers, as well as many native bees, sand cicadas, and other insects that we have just begun to learn about.",0.98
REL_A3DDB20EC0263D35,DOC001,document_mentions_location,Missouri,DOC001,DOC001_CHUNK_0030,66-69,Grasslands in the southern portion of Missouri are generally found in this Osage Plains region or near the Osage Plains border in the western Ozarks.,0.98
REL_134081BF8255BBE0,DOC001,document_mentions_location,United States,DOC001,DOC001_CHUNK_0030,66-69,"Louis Zoo, The Nature Conservancy, and the U.S.",0.98
REL_E9FAA90102A530BF,DOC001,document_mentions_species,greater prairie-chicken,DOC001,DOC001_CHUNK_0030,66-69,"Animal species of greatest conservation need that can be found in these prairies or associated prairie streams include the northern crawfish frog (Lithobates areolatus circulo - sus), great plains skink (Eumeces obsoletus), southern prairie skink (Eumeces septentrionalis obtusirostris), blacknose shiner (Notropis heterolepis), Topeka shin- er (Notropis topeka) greater prairie-chicken (Tympa- nuchus cupido) , Henslow…",0.98
REL_F9C8D804E3A71289,DOC001,document_mentions_location,Florida,DOC001,DOC001_CHUNK_0031,69-71,"Species inhabiting savannas include white- tailed deer (Odocoileus virginianus ), coyote (Canis latrans), eastern cottontail rabbit ( Sylvilagus florida- nus), red-headed woodpecker ( Melanerpes erythro- cephalus), loggerhead shrike ( Lanius ludovicianus ), red-tailed hawk, (Buteo jamaicensis), and eastern bluebird (Sialia sialis ).",0.98
REL_E29F676BDBA4EFF9,DOC001,document_mentions_location,Illinois,DOC001,DOC001_CHUNK_0031,69-71,"Rare species include: snoutbean, sand hickory, Hall’s bulrush, jointweed, dusty hognosed snake, Illinois chorus frogs, eastern spadefoot toad, and northern harriers, as well as many native bees, sand cicadas, and other insects that we have just begun to learn about.",0.98
REL_806840D35E39E15D,DOC001,document_mentions_location,Iowa,DOC001,DOC001_CHUNK_0031,69-71,Page 51 GRASSLAND/PRAIRIE/SAVANNA CONSERVATION Savanna Ca s e st u d y: mi s s o u r i-io w a wo o dL a n d/sa v a n n a G e oG r aP Hy The Missouri-Iowa Woodland/Savanna Geography is a landscape of natural community management that includes portions of five Missouri counties and continues into Iowa.,0.98
REL_2660FE295F84DDB0,DOC001,document_mentions_location,Missouri,DOC001,DOC001_CHUNK_0031,69-71,"2,000 acres of sand prairies remain in southeast Missouri, all of which has been altered for agricultural purposes.",0.98
REL_7290FDAAC6B79777,DOC001,document_mentions_location,United States,DOC001,DOC001_CHUNK_0031,69-71,"Conservation partners include Cape Girardeau Conservation Campus Nature Center, Charleston Baptist Association, Eastern Illi- nois University, Missouri Botanical Garden, Missouri Department of Conservation, Missouri Department of Natural Resources, Missouri Prairie Foundation, Natural Resources Conservation Service, Quail Forever, Southeast Missouri State University, Southern Illinois Uni- versity at Edwardsville, a…",0.98
REL_94F7FECC05E699A6,DOC001,document_mentions_location,Iowa,DOC001,DOC001_CHUNK_0032,71-76,"Conservation partners include Iowa Department of Natural Resources, Missouri Bird Conservation Initiative, Missouri De- partment of Conservation, Missouri Prairie Foundation, Natural Resources Conservation Service, National Wild Turkey Federation, Quail Forever, Southern Iowa Oak Savanna Alliance, and the U.S.",0.98
REL_124CF364560B1AA6,DOC001,document_mentions_location,Missouri,DOC001,DOC001_CHUNK_0032,71-76,"Conservation partners include Iowa Department of Natural Resources, Missouri Bird Conservation Initiative, Missouri De- partment of Conservation, Missouri Prairie Foundation, Natural Resources Conservation Service, National Wild Turkey Federation, Quail Forever, Southern Iowa Oak Savanna Alliance, and the U.S.",0.98
REL_AD7E3361A5378948,DOC001,document_mentions_location,United States,DOC001,DOC001_CHUNK_0032,71-76,"Conservation partners include Iowa Department of Natural Resources, Missouri Bird Conservation Initiative, Missouri De- partment of Conservation, Missouri Prairie Foundation, Natural Resources Conservation Service, National Wild Turkey Federation, Quail Forever, Southern Iowa Oak Savanna Alliance, and the U.S.",0.98
REL_98A74525775628F8,DOC001,document_mentions_location,Missouri,DOC001,DOC001_CHUNK_0033,73-80,The Terrestrial Natural Communities of Missouri.,0.98
REL_5B39087ACD39B4AA,DOC001,document_mentions_location,Missouri,DOC001,DOC001_CHUNK_0034,78-82,WOODLAND CONSERVATION Page 59 forest/woodland landcover information FOREST AND WOODLAND CONSERVATION This map shows the extent of tree cover in Missouri.,0.98
REL_863AE04CAFCC2C20,DOC001,document_mentions_location,Louisiana,DOC001,DOC001_CHUNK_0035,82-84,marshallii) ✦ Hay-scented fern (Dennstaedtia punctilobula) ✦ Stiff gentian (Gentianella quinquefolia ssp. occidentalis) ✦Small-flowered alum root (Heuchera parviflora var. puberula) ✦ Fir clubmoss (Huperzia porophila) ✦ Pale green orchid (Platanthera flava var. flava) ✦ Tubercled orchid (Platanthera flava var. herbiola) ✦ Sullivantia (Sullivantia sullivantii) Mollusks Capital vertigo (Vertigo oscariana) Insects Lind…,0.98
REL_A32D8E4E615FECBB,DOC001,document_mentions_location,Missouri,DOC001,DOC001_CHUNK_0035,82-84,marshallii) ✦ Hay-scented fern (Dennstaedtia punctilobula) ✦ Stiff gentian (Gentianella quinquefolia ssp. occidentalis) ✦Small-flowered alum root (Heuchera parviflora var. puberula) ✦ Fir clubmoss (Huperzia porophila) ✦ Pale green orchid (Platanthera flava var. flava) ✦ Tubercled orchid (Platanthera flava var. herbiola) ✦ Sullivantia (Sullivantia sullivantii) Mollusks Capital vertigo (Vertigo oscariana) Insects Lind…,0.98
REL_4A1167CE804D8BB2,DOC001,document_mentions_location,Missouri,DOC001,DOC001_CHUNK_0036,84-86,"While ash is a rel- atively small component of Missouri’s forested eco- systems, EAB poses a significant threat to our urban landscapes where ash trees can be found in greater numbers.",0.98
REL_C90C3AC55A556B84,DOC001,document_mentions_location,United States,DOC001,DOC001_CHUNK_0036,84-86,"In the twenty-five years since its inception, MOFEP has grown from a cooperative research effort between the Missouri Department of Conservation and the University of Missouri, to a platform that includes and supports studies conducted by multiple universi - ties and the U.S.",0.98
REL_F79D19C1B1DE5578,DOC001,document_mentions_species,white-tailed deer,DOC001,DOC001_CHUNK_0036,84-86,"Invasive and Large Animal Impacts Feral hogs, domestic livestock, and even white-tailed deer can impact tree and forest health.",0.98
REL_BB9E4DA761D9F375,DOC001,document_mentions_location,Missouri,DOC001,DOC001_CHUNK_0037,86-87,"Missouri, to a platform that includes and supports studies conducted by multiple universi - ties and the U.S.",0.98
REL_380240AF9A159C10,DOC001,document_mentions_location,United States,DOC001,DOC001_CHUNK_0037,86-87,"Missouri, to a platform that includes and supports studies conducted by multiple universi - ties and the U.S.",0.98
REL_4872038A4ABD8770,DOC001,document_mentions_location,Missouri,DOC001,DOC001_CHUNK_0038,87-90,Missouri River Hills is another priority geography that holds the largest contiguous tract of forests and woodlands in Missouri north of the Mis - souri River.,0.98
REL_1587D48BA09D3711,DOC001,document_mentions_location,United States,DOC001,DOC001_CHUNK_0038,87-90,Another example of cooperative conservation is the Current River Watershed Freshwater and Sustain- able Forestry Program that The Nature Conservancy (TNC) is spearheading through funding they received from a the U.S.,0.98
REL_C3EB5F0F05CD1161,DOC001,document_mentions_location,Florida,DOC001,DOC001_CHUNK_0039,89-93,"Flowering dogwood ( Cornus florida), red maple (Acer rubrum), serviceberry (Amelanchi - er arborea), black cohosh (Cimicufuga racemose), Christmas fern (Polystichum acrostichodies ), and blue phlox (Phlox divaracata) are among the species that can commonly be found here.",0.98
REL_0640CD451646ADBE,DOC001,document_mentions_location,Missouri,DOC001,DOC001_CHUNK_0039,89-93,"the Missouri Department of Conservation, National Wild Turkey Federation, and the U.S.",0.98
REL_B04B54DB88F336AF,DOC001,document_mentions_location,United States,DOC001,DOC001_CHUNK_0039,89-93,"the Missouri Department of Conservation, National Wild Turkey Federation, and the U.S.",0.98
REL_AC4104AB750A544B,DOC001,document_mentions_location,Missouri,DOC001,DOC001_CHUNK_0040,93-95,"FOREST AND WOODLAND CONSERVATION Ozark Hardwood Forest Ca s e st u d y: me r a m eC ri v e r H i L Ls P r i o r i t y F o r e s t L a n d sC a P e Lo C a t i o n: sH o aL C r e e k wo o dL a n d s C oa The Meramec River Hills Priority Forest Landscape is located in east-central Missouri, 50 miles southwest of St.",0.98
REL_0FE7F8B0DAC6164D,DOC001,document_mentions_location,United States,DOC001,DOC001_CHUNK_0040,93-95,"Conservation partners include the Missouri Department of Conservation, Missouri Department of Natural Resources, Nation - al Wild Turkey Federation, Ozark Regional Land Trust, The Nature Conservancy, the U.S.",0.98
REL_C678F0CBA49BB4F3,DOC001,document_mentions_location,Missouri,DOC001,DOC001_CHUNK_0041,95-98,"Conservation partners include GrowNative!, Missouri Depart - ment of Conservation, Missouri Department of Natural Resources, Ozark Regional Land Trust, Missouri Botanical Garden, and many others.",0.98
REL_60903A45E3FF8B1A,DOC001,document_mentions_location,United States,DOC001,DOC001_CHUNK_0041,95-98,"Conservation partners within Spring Creek Watershed Priority Geography include the Farm Service Agency, Missouri Conservation Heritage Foundation, Missouri Department of Conservation, Mis- souri Department of Natural Resources, Missouri Prairie Founda - tion, National Wild Turkey Federation, Natural Resources Conser - vation Service, Quail Forever, Soil and Water Conservation District (Adair, Putnam, and Sullivan co…",0.98
REL_DF31117DD89C043D,DOC001,document_mentions_location,Missouri,DOC001,DOC001_CHUNK_0042,97-100,"Pine woodlands were once a major natural com- munity in the Missouri Ozarks, but extensive logging during the late 1800s and early 1900s devastated those vast communities.",0.98
REL_FCB038A0618022F4,DOC001,document_mentions_location,Missouri,DOC001,DOC001_CHUNK_0043,100-103,These woodlands are also associated with the cherty limestone/dolomite soils that occur throughout most of Missouri.,0.98
REL_33699F952A5A6152,DOC001,document_mentions_location,United States,DOC001,DOC001_CHUNK_0043,100-103,"Conservation partners include the Fishers and Farmers Partner- ship, Missouri Department of Conservation, Missouri Department of Natural Resources, The National Fish and Wildlife Foundation, The Nature Conservancy, Ozark Regional Land Trust, Public Broad - casting System, Shoal Creek Woodlands for Wildlife Partnership, Soil and Water Conservation Districts, University of Missouri Extension, and U.S.",0.98
REL_58FF58310A5415F3,DOC001,document_mentions_location,Missouri,DOC001,DOC001_CHUNK_0044,103-108,"In general, within Missouri, dolomite glades can be found across most of the Ozark Highlands; lime - stone glades along the west and north borders of the Ozark Highlands; sandstone glades scattered across the northern half of the Ozark Highlands, with more dense communities on the west and north Ozark bor - der; igneous glades are limited to southeast Missouri; and only an estimated 60 acres of chert glades remain i…",0.98
REL_240AE815C8C9D102,DOC001,document_mentions_location,Missouri,DOC001,DOC001_CHUNK_0045,107-110,"Overgrazing, Woody Species And Fragmentation Historic and continued overgrazing of glades with- in Missouri has led to substantial erosion of delicate glade soils and lowered species diversity.",0.98
REL_8DC905CF02F84127,DOC001,document_mentions_location,United States,DOC001,DOC001_CHUNK_0045,107-110,"This par - ticular project involves a collaborative effort among the Department, the Missouri Department of Natural Resources, U.S.",0.98
REL_EB9AF474AB2AE4AF,DOC001,document_mentions_location,Missouri,DOC001,DOC001_CHUNK_0046,109-112,"This par - ticular project involves a collaborative effort among the Department, the Missouri Department of Natural Resources, U.S.",0.98
REL_BC2FB253EEE5BC28,DOC001,document_mentions_location,United States,DOC001,DOC001_CHUNK_0046,109-112,"This par - ticular project involves a collaborative effort among the Department, the Missouri Department of Natural Resources, U.S.",0.98
REL_54FB5FB526ECBF2F,DOC001,document_mentions_location,Missouri,DOC001,DOC001_CHUNK_0047,112-115,"lomite glades have further unique and characteristic flora, such as Missouri coneflower (Rudbeckia mis- souriensis) and calamint (Calamintha arkansana).",0.98
REL_EFDF467A7667DB47,DOC001,document_mentions_location,Missouri,DOC001,DOC001_CHUNK_0048,115-118,"The ongoing glade and woodland management on Danville Conservation Area is used to showcase restoration and manage- ment of these communities to partners, including neighboring pri- vate landowners within the Missouri River Hills Priority Geography.",0.98
REL_5221D44298B31AB3,DOC001,document_mentions_location,United States,DOC001,DOC001_CHUNK_0048,115-118,"Conservation partners within Missouri River Hills Priority Geog- raphy include the Missouri Bird Conservation Initiative, Missouri Con - servation Heritage Foundation, Missouri Department of Conservation, Natural Resources Conservation Service, National Wild Turkey Feder - ation, Quail Forever, Quail and Upland Wildlife Federation— Ruffed Grouse Chapter, and the U.S.",0.98
REL_304AE09158DE566D,DOC001,document_mentions_location,Arkansas,DOC001,DOC001_CHUNK_0049,117-121,"Caves in the Springfield Plateau, which runs from central Missouri into north- ern Arkansas, are relatively young and contain spe- cies like the bristly cave crayfish (Cambarus setosus) and endangered Ozark cavefish (Amblyopsis rosae).",0.98
REL_10F832EFF07E6F13,DOC001,document_mentions_location,Missouri,DOC001,DOC001_CHUNK_0049,117-121,"One plant species of greatest conservation need that can inhabit these glades is Mead’s milkweed ( Asclepias meadii), a Missouri state-endangered species and also a federally threatened species.",0.98
REL_AC9F39118B2A5A16,DOC001,document_mentions_location,Arkansas,DOC001,DOC001_CHUNK_0050,121-126,"Caves in the Springfield Plateau, which runs from central Missouri into north- ern Arkansas, are relatively young and contain spe- cies like the bristly cave crayfish (Cambarus setosus) and endangered Ozark cavefish (Amblyopsis rosae).",0.98
REL_C26B1D36AB25B144,DOC001,document_mentions_location,Missouri,DOC001,DOC001_CHUNK_0050,121-126,"The Salem Plateau is located in south-central Missouri, and is the largest continuous karst region in the state.",0.98
REL_33E304B42B036A85,DOC001,document_mentions_location,Missouri,DOC001,DOC001_CHUNK_0051,126-128,Cave Crayfish Plants Straw sedge (Carex straminea) ✦ Log fern (Dryopteris celsa) ✦ Crested shield fern (Dryopteris cristata) ✦ Goldie fern (Dryopteris goldiana) ✦ Hedge hyssop (Gratiola viscidula) ✦ Whorled water pennywort (Hydrocotyle verticillata) ✦ Virginia sneezeweed (Helenium virginicum) ✦ Forked duckweed (Lemna trisulca) ✦ Horned rush (Rhynchospora macrostachya var. macrostachya) ✦ Canby’s bulrush (Schoenoplec…,0.98
REL_5A234A0BA2C5FF65,DOC001,document_mentions_location,Missouri,DOC001,DOC001_CHUNK_0052,128-130,"human disturbance both to cave species and cave features, the Department partnered with the Missouri Department of Natural Resources, the Missouri Speleological Survey, the Missouri Caves Association, and others to support the Cave Resources Act, which was passed by the Mis-souri Legislature in 1980.",0.98
REL_1DDE745444A8DCA2,DOC001,document_mentions_location,Missouri,DOC001,DOC001_CHUNK_0053,129-133,"to evaluate the effectiveness of many current and planned projects, which will benefit grotto scul- pin (Cottus specus) and spring cavefish (Forbesich- thys agassizii) in southeast Missouri, and Ozark cave- fish (Amblyopsis rosae) in southwest Missouri.",0.98
REL_FFDC8011D25A628E,DOC001,document_mentions_location,United States,DOC001,DOC001_CHUNK_0053,129-133,Missouri Department of Conservation was the lead with support from a U.S.,0.98
REL_38DD324C6CA830DA,DOC001,document_mentions_location,Missouri,DOC001,DOC001_CHUNK_0054,133-138,"Conservation partners include the Missouri Department of Conservation, Missouri Speleological Society, Ozark Regional Land Trust, The Nature Conservancy, the U.S.",0.98
REL_3A5150760350FF7F,DOC001,document_mentions_location,United States,DOC001,DOC001_CHUNK_0054,133-138,"Conservation partners include the Missouri Department of Conservation, Missouri Speleological Society, Ozark Regional Land Trust, The Nature Conservancy, the U.S.",0.98
REL_67BEEEE1C4649EF7,DOC001,document_mentions_species,wood duck,DOC001,DOC001_CHUNK_0054,133-138,"Species like deer, turkey, and wood ducks will often be found at the ponds.",0.98
REL_C3BA3C8D2DA8A820,DOC001,document_mentions_location,Missouri,DOC001,DOC001_CHUNK_0055,137-140,A Bat Management Plan for the Missouri Department of Conservation.,0.98
REL_3FD466DD778A4D20,DOC001,document_mentions_location,United States,DOC001,DOC001_CHUNK_0055,137-140,"Conservation Partners include the Farm Service Agency, Mis- souri Department of Conservation, Natural Resources Conservation Service, and the U.S.",0.98
REL_2D035FC8FB891D3E,DOC001,document_mentions_location,Missouri,DOC001,DOC001_CHUNK_0056,140-145,Wetland conservation partners have made great strides in restoring some of the 87% of Missouri’s lost wetlands and improving the functioning of those that remain.,0.98
REL_B5155ED15729C2DA,DOC001,document_mentions_location,Missouri,DOC001,DOC001_CHUNK_0057,145-148,"Beyond outright de - struction and conversion to a different land use, alter- ations of Missouri’s landscape have led to extensive loss and degradation of Missouri wetlands.",0.98
REL_895AFF8DCE60D442,DOC001,document_mentions_location,Illinois,DOC001,DOC001_CHUNK_0058,148-151,"This includes a number of species of greatest conservation need, such as the Illinois chorus frog ( Pseudacris il- linoensis), wood frog ( Lithobates sylvaticus ), and ringed salamander (Ambystoma annulatum).",0.98
REL_B8DC266A8D43289F,DOC001,document_mentions_location,Missouri,DOC001,DOC001_CHUNK_0058,148-151,"In Missouri, currently, the most problemat- ic invasive species for wetlands include reed canary grass (Phalaris arundinacea) and Japanese stilt grass (Microstegium vimineum).",0.98
REL_446F2AB301F64EE9,DOC001,document_mentions_location,North America,DOC001,DOC001_CHUNK_0058,148-151,"To date, partnerships have secured $117 million through the North American Wetlands Conservation Act to re - store and improve over 97,000 acres of wetland hab - itat nationwide, while private and public landowners have restored over 150,000 wetland acres through the United States Department of Agriculture’s Wetlands Reserve Easement (WRE) program.",0.98
REL_F317691DB5EF6195,DOC001,document_mentions_location,United States,DOC001,DOC001_CHUNK_0058,148-151,"To date, partnerships have secured $117 million through the North American Wetlands Conservation Act to re - store and improve over 97,000 acres of wetland hab - itat nationwide, while private and public landowners have restored over 150,000 wetland acres through the United States Department of Agriculture’s Wetlands Reserve Easement (WRE) program.",0.98
REL_F0368064D5B972D0,DOC001,document_mentions_location,Illinois,DOC001,DOC001_CHUNK_0059,150-154,"This includes a number of species of greatest conservation need, such as the Illinois chorus frog ( Pseudacris il- linoensis), wood frog ( Lithobates sylvaticus ), and ringed salamander (Ambystoma annulatum).",0.98
REL_80FD266D87AD1E42,DOC001,document_mentions_location,Missouri,DOC001,DOC001_CHUNK_0059,150-154,"In east-central Missouri, Depart - ment staff are working to manage and monitor many temporary wetlands in associated prairie and woodland habitats.",0.98
REL_1B3F9BB5374C7451,DOC001,document_mentions_location,United States,DOC001,DOC001_CHUNK_0059,150-154,"Conservation partners include Ducks Unlimited, Missouri De- partment of Conservation, U.S.",0.98
REL_53724DFCC3DCEDED,DOC001,document_mentions_species,mallard,DOC001,DOC001_CHUNK_0059,150-154,"These improvements have resulted in wetland systems that provide habitat to species such as migrating soras, yellow rails, mallards, as well as digger crayfish and small-mouthed salamanders.",0.98
REL_969CA203EA8C1383,mallard,species_uses_habitat,wetland,DOC001,DOC001_CHUNK_0059,150-154,"These improvements have resulted in wetland systems that provide habitat to species such as migrating soras, yellow rails, mallards, as well as digger crayfish and small-mouthed salamanders.",0.84
REL_7A82FFC34587F3CF,DOC001,document_mentions_location,Missouri,DOC001,DOC001_CHUNK_0060,153-157,"Missouri De- partment of Conservation, U.S.",0.98
REL_7F19D02B8FCF0D68,DOC001,document_mentions_location,United States,DOC001,DOC001_CHUNK_0060,153-157,"Missouri De- partment of Conservation, U.S.",0.98
REL_26A411A9308E5C0C,DOC001,document_mentions_location,Illinois,DOC001,DOC001_CHUNK_0061,157-161,"Conservation partners for Hine’s emerald dragonfly manage- ment, associated with fens, include Doe Run Company, Illinois State Museum, Mark Twain National Forest, Missouri Botanical Garden, Missouri Department of Conservation, Missouri Department of Nat- ural Resources, Natural Resources Conservation Service, The Nature Conservancy, the U.S.",0.98
REL_321E952D07F0F493,DOC001,document_mentions_location,Missouri,DOC001,DOC001_CHUNK_0061,157-161,Conservation partners include the Missouri Department of Conservation and the U.S.,0.98
REL_F0254A91A0535331,DOC001,document_mentions_location,North America,DOC001,DOC001_CHUNK_0061,157-161,"Grasshopper Hollow con - tains the largest known fen complex in unglaciated North America, and management work here directly benefits the federal and state endangered Hine’s emerald dragonfly.",0.98
REL_131BC09D18C6D975,DOC001,document_mentions_location,United States,DOC001,DOC001_CHUNK_0061,157-161,Conservation partners include the Missouri Department of Conservation and the U.S.,0.98
REL_75AC794C6EFD6E34,DOC001,document_mentions_species,wood duck,DOC001,DOC001_CHUNK_0061,157-161,"WETLAND CONSERVATION Wood Duck Page 138 Fen F ens are hydrologically and biologically unique wetlands found in the Ozark Highlands and Central Till Plains ecoregions, created by constant, mineralized groundwater.",0.98
REL_DC95677EBAE79EB5,DOC001,document_mentions_location,Arkansas,DOC001,DOC001_CHUNK_0062,161-167,Francis River Crayfish Plants Weak rush (Juncus debilis) Mollusks Elktoe (Alasmidonta marginata) ✦ Slippershell mussel (Alasmidonta viridis) ✦ Flat floater (Anodonta suborbiculata) ✦ Cylindrical papershell (Anodontoides ferussacianus) ✦ Ponderous campeloma (Campeloma crassulum) ✦ Spectaclecase (Cumberlandia monodonta) ✦ Western fanshell (Cyprogenia aberti) ✦ Elephantear (Elliptio crassidens) ✦ Curtis pearlymussel (E…,0.98
REL_20A86814D09641E9,DOC001,document_mentions_location,Missouri,DOC001,DOC001_CHUNK_0062,161-167,Two of Ameri- ca’s greatest rivers have their confluence in Missouri.,0.98
REL_D09D93FDD2CCA04D,DOC001,document_mentions_location,Arkansas,DOC001,DOC001_CHUNK_0063,167-170,Francis River crayfish (Orconectes quadruncus) Insects Midland clubtail (Gomphus fraternus) ✦ Skillet clubtail (Gomphus ventricosus) ✦ Austin springfly (Hydroperla fugitans) ✦ Larger pygmy mole grasshopper (Neotridactylus apicialis) ✦ Contorted ochrotrichian micro caddisfly (Ochrotrichia contorta) ✦ Frison’s seratellan mayfly (Serratella frisoni) ✦ Treetop emerald (Somatochlora provocans) ✦ A Heptageniid mayfly (Ste…,0.98
REL_998A2643F17A1B00,DOC001,document_mentions_species,bald eagle,DOC001,DOC001_CHUNK_0063,167-170,Francis River crayfish (Orconectes quadruncus) Insects Midland clubtail (Gomphus fraternus) ✦ Skillet clubtail (Gomphus ventricosus) ✦ Austin springfly (Hydroperla fugitans) ✦ Larger pygmy mole grasshopper (Neotridactylus apicialis) ✦ Contorted ochrotrichian micro caddisfly (Ochrotrichia contorta) ✦ Frison’s seratellan mayfly (Serratella frisoni) ✦ Treetop emerald (Somatochlora provocans) ✦ A Heptageniid mayfly (Ste…,0.98
REL_A47E17A9AAEEF2C0,DOC001,document_mentions_species,lake sturgeon,DOC001,DOC001_CHUNK_0063,167-170,Francis River crayfish (Orconectes quadruncus) Insects Midland clubtail (Gomphus fraternus) ✦ Skillet clubtail (Gomphus ventricosus) ✦ Austin springfly (Hydroperla fugitans) ✦ Larger pygmy mole grasshopper (Neotridactylus apicialis) ✦ Contorted ochrotrichian micro caddisfly (Ochrotrichia contorta) ✦ Frison’s seratellan mayfly (Serratella frisoni) ✦ Treetop emerald (Somatochlora provocans) ✦ A Heptageniid mayfly (Ste…,0.98
REL_5B6916B3CA17B119,DOC001,document_mentions_species,pallid sturgeon,DOC001,DOC001_CHUNK_0063,167-170,Francis River crayfish (Orconectes quadruncus) Insects Midland clubtail (Gomphus fraternus) ✦ Skillet clubtail (Gomphus ventricosus) ✦ Austin springfly (Hydroperla fugitans) ✦ Larger pygmy mole grasshopper (Neotridactylus apicialis) ✦ Contorted ochrotrichian micro caddisfly (Ochrotrichia contorta) ✦ Frison’s seratellan mayfly (Serratella frisoni) ✦ Treetop emerald (Somatochlora provocans) ✦ A Heptageniid mayfly (Ste…,0.98
REL_093F1AB582815470,DOC001,document_mentions_location,Missouri,DOC001,DOC001_CHUNK_0064,170-172,"Some of the most well-known aquatic invasive species in Missouri include zebra mussels (Dreissena polymor - pha), quagga mussels ( Dreissena bugensis), Asian carp (i.e., bighead (Hypophthalmichthys nobilis)) and silver carp (Hypophthalmichthys molitrix ), hydrilla (Hydrilla verticillata ), and didymo ( Didymosphenia geminata), also known as rock snot.",0.98
REL_3D38C277A51B8D08,DOC001,document_mentions_location,United States,DOC001,DOC001_CHUNK_0064,170-172,"Terrestrial invasives are no different, and combined, in the United States alone, these inva- sive species amount to hundreds of billions of dollars per year to manage.",0.98
REL_C3362BDCC9A17802,DOC001,document_mentions_species,invasive carp,DOC001,DOC001_CHUNK_0064,170-172,"Some of the most well-known aquatic invasive species in Missouri include zebra mussels (Dreissena polymor - pha), quagga mussels ( Dreissena bugensis), Asian carp (i.e., bighead (Hypophthalmichthys nobilis)) and silver carp (Hypophthalmichthys molitrix ), hydrilla (Hydrilla verticillata ), and didymo ( Didymosphenia geminata), also known as rock snot.",0.98
REL_55D79565F6A02C5E,DOC001,document_mentions_species,quagga mussel,DOC001,DOC001_CHUNK_0064,170-172,"Some of the most well-known aquatic invasive species in Missouri include zebra mussels (Dreissena polymor - pha), quagga mussels ( Dreissena bugensis), Asian carp (i.e., bighead (Hypophthalmichthys nobilis)) and silver carp (Hypophthalmichthys molitrix ), hydrilla (Hydrilla verticillata ), and didymo ( Didymosphenia geminata), also known as rock snot.",0.98
REL_3112C1ABEE9A2F94,DOC001,document_mentions_species,silver carp,DOC001,DOC001_CHUNK_0064,170-172,"Some of the most well-known aquatic invasive species in Missouri include zebra mussels (Dreissena polymor - pha), quagga mussels ( Dreissena bugensis), Asian carp (i.e., bighead (Hypophthalmichthys nobilis)) and silver carp (Hypophthalmichthys molitrix ), hydrilla (Hydrilla verticillata ), and didymo ( Didymosphenia geminata), also known as rock snot.",0.98
REL_7A7110730C58CB2D,DOC001,document_mentions_species,zebra mussel,DOC001,DOC001_CHUNK_0064,170-172,"Some of the most well-known aquatic invasive species in Missouri include zebra mussels (Dreissena polymor - pha), quagga mussels ( Dreissena bugensis), Asian carp (i.e., bighead (Hypophthalmichthys nobilis)) and silver carp (Hypophthalmichthys molitrix ), hydrilla (Hydrilla verticillata ), and didymo ( Didymosphenia geminata), also known as rock snot.",0.98
REL_5A3FC2E4DFE5A87D,DOC001,document_mentions_location,Missouri,DOC001,DOC001_CHUNK_0065,171-173,"Due to the highly connected network of Missouri’s rivers, streams, and reservoirs, and the degree of difficulty to make observations of distribution within a body of water, once an aquatic invasive species is introduced, it is extremely difficult to manage, let alone eradicate, from the affected waters.",0.98
REL_4B497EE861761A4B,DOC001,document_mentions_species,zebra mussel,DOC001,DOC001_CHUNK_0065,171-173,"Exotic Zebra Mussels attached to native mussel RIVER AND STREAM CONSERVATION Page 152 Habitat Management Actions W hen considering river and stream man - agement actions, it is critical that a wa- tershed-based approach is taken (See Conservation Opportunity Area Watersheds page 144).",0.98
REL_9A99BC25413900DD,DOC001,document_mentions_location,Missouri,DOC001,DOC001_CHUNK_0066,173-176,RIVER AND STREAM CONSERVATION Page 154 Grassland/Prairie Spring Creek Watershed Priority Geography is the best example in northern Missouri where savanna-woodland habitats sustain a healthy prairie stream system.,0.98
REL_714C6D65833036A3,DOC001,document_mentions_location,United States,DOC001,DOC001_CHUNK_0066,173-176,"Conservation partners include County Commissions, Missouri Conservation Heritage Foundation, Missouri Department of Conser- vation, Missouri Department of Transportation, Federal Emergency Management Agency, State Emergency Management Agency, and the U.S.",0.98
REL_1F583EF6FCF942AD,DOC001,document_mentions_location,Illinois,DOC001,DOC001_CHUNK_0067,176-179,"Various species of conservation concern are accounted for in this landscape, including the mole salaman - der, three-toed amphiuma, eastern spadefoot, Illinois chorus frog, Mississippi kite, Swainson’s warbler, black-necked stilt, loggerhead shrike, interior least tern, alligator gar, banded pygmy sunfish, ban- tam sunfish, cypress minnow, ironcolor shiner, harlequin darter, pugnose minnow, taillight shiner, swamp d…",0.98
REL_F2CE3A008827E6C6,DOC001,document_mentions_location,Missouri,DOC001,DOC001_CHUNK_0067,176-179,"Conservation partners include County Commissions, Missouri Conservation Heritage Foundation, Missouri Department of Conser- vation, Missouri Department of Transportation, Federal Emergency Management Agency, State Emergency Management Agency, and the U.S.",0.98
REL_67F5BF2B31805E60,DOC001,document_mentions_location,United States,DOC001,DOC001_CHUNK_0067,176-179,"Conservation partners include County Commissions, Missouri Conservation Heritage Foundation, Missouri Department of Conser- vation, Missouri Department of Transportation, Federal Emergency Management Agency, State Emergency Management Agency, and the U.S.",0.98
REL_35232FC185EFC7A7,DOC001,document_mentions_location,Illinois,DOC001,DOC001_CHUNK_0068,179-183,"All pallid sturgeon used in the spawning efforts were genetically verified by Southern Illinois University and the FWS to make sure they are not related to previ- ous hatchery fish, and not related to each other, prior to the spawn.",0.98
REL_9B89FB2CAAC0E8B2,DOC001,document_mentions_location,Missouri,DOC001,DOC001_CHUNK_0068,179-183,RIVER AND STREAM CONSERVATION Page 160 Big River The pallid sturgeon was listed as federally endangered in 1990 due to habitat loss and fragmentation along the Missouri and Mississip- pi River basins.,0.98
REL_EA75D44AAE840787,DOC001,document_mentions_location,United States,DOC001,DOC001_CHUNK_0068,179-183,This is all part of an effort by the U.S.,0.98
REL_B817CD4C043BAC65,DOC001,document_mentions_species,pallid sturgeon,DOC001,DOC001_CHUNK_0068,179-183,RIVER AND STREAM CONSERVATION Page 160 Big River The pallid sturgeon was listed as federally endangered in 1990 due to habitat loss and fragmentation along the Missouri and Mississip- pi River basins.,0.98
REL_54F313EAE3A17C93,fragmentation,threat_affects_species,pallid sturgeon,DOC001,DOC001_CHUNK_0068,179-183,RIVER AND STREAM CONSERVATION Page 160 Big River The pallid sturgeon was listed as federally endangered in 1990 due to habitat loss and fragmentation along the Missouri and Mississip- pi River basins.,0.82
REL_24008823F45B32C6,habitat loss,threat_affects_species,pallid sturgeon,DOC001,DOC001_CHUNK_0068,179-183,RIVER AND STREAM CONSERVATION Page 160 Big River The pallid sturgeon was listed as federally endangered in 1990 due to habitat loss and fragmentation along the Missouri and Mississip- pi River basins.,0.82
REL_A8A404FE57BBAC76,DOC001,document_mentions_location,Missouri,DOC001,DOC001_CHUNK_0069,181-187,of Missouri.,0.98
REL_054C1F93D3BFCF24,DOC001,document_mentions_location,Missouri,DOC001,DOC001_CHUNK_0070,186-190,Forest (Bluff) - Plant Paronychia virginica Broom whitlow-wort - S1 - Forest (Bluff) Glade Plant Philadelphus pubescens var. verrucosus Hoary mock orange - S1 - Forest (Bluff) - Plant Primula fassettii Amethyst shooting star - S2 - Forest (Bluff) - Plant Primula frenchii French’s shooting star - S1 - Forest (Bluff) - Plant Sambucus pubens Red-berried elder - S1 - Forest (Bluff) - Page 5 Taxa Scientific Name Common N…,0.98
REL_728EC6E2E4109EA0,DOC001,document_mentions_location,Kansas,DOC001,DOC001_CHUNK_0071,190-194,Savanna Plant Yucca arkansana Soft soapweed - S2 - Glade - Plant Zigadenus nuttallii Death camas - S1 - Glade - Plant Agalinis aspera Rough false foxglove - - X Grassland/Prairie Glade Plant Agalinis auriculata Eared False foxglove - S3 X Grassland/Prairie - Plant Agalinis heterophylla Prairie false foxglove - S1 - Grassland/Prairie Savanna Plant Agalinis viridis Green false foxglove - S1 - Grassland/Prairie - Plant…,0.98
REL_E0BCBC6E61BC3FA1,DOC001,document_mentions_location,Arkansas,DOC001,DOC001_CHUNK_0073,197-202,forest) Plant Hottonia inflata Water violet - S2 X Wetland (Swamp) Cave/Karst (Sinkhole) Plant Limnobium spongia ssp. spongia American frogbit - S2 - Wetland (Swamp) - Page 16 Taxa Scientific Name Common Name Federal Status* State RankW Charac- teristic Species Primary Habitat Secondary Habitat Plant Lysimachia thyrsiflora Tufted loosestrife - S1 - Wetland (Swamp) Grassland/Prairie (Wet prairie) Plant Nyssa aquatica…,0.98
REL_ACB975EBA5343CE2,DOC001,document_mentions_location,Missouri,DOC001,DOC001_CHUNK_0073,197-202,forest) Plant Hottonia inflata Water violet - S2 X Wetland (Swamp) Cave/Karst (Sinkhole) Plant Limnobium spongia ssp. spongia American frogbit - S2 - Wetland (Swamp) - Page 16 Taxa Scientific Name Common Name Federal Status* State RankW Charac- teristic Species Primary Habitat Secondary Habitat Plant Lysimachia thyrsiflora Tufted loosestrife - S1 - Wetland (Swamp) Grassland/Prairie (Wet prairie) Plant Nyssa aquatica…,0.98
REL_783A5A7B6A0432D7,DOC001,document_mentions_location,Missouri,DOC001,DOC001_CHUNK_0074,201-206,"Francis River crayfish - S2 - Rivers/Streams - Crustaceans Orconectes williamsi Williams’ crayfish - S2 - Rivers/Streams Wetland Crustaceans Cambarus ludovicianus Painted devil crayfish - SU - Wetland - Crustaceans Fallicambarus fodiens Digger crayfish - S2,S3 - Wetland Rivers/Streams Crustaceans Orconectes lancifer Shrimp crayfish - S1,S2 - Wetland (Pond) Rivers/Streams Crustaceans Triops longicaudatus Longtail tad…",0.98
REL_C1E1CEBAF963873E,DOC001,document_mentions_species,monarch butterfly,DOC001,DOC001_CHUNK_0074,201-206,"Francis River crayfish - S2 - Rivers/Streams - Crustaceans Orconectes williamsi Williams’ crayfish - S2 - Rivers/Streams Wetland Crustaceans Cambarus ludovicianus Painted devil crayfish - SU - Wetland - Crustaceans Fallicambarus fodiens Digger crayfish - S2,S3 - Wetland Rivers/Streams Crustaceans Orconectes lancifer Shrimp crayfish - S1,S2 - Wetland (Pond) Rivers/Streams Crustaceans Triops longicaudatus Longtail tad…",0.98
REL_B4EED127F26A6462,DOC001,document_mentions_location,Arkansas,DOC001,DOC001_CHUNK_0075,205-209,"Insects Melissodes intorta A Callirhoe bee - S1 - Grassland/Prairie - Insects Nicrophorus americanus American burying beetle E, SE Reintro- duced pop - Grassland/Prairie Savanna Insects Phyllobrotica lengi A leaf beetle - SU - Grassland/Prairie - Insects Phyllobrotica nigritarsis A leaf beetle - SU - Grassland/Prairie - Insects Psinidia fenestralis Sand grasshopper - S2,S3 - Grassland/Prairie - Insects Speyeria idal…",0.98
REL_76EB9BEA3143C040,DOC001,document_mentions_species,lake sturgeon,DOC001,DOC001_CHUNK_0076,209-213,- Rivers/Streams - Fish Luxilus cardinalis Cardinal shiner - - X Rivers/Streams - Fish Luxilus pilsbryi Duskystripe shiner - - X Rivers/Streams - Fish Luxilus zonatus Bleeding shiner - - X Rivers/Streams - Fish Moxostoma anisurum Silver redhorse - - X Rivers/Streams - Fish Moxostoma carinatum River redhorse - - X Rivers/Streams - Fish Notropis greenei Wedgespot shiner - - X Rivers/Streams - Fish Notropis ozarcanus O…,0.98
REL_C6167B8841237E22,DOC001,document_mentions_species,pallid sturgeon,DOC001,DOC001_CHUNK_0076,209-213,- Rivers/Streams - Fish Luxilus cardinalis Cardinal shiner - - X Rivers/Streams - Fish Luxilus pilsbryi Duskystripe shiner - - X Rivers/Streams - Fish Luxilus zonatus Bleeding shiner - - X Rivers/Streams - Fish Moxostoma anisurum Silver redhorse - - X Rivers/Streams - Fish Moxostoma carinatum River redhorse - - X Rivers/Streams - Fish Notropis greenei Wedgespot shiner - - X Rivers/Streams - Fish Notropis ozarcanus O…,0.98
REL_B4A048C7548B950E,DOC001,document_mentions_location,Illinois,DOC001,DOC001_CHUNK_0077,212-217,Rivers/Streams (Mississippi Lowland) Wetland (Pond) Page 31 Taxa Scientific Name Common Name Federal Status* State RankW Charac- teristic Species Primary Habitat Secondary Habitat Fish Lepomis marginatus Dollar sunfish - S2 - Rivers/Streams (Mississippi Lowland) - Fish Lepomis symmetricus Bantam sunfish - S2 - Rivers/Streams (Mississippi Lowland) - Fish Lythrurus fumeus Ribbon shiner - - X Rivers/Streams (Mississipp…,0.98
REL_6B6B8A2D94867222,DOC001,document_mentions_location,Louisiana,DOC001,DOC001_CHUNK_0078,216-221,plains skink - S2 X Grassland/Prairie - Reptiles Plestiodon septentrionalis obtusirostris Southern prairie skink - S3 X Grassland/Prairie - Reptiles Plestiodon septentrionalis septentrionalis Northern prairie skink - S3 X Grassland/Prairie - Reptiles Terrapene ornata ornata Ornate box turtle - - X Grassland/Prairie Savanna Reptiles Thamnophis radix Plains gartersnake - - X Grassland/Prairie Wetland Page 35 Taxa Scie…,0.98
REL_AEF877C3DE73B327,DOC001,document_mentions_species,bald eagle,DOC001,DOC001_CHUNK_0078,216-221,plains skink - S2 X Grassland/Prairie - Reptiles Plestiodon septentrionalis obtusirostris Southern prairie skink - S3 X Grassland/Prairie - Reptiles Plestiodon septentrionalis septentrionalis Northern prairie skink - S3 X Grassland/Prairie - Reptiles Terrapene ornata ornata Ornate box turtle - - X Grassland/Prairie Savanna Reptiles Thamnophis radix Plains gartersnake - - X Grassland/Prairie Wetland Page 35 Taxa Scie…,0.98
REL_7E4D80FB77111F29,DOC001,document_mentions_species,greater prairie-chicken,DOC001,DOC001_CHUNK_0078,216-221,plains skink - S2 X Grassland/Prairie - Reptiles Plestiodon septentrionalis obtusirostris Southern prairie skink - S3 X Grassland/Prairie - Reptiles Plestiodon septentrionalis septentrionalis Northern prairie skink - S3 X Grassland/Prairie - Reptiles Terrapene ornata ornata Ornate box turtle - - X Grassland/Prairie Savanna Reptiles Thamnophis radix Plains gartersnake - - X Grassland/Prairie Wetland Page 35 Taxa Scie…,0.98
REL_2B3A8D95865A22EF,DOC001,document_mentions_location,Kansas,DOC001,DOC001_CHUNK_0079,220-226,Army Corps of Engineers - Kansas City District Forest & Woodland Association of Missouri U.S.,0.98
REL_E2C1DF3BFEF99FBC,DOC001,document_mentions_location,Missouri,DOC001,DOC001_CHUNK_0079,220-226,- Birds Cistothorus palustris Marsh wren - S3 - Wetland - Birds Coturnicops noveboracensis Yellow rail - - X Wetland - Birds Egretta caerulea Little blue heron - S3 - Wetland - Birds Egretta thula Snowy egret SE S1 - Wetland - Birds Euphagus carolinus Rusty blackbird - - X Wetland - Birds Falco peregrinus Peregrine falcon SE S1 - Wetland Grassland/Prairie Birds Gallinula galeata Common gallinule - S2 - Wetland - Pag…,0.98
REL_F0B7482B79C48A53,DOC001,document_mentions_location,United States,DOC001,DOC001_CHUNK_0079,220-226,- Birds Cistothorus palustris Marsh wren - S3 - Wetland - Birds Coturnicops noveboracensis Yellow rail - - X Wetland - Birds Egretta caerulea Little blue heron - S3 - Wetland - Birds Egretta thula Snowy egret SE S1 - Wetland - Birds Euphagus carolinus Rusty blackbird - - X Wetland - Birds Falco peregrinus Peregrine falcon SE S1 - Wetland Grassland/Prairie Birds Gallinula galeata Common gallinule - S2 - Wetland - Pag…,0.98
REL_6A09CC862A25C473,DOC001,document_mentions_location,Missouri,DOC001,DOC001_CHUNK_0080,226-232,Karst Conservancy Missouri Community Forestry Council Missouri Conservation Heritage Foundation Missouri Department of Agriculture Missouri Department of Natural Resources Missouri Department of Transportation Missouri Farm Bureau Missouri Forest Products Association Missouri Landscape and Nursery Association Missouri Native Plant Society Missouri Park & Recreation Association Missouri Parks Association Missouri Pra…,0.98
REL_EF4DE14A3DD57348,DOC001,document_mentions_location,Missouri,DOC001,DOC001_CHUNK_0081,231-237,John’s Wort 5 Hypoxis hirsuta Yellow Star Grass 6 Liatris aspera Rough Blazing Star 6 Lithospermum canescens Hoary Puccoon 5 Matelea decipiens Climbing Milkweed 4 Nothoscordum bivalve False Garlic 4 Onosmodium molle Marbleseed 4 Opuntia humifusa Eastern Prickly Pear 6 Parthenium integrifolium Wild Quinine Page 8 Coefficicent1 Scientific Name Common Name 6 Phlox pilosa Prairie Phlox 5 Pycnanthemum pilosum Hairy Mount…,0.98
REL_FD153C342FDC55C5,DOC001,document_mentions_location,Missouri,DOC001,DOC001_CHUNK_0082,236-240,6 Liatris aspera Rough Blazing Star 6 Lithospermum canescens Hoary Puccoon 5 Matelea decipiens Climbing Milkweed 4 Nothoscordum bivalve False Garlic 4 Onosmodium molle Marbleseed 4 Opuntia humifusa Eastern Prickly Pear 6 Parthenium integrifolium Wild Quinine Page 8 Coefficicent1 Scientific Name Common Name 6 Phlox pilosa Prairie Phlox 5 Pycnanthemum pilosum Hairy Mountain Mint 6 Rudbeckia missouriensis Missouri Blac…,0.98
REL_57840CDDCEAF9A25,DOC001,document_mentions_location,Illinois,DOC001,DOC001_CHUNK_0084,245-249,Coefficicent1 Scientific Name Common Name 5 Andropogon gerardii Big Bluestem 4 Asclepias hirtella Tall Green Milkweed 5 Asclepias tuberosa Butterfly Milkweed 6 Baptisia alba White Wild Indigo 6 Castilleja coccinea Indian Paintbrush 6 Coreopsis tripteris Tall Coreopsis 6 Desmodium illinoense Illinois Tick Clover 5 Desmodium sessilifolium Sessile-Leaved Tick Trefoil 5 Dodecatheon meadia Shooting Star 4 Euthamia gymnos…,0.98
REL_C291905B9897516A,DOC001,document_mentions_location,Missouri,DOC001,DOC001_CHUNK_0084,245-249,Coefficicent1 Scientific Name Common Name 5 Andropogon gerardii Big Bluestem 4 Asclepias hirtella Tall Green Milkweed 5 Asclepias tuberosa Butterfly Milkweed 6 Baptisia alba White Wild Indigo 6 Castilleja coccinea Indian Paintbrush 6 Coreopsis tripteris Tall Coreopsis 6 Desmodium illinoense Illinois Tick Clover 5 Desmodium sessilifolium Sessile-Leaved Tick Trefoil 5 Dodecatheon meadia Shooting Star 4 Euthamia gymnos…,0.98
REL_4D2FB365EACBC1B3,DOC001,document_mentions_location,Missouri,DOC001,DOC001_CHUNK_0085,248-253,Ecological checklist of the Missouri flora for Floristic Quality Assessment.,0.98
REL_A7B684060A04773B,DOC001,document_mentions_location,United States,DOC001,DOC001_CHUNK_0085,248-253,U.S.,0.98
REL_43BC29EDD57CA155,DOC001,document_mentions_species,greater prairie-chicken,DOC001,DOC001_CHUNK_0085,248-253,Formica montana): Yes = 0.5 No = 0 Score: _______ (IIId) Presence of crayfish burrows: Yes = 0.4 No = 0 Score: _______ Page 22 (IIIe) Presence of bird species (see list below) heard or seen during breeding season safe dates: Bell’s Vireo Henslow’s Sparrow Bobolink Northern Bobwhite Dickcissel Northern Harrier Eastern Meadowlark Sedge Wren Grasshopper Sparrow Upland Sandpiper Greater Prairie-Chicken # Species Points…,0.98
REL_3558E4B2E189E4BF,DOC002,document_mentions_location,Missouri,DOC002,DOC002_CHUNK_0001,1-3,Missouri Wetland Program Plan 2023 – 2028 Marsh Wetlands along the Missouri River Source: USGS Prepared by: Missouri Department of Natural Resources P.O.,0.98
REL_ED01E971D17D60E0,DOC002,document_mentions_location,United States,DOC002,DOC002_CHUNK_0001,1-3,The Department of Natural Resources prepared this plan pursuant to the U.S.,0.98
REL_6D88D64187F95071,DOC002,document_mentions_location,Missouri,DOC002,DOC002_CHUNK_0002,3-6,"List of Contributors Kathy Rangen Missouri Department of Natural Resources, Water Protection Program – Water Quality Standards Ashley Grupe Missouri Department of Natural Resources, Water Protection Program – Water Quality Standards Billy Hackett Missouri Department of Natural Resources, Water Protection Program – Operating Permits Garrett Frandson Missouri Department of Natural Resources, Water Protection Program –…",0.98
REL_DC98D92311976734,DOC002,document_mentions_location,United States,DOC002,DOC002_CHUNK_0002,3-6,Kathleen Trauth University of Missouri – Columbia Chris Hamilton Natural Resources Conservation Service Erin Holmes U.S.,0.98
REL_B85E4758D97DA1AE,DOC002,document_mentions_location,Kansas,DOC002,DOC002_CHUNK_0003,6-8,"Activity 2023 2024 2025 2026 2027 2028 In the greater Kansas City metropolitan area (counties of Cass, Clay, Jackson, Platte and Ray), the Mid-America Regional Council (MARC) will support an update of high-resolution land cover data to continue to catalyze the following actions: establish natural area and corridor targets for restoration and conservation prioritization, identify strategic transportation mitigation o…",0.98
REL_D739A1CC63A3A108,DOC002,document_mentions_location,Missouri,DOC002,DOC002_CHUNK_0003,6-8,"Missouri Department of Conservation (MDC) and other federal, state, and local X X X X X X agencies will systematically work on identified watersheds to incrementally develop an elevation derived hydrography (EDH) dataset to update and replace the National Hydrography Dataset (NHD) that has become a static product.",0.98
REL_E085A068FAF1F3E6,DOC002,document_mentions_location,United States,DOC002,DOC002_CHUNK_0003,6-8,"This will be incorporated in the United States Geological Survey 3D Hydrography Program (USGS 3DHP) and be tied into the National Map of geospatial datasets used for flood modeling, natural resource planning, and risk assessment.",0.98
REL_C25C8622836D6C0A,DOC002,document_mentions_location,Missouri,DOC002,DOC002_CHUNK_0004,8-10,"Core Element: Regulation Goal: To preserve, enhance and restore the quantity and quality of Missouri’s Wetlands while avoiding, minimizing and mitigating for impacts.",0.98
REL_949EEA0DF2D8C40A,DOC002,document_mentions_location,United States,DOC002,DOC002_CHUNK_0004,8-10,X X X X X Agency coordination with the U.S.,0.98
REL_8A32580E147D9C3E,DOC002,document_mentions_location,Missouri,DOC002,DOC002_CHUNK_0005,10-13,"X X X X X X The department’s NRDAR program along with USFWS support the Land Learning Foundation (LLF), TNC, Midwest Waters Initiative (MWI), Riverlaw.org, and Missouri Stream Teams United (MSTU) in implementing streambank stabilization and wetland restoration at the confluence of Hickory and Shoal Creeks (https://shoalcreekwatershed.org).",0.98
REL_E4DE8122D8AE4538,DOC002,document_mentions_location,Mississippi River Basin,DOC002,DOC002_CHUNK_0006,12-14,"The department will partner with Natural Resources Conservation Service (NRCS) to promote the Mississippi River Basin Healthy Watershed Initiative (MRBI) and the National Water Quality Initiative (NWQI) coordination effort with other federal and state agencies, Soil and Water Conservation Districts, and X local citizens to prioritize and focus financial assistance in selected watersheds with the goal of reducing nit…",0.98
REL_80A1947795B23845,DOC002,document_mentions_location,Missouri,DOC002,DOC002_CHUNK_0006,12-14,Missouri’s 2020-2025 Nonpoint Source Management Plan (NPSMP) includes prioritization X X X X X Xof wetland projects as a best management practice for reducing NPS water pollution and improving aquatic life use.,0.98
REL_2EF4CFA57106D965,DOC002,document_mentions_location,Missouri,DOC002,DOC002_CHUNK_0007,14-17,"As of October 2023, there are 1,142 easements totaling over 162,090 acres in Missouri; these are a combination of ACEP–WRE and Emergency Watershed Protection Program – Floodplain Easement Option (EWPP–FPE) easements.",0.98
REL_F05DE9AB4621F35C,DOC002,document_mentions_location,Missouri,DOC002,DOC002_CHUNK_0008,16-20,"X X X X X X The department, MDC, USACE, and USFWS will explore opportunities to leverage existing programs and ongoing study efforts along the Missouri and Mississippi rivers (Upper Mississippi River Restoration Program, Navigation and Ecosystem Sustainability Program, Lower Missouri River Flood Risk and Resiliency Study) to promote wetland enhancement, rehabilitation, and restoration.",0.98
REL_08C9778B2F9853D4,DOC002,document_mentions_location,United States,DOC002,DOC002_CHUNK_0008,16-20,"Page 19 | 20 Additional Resources Missouri Department of Natural Resources https://dnr.mo.gov/water/hows-water/state/wetlands and https://dnr.mo.gov/water/business-industry-other-entities/permits-certification-engineering-fees/section-401-water-quality Core Elements of an Effective State and Tribal Wetlands Program Framework, U.S.",0.98
REL_DD9690AC2619BD6A,DOC003,document_mentions_location,Canada,DOC003,DOC003_CHUNK_0001,1-5,"NORTH AMERICAN WATERFOWL MANAGEMENT PLAN EXPANDING the VISION Canada NAWMP Implementation Office Wildlife Conservation Branch Canadian Wildlife Service Environment Canada Place Vincent Massey, 3rd Floor 351 St.",0.98
REL_309A126B896DECC9,DOC003,document_mentions_location,North America,DOC003,DOC003_CHUNK_0001,1-5,"NORTH AMERICAN WATERFOWL MANAGEMENT PLAN EXPANDING the VISION Canada NAWMP Implementation Office Wildlife Conservation Branch Canadian Wildlife Service Environment Canada Place Vincent Massey, 3rd Floor 351 St.",0.98
REL_0B36A206E1944D85,DOC003,document_mentions_location,United States,DOC003,DOC003_CHUNK_0001,1-5,North American Waterfowl and Wetlands Office U.S.,0.98
REL_4777AF3860E444B6,DOC003,document_mentions_location,North America,DOC003,DOC003_CHUNK_0002,5,1 The North American Waterfowl Management Plan—A Conservation Legacy . . . . . . . . .,0.98
REL_771A32A0260F5D19,DOC003,document_mentions_location,Canada,DOC003,DOC003_CHUNK_0003,5,21 Status of Canada Geese . . . . . . . . . . . . . . . . . . . . . . . . . . . . . . . . . . . . . . . . . . . . . . . .,0.98
REL_F10E872159EA590B,DOC003,document_mentions_location,North America,DOC003,DOC003_CHUNK_0003,5,13 Part 2—Population Objectives and Status of North American Waterfowl . . . . . . . . . . .,0.98
REL_64B56DE7F53B5DD5,DOC003,document_mentions_species,Canada goose,DOC003,DOC003_CHUNK_0003,5,21 Status of Canada Geese . . . . . . . . . . . . . . . . . . . . . . . . . . . . . . . . . . . . . . . . . . . . . . . .,0.98
REL_0C638E800638783E,DOC003,document_mentions_location,Canada,DOC003,DOC003_CHUNK_0004,5-7,30 Canada . . . . . . . . . . . . . . . . . . . . . . . . . . . . . . . . . . . . . . . . . . . . . . . . . . . . . . . . . . . . .,0.98
REL_44D0FD158BEE1E36,DOC003,document_mentions_location,North America,DOC003,DOC003_CHUNK_0004,5-7,25 Part 3—North American Waterfowl Management Plan Administration . . . . . . . . . . . .,0.98
REL_8D1A70780264744B,DOC003,document_mentions_location,United States,DOC003,DOC003_CHUNK_0004,5-7,30 United States . . . . . . . . . . . . . . . . . . . . . . . . . . . . . . . . . . . . . . . . . . . . . . . . . . . . . . . .,0.98
REL_236B65B747CD3083,DOC003,document_mentions_location,Canada,DOC003,DOC003_CHUNK_0005,6-9,"27 iv v Preface he North American Waterfowl Management Plan (Plan), signed by Canada and the United States in 1986, laid out A Strategy for Cooperation in the conservation of waterfowl.",0.98
REL_3DAF1E4E9A222845,DOC003,document_mentions_location,North America,DOC003,DOC003_CHUNK_0005,6-9,25 Table 5: North American Waterfowl Management Plan joint venture objectives (acres) . .,0.98
REL_D1B56B758DF4977D,DOC003,document_mentions_location,United States,DOC003,DOC003_CHUNK_0005,6-9,"27 iv v Preface he North American Waterfowl Management Plan (Plan), signed by Canada and the United States in 1986, laid out A Strategy for Cooperation in the conservation of waterfowl.",0.98
REL_55D7B31BFC3B3C8C,DOC003,document_mentions_location,Canada,DOC003,DOC003_CHUNK_0006,9-11,"Redhead — Ducks Unlimited Canada on the legacy established by the Plan and presents three visions to advance waterfowl conservation in the future: • Plan partners enhance the capability of landscapes to support waterfowl and other wetland-associated species by ensuring that Plan implementation is guided by biologically based planning, which in turn is refined through ongoing evaluation. • Plan partners define the la…",0.98
REL_A6525D9B2B3F4E2F,DOC003,document_mentions_location,North America,DOC003,DOC003_CHUNK_0006,9-11,"Their efforts have helped to conserve North America’s rich biological diversity, as well as provide environmental services such as water quality improvement and erosion control.",0.98
REL_A16E2F70A6FF7DA2,DOC003,document_mentions_location,United States,DOC003,DOC003_CHUNK_0006,9-11,"Finally, Part 3 gives an overview of the Plan’s administration in Canada, the United States, and Mexico. viii The challenges set forth in this 1998 Update form the basis for actions that will improve the status of North America’s waterfowl, promote sustainable landscapes, and broaden partnerships.",0.98
REL_B8209EAA0285CA97,DOC003,document_mentions_location,Canada,DOC003,DOC003_CHUNK_0007,11-13,"First signed by Canada and the United States, the Plan was updated in 1994 with Mexico as a signatory.",0.98
REL_95977F645A19D2D4,DOC003,document_mentions_location,North America,DOC003,DOC003_CHUNK_0007,11-13,"In 1986, the North American Waterfowl Management Plan responded to this challenge.",0.98
REL_9423ECD21C947831,DOC003,document_mentions_location,United States,DOC003,DOC003_CHUNK_0007,11-13,"First signed by Canada and the United States, the Plan was updated in 1994 with Mexico as a signatory.",0.98
REL_3DE2038716B6DC4B,DOC003,document_mentions_location,Canada,DOC003,DOC003_CHUNK_0008,13-15,"As a result, Canada, the United States, and Mexico now share the responsibility and costs of implementing conservation under the Plan.",0.98
REL_44762C087DFB543F,DOC003,document_mentions_location,North America,DOC003,DOC003_CHUNK_0008,13-15,But they also share the significant benefits that flow to many economic sectors as a result of healthy North American migratory bird populations.,0.98
REL_F91212CAEAACEE56,DOC003,document_mentions_location,United States,DOC003,DOC003_CHUNK_0008,13-15,"As a result, Canada, the United States, and Mexico now share the responsibility and costs of implementing conservation under the Plan.",0.98
REL_4124AA36F39D4D29,DOC003,document_mentions_location,Canada,DOC003,DOC003_CHUNK_0009,15-17,"The U.S. government provided an incentive for Canada, the United States, and Mexico to accelerate cooperative migratory bird conservation efforts with passage of the North American Wetlands Conservation Act in 1989.",0.98
REL_1BD6ADC16831738D,DOC003,document_mentions_location,North America,DOC003,DOC003_CHUNK_0009,15-17,The Commission on Environmental Cooperation is facilitating this effort through the North American Bird Conservation Initiative.,0.98
REL_2CFF1D2975711FB0,DOC003,document_mentions_location,United States,DOC003,DOC003_CHUNK_0009,15-17,"The U.S. government provided an incentive for Canada, the United States, and Mexico to accelerate cooperative migratory bird conservation efforts with passage of the North American Wetlands Conservation Act in 1989.",0.98
REL_2C00F34BB7655C31,DOC003,document_mentions_location,Canada,DOC003,DOC003_CHUNK_0010,17-19,Ducks Unlimited Canada Enhance planning and evaluation by expanding monitoring and assessment capabilities The monitoring and assessment programs used to guide waterfowl management in North America are among the best such programs in the world.,0.98
REL_749077876ED71EA7,DOC003,document_mentions_location,North America,DOC003,DOC003_CHUNK_0010,17-19,Ducks Unlimited Canada Enhance planning and evaluation by expanding monitoring and assessment capabilities The monitoring and assessment programs used to guide waterfowl management in North America are among the best such programs in the world.,0.98
REL_0B9BEED36598E722,DOC003,document_mentions_species,mallard,DOC003,DOC003_CHUNK_0010,17-19,"Mallards — SEMARNAP Toward Landscape Conservation The Vision Plan partners define the landscape conditions needed to sustain waterfowl and benefit other wetland-associated species, and participate in the development of conservation, economic, management, and social policies and programs that most affect the ecological health of these landscapes. ffective delivery of the Plan requires an understanding of the landscap…",0.98
REL_EF070812F88732D4,DOC003,document_mentions_location,Canada,DOC003,DOC003_CHUNK_0011,18-21,"Ducks Unlimited Canada Broadening the Scope of Partnerships The Vision Plan partners collaborate with other conservation efforts, particularly migratory bird initiatives, and reach out to other sectors and communities to forge broader alliances in a collective search for sustainable uses of landscapes. he drafters of the 1986 Plan realized that restoring waterfowl populations would require more than federal interven…",0.98
REL_6F6F352A8C4BC874,DOC003,document_mentions_location,United States,DOC003,DOC003_CHUNK_0011,18-21,U.S.,0.98
REL_5BC3818DE3637F44,DOC003,document_mentions_species,mallard,DOC003,DOC003_CHUNK_0011,18-21,"Mallards — SEMARNAP Toward Landscape Conservation The Vision Plan partners define the landscape conditions needed to sustain waterfowl and benefit other wetland-associated species, and participate in the development of conservation, economic, management, and social policies and programs that most affect the ecological health of these landscapes. ffective delivery of the Plan requires an understanding of the landscap…",0.98
REL_05F145864FAD5D33,DOC003,document_mentions_location,Canada,DOC003,DOC003_CHUNK_0012,21-22,"International Plan implementation was initiated when U.S. conservation organizations began matching funds from state wildlife agencies and facilitating the transfer of monies across an international border, to be further matched and expended by private, provincial, and federal entities within Canada, and eventually Mexico.",0.98
REL_C34AC384F9973A34,DOC003,document_mentions_location,North America,DOC003,DOC003_CHUNK_0012,21-22,"This new approach to conservation helped stimulate passage of the North American Wetlands Conservation Act of 1989, which created a funding mechanism for wetlands projects conducted under the Plan.",0.98
REL_4214AFC66FC67833,DOC003,document_mentions_location,United States,DOC003,DOC003_CHUNK_0012,21-22,"International Plan implementation was initiated when U.S. conservation organizations began matching funds from state wildlife agencies and facilitating the transfer of monies across an international border, to be further matched and expended by private, provincial, and federal entities within Canada, and eventually Mexico.",0.98
REL_B1596997B5BA8B1A,DOC003,document_mentions_location,Canada,DOC003,DOC003_CHUNK_0013,22-26,"14 1998 Update Ducks Unlimited Canada 1998 Update 15 PART 2 Population Objectives and Status of North American Waterfowl Population Objectives North America has 43 species of ducks, geese, and swans that typically depend on habitats in two or more countries to complete portions of their life cycles.",0.98
REL_9AD962CAC0569990,DOC003,document_mentions_location,North America,DOC003,DOC003_CHUNK_0013,22-26,"14 1998 Update Ducks Unlimited Canada 1998 Update 15 PART 2 Population Objectives and Status of North American Waterfowl Population Objectives North America has 43 species of ducks, geese, and swans that typically depend on habitats in two or more countries to complete portions of their life cycles.",0.98
REL_DA0293A669FE666D,DOC003,document_mentions_location,United States,DOC003,DOC003_CHUNK_0013,22-26,Three of these species are classified as threatened or endangered in the United States or Canada.,0.98
REL_FC26453C22583700,DOC003,document_mentions_location,Canada,DOC003,DOC003_CHUNK_0014,25-28,Three of these species are classified as threatened or endangered in the United States or Canada.,0.98
REL_5F43AFF110932A30,DOC003,document_mentions_location,North America,DOC003,DOC003_CHUNK_0014,25-28,"For example, available data point to declines in many of the 15 species of North American sea ducks.",0.98
REL_0AFAF1DF1A38E0DD,DOC003,document_mentions_location,United States,DOC003,DOC003_CHUNK_0014,25-28,Three of these species are classified as threatened or endangered in the United States or Canada.,0.98
REL_E639FEDEDA0B0DAB,DOC003,document_mentions_species,Canada goose,DOC003,DOC003_CHUNK_0014,25-28,"In addition, some goose populations, such as Atlantic Flyway Canada geese, remain well below Plan goals.",0.98
REL_4D3EDCB6F84ADDB4,DOC003,document_mentions_species,canvasback,DOC003,DOC003_CHUNK_0014,25-28,"Canvasback — William Vinje Table 1 Average duck population estimatesa for North America, 1970–1979 (1,000s of ducks) Species Continental Mid-continent DABBLING DUCKS Mallard 11,000 8,199 Northern pintail 7,000 5,596 Black duck 1,400 30 Mottled duck 480 not applicable Gadwall 2,000 1,518 American wigeon 3,500 2,974 Green-winged teal 3,000 1,858 Blue-winged and cinnamon teal 6,000 4,653 Northern shoveler 2,000 1,990 W…",0.98
REL_63076B0F506DD8E4,DOC003,document_mentions_species,mallard,DOC003,DOC003_CHUNK_0014,25-28,"Canvasback — William Vinje Table 1 Average duck population estimatesa for North America, 1970–1979 (1,000s of ducks) Species Continental Mid-continent DABBLING DUCKS Mallard 11,000 8,199 Northern pintail 7,000 5,596 Black duck 1,400 30 Mottled duck 480 not applicable Gadwall 2,000 1,518 American wigeon 3,500 2,974 Green-winged teal 3,000 1,858 Blue-winged and cinnamon teal 6,000 4,653 Northern shoveler 2,000 1,990 W…",0.98
REL_8EF09C65DE19FD7B,DOC003,document_mentions_species,wood duck,DOC003,DOC003_CHUNK_0014,25-28,"Canvasback — William Vinje Table 1 Average duck population estimatesa for North America, 1970–1979 (1,000s of ducks) Species Continental Mid-continent DABBLING DUCKS Mallard 11,000 8,199 Northern pintail 7,000 5,596 Black duck 1,400 30 Mottled duck 480 not applicable Gadwall 2,000 1,518 American wigeon 3,500 2,974 Green-winged teal 3,000 1,858 Blue-winged and cinnamon teal 6,000 4,653 Northern shoveler 2,000 1,990 W…",0.98
REL_95B0DF2E9FBF4ADE,DOC003,document_mentions_location,Canada,DOC003,DOC003_CHUNK_0015,27-30,"New surveys have been established in breeding areas in the northeast United States and eastern Canada, which should be useful in refining estimates and goals for certain species in the future. b Harlequin ducks in eastern Canada and spectacled and Steller’s eiders have been classified as endangered or threatened.",0.98
REL_077239ABF350B466,DOC003,document_mentions_location,North America,DOC003,DOC003_CHUNK_0015,27-30,"Canvasback — William Vinje Table 1 Average duck population estimatesa for North America, 1970–1979 (1,000s of ducks) Species Continental Mid-continent DABBLING DUCKS Mallard 11,000 8,199 Northern pintail 7,000 5,596 Black duck 1,400 30 Mottled duck 480 not applicable Gadwall 2,000 1,518 American wigeon 3,500 2,974 Green-winged teal 3,000 1,858 Blue-winged and cinnamon teal 6,000 4,653 Northern shoveler 2,000 1,990 W…",0.98
REL_72D3F9BA49ECCE35,DOC003,document_mentions_location,United States,DOC003,DOC003_CHUNK_0015,27-30,"New surveys have been established in breeding areas in the northeast United States and eastern Canada, which should be useful in refining estimates and goals for certain species in the future. b Harlequin ducks in eastern Canada and spectacled and Steller’s eiders have been classified as endangered or threatened.",0.98
REL_BC28D0926CB682E7,DOC003,document_mentions_species,American black duck,DOC003,DOC003_CHUNK_0015,27-30,Although black ducks have declined in both the Atlantic and,0.98
REL_64C58E69A89B3750,DOC003,document_mentions_species,canvasback,DOC003,DOC003_CHUNK_0015,27-30,"Canvasback — William Vinje Table 1 Average duck population estimatesa for North America, 1970–1979 (1,000s of ducks) Species Continental Mid-continent DABBLING DUCKS Mallard 11,000 8,199 Northern pintail 7,000 5,596 Black duck 1,400 30 Mottled duck 480 not applicable Gadwall 2,000 1,518 American wigeon 3,500 2,974 Green-winged teal 3,000 1,858 Blue-winged and cinnamon teal 6,000 4,653 Northern shoveler 2,000 1,990 W…",0.98
REL_FDE7BEBB8CC16299,DOC003,document_mentions_species,mallard,DOC003,DOC003_CHUNK_0015,27-30,"Canvasback — William Vinje Table 1 Average duck population estimatesa for North America, 1970–1979 (1,000s of ducks) Species Continental Mid-continent DABBLING DUCKS Mallard 11,000 8,199 Northern pintail 7,000 5,596 Black duck 1,400 30 Mottled duck 480 not applicable Gadwall 2,000 1,518 American wigeon 3,500 2,974 Green-winged teal 3,000 1,858 Blue-winged and cinnamon teal 6,000 4,653 Northern shoveler 2,000 1,990 W…",0.98
REL_699ABD1BC15C5094,DOC003,document_mentions_species,wood duck,DOC003,DOC003_CHUNK_0015,27-30,"Canvasback — William Vinje Table 1 Average duck population estimatesa for North America, 1970–1979 (1,000s of ducks) Species Continental Mid-continent DABBLING DUCKS Mallard 11,000 8,199 Northern pintail 7,000 5,596 Black duck 1,400 30 Mottled duck 480 not applicable Gadwall 2,000 1,518 American wigeon 3,500 2,974 Green-winged teal 3,000 1,858 Blue-winged and cinnamon teal 6,000 4,653 Northern shoveler 2,000 1,990 W…",0.98
REL_355DAFE6F516BD2A,mallard,species_uses_habitat,prairie,DOC003,DOC003_CHUNK_0015,27-30,"Early nesting species, such as mallards and pintails, are particularly affected by losses of upland nesting habitat on the prairies.",0.84
REL_DADCEBF4919CBD97,DOC003,document_mentions_location,Canada,DOC003,DOC003_CHUNK_0016,30-31,Breeding waterfowl surveys initiated in 1990 in eastern Canada indicate that the breeding black duck population has increased in the Maritime Provinces but has shown declines in the western portions of its breeding range.,0.98
REL_75AF3D7A95E35944,DOC003,document_mentions_location,North America,DOC003,DOC003_CHUNK_0016,30-31,The black duck population in eastern North America has decreased over the last four decades.,0.98
REL_F2384E353397ECB0,DOC003,document_mentions_location,United States,DOC003,DOC003_CHUNK_0016,30-31,Several dabbling duck species occur only in the southern United States and Mexico.,0.98
REL_EB6FF34C61C724F0,DOC003,document_mentions_species,American black duck,DOC003,DOC003_CHUNK_0016,30-31,"Although black ducks have declined in both the Atlantic and Mississippi Flyways, the proportional decrease in abundance has been greater in the Mississippi Flyway.",0.98
REL_72C7F92C2E50FDCF,DOC003,document_mentions_species,canvasback,DOC003,DOC003_CHUNK_0016,30-31,"Status of Diving Ducks and Sea Ducks North American diving ducks include the canvasback, redhead, ring-necked duck, greater scaup, and lesser scaup.",0.98
REL_4982B3D25DF0960D,DOC003,document_mentions_species,mallard,DOC003,DOC003_CHUNK_0016,30-31,"Six species (mallard, gadwall, American wigeon, green-winged teal, blue-winged teal, and northern shoveler) have exhibited increasing trends in the Mid-continent Region from 1986 to 1998 (Table 2).",0.98
REL_28FA0094E9F05656,DOC003,document_mentions_species,wood duck,DOC003,DOC003_CHUNK_0016,30-31,"The wood duck occurs primarily in eastern North America, and generally inhabits areas with dense overhead cover.",0.98
REL_E77689A90F3ADAEE,DOC003,document_mentions_location,Canada,DOC003,DOC003_CHUNK_0017,31-33,"Consequently, the Plan includes objectives for individual populations of Canada geese, snow geese, white- fronted geese, and brant.",0.98
REL_CF4E615D070498D0,DOC003,document_mentions_location,North America,DOC003,DOC003_CHUNK_0017,31-33,"Objective Increase or reduce populations to sustainable levels listed in T able 3 1998 Update 21 Steller’s Eider — Glen Smart Table 3 Status of and goals for North American goose populations Population Average Recent Trend Population Species and Population (1996–1998) a (1986–1997)b Objectives CANADA GEESE Atlantic 50,500 Stable 175,000 c,d Atlantic Flyway Resident 968,000 Increasing 550,000 e,f North Atlantic No Es…",0.98
REL_59A13A203CF34FB6,DOC003,document_mentions_location,United States,DOC003,DOC003_CHUNK_0017,31-33,"Canada, the United States, and Mexico are jointly responsible for the monitoring and management of these populations and species.",0.98
REL_B178180E94D85584,DOC003,document_mentions_species,Canada goose,DOC003,DOC003_CHUNK_0017,31-33,"Consequently, the Plan includes objectives for individual populations of Canada geese, snow geese, white- fronted geese, and brant.",0.98
REL_069A98E1740FAD16,DOC003,document_mentions_location,Canada,DOC003,DOC003_CHUNK_0018,33-35,Status of Canada Geese Nine Canada goose populations currently exceed Plan objectives.,0.98
REL_A8385325A93BE0F4,DOC003,document_mentions_location,Chesapeake Bay,DOC003,DOC003_CHUNK_0018,33-35,"The Eastern Population winters primarily in the mid-Atlantic states surrounding the Chesapeake Bay, and the Western Population winters at various locations along the west coast from southern British Columbia to the lower Colorado River in southwest Arizona and California.",0.98
REL_FA9BAB4DE8A88717,DOC003,document_mentions_location,Great Lakes,DOC003,DOC003_CHUNK_0018,33-35,"Trumpeter swans breed within isolated colonies within a much larger historic breeding range that encompasses the prairies, boreal forests, and Inter-mountain Region from southern Alaska to the western Great Lakes states and Ontario.",0.98
REL_DB2DF471A3C8F5C3,DOC003,document_mentions_location,Gulf of Mexico,DOC003,DOC003_CHUNK_0018,33-35,Snow Geese flock — Ducks Unlimited Canada Status of White-fronted Geese White-fronted geese that migrate through the Central Flyway to winter along the Gulf of Mexico had previously been divided into Eastern and Western Mid-continent Populations.,0.98
REL_1727BBBA7D1379B7,DOC003,document_mentions_location,North America,DOC003,DOC003_CHUNK_0018,33-35,"Chambers Tundra Swan — Ducks Unlimited Canada Table 4 Status of and goals for North American swan populations 3-Year Winter Population Average Recent Trend Winter Index (1995–1997) (1986–1997) Objectives Species and Population TUNDRA SWANS Eastern Population 82,100 Stable 80,000 Western Population 100,000 Increasing 60,000 TRUMPETER SWANS Pacific Coast 16,312 a Increasing 43,200 c Rocky Mountain 2,600 b Increasing 6…",0.98
REL_1C221C4B60198D09,DOC003,document_mentions_species,Canada goose,DOC003,DOC003_CHUNK_0018,33-35,Status of Canada Geese Nine Canada goose populations currently exceed Plan objectives.,0.98
REL_EB1CE1A922B93320,DOC003,document_mentions_location,Canada,DOC003,DOC003_CHUNK_0019,35-38,Plan objectives for Interior trumpeter swans are presently under review by management groups concerned with securing future status while avoiding the overpopulation pitfalls experienced with giant Canada goose re- introductions.,0.98
REL_90040D36B016C9FB,DOC003,document_mentions_location,Great Lakes,DOC003,DOC003_CHUNK_0019,35-38,"26 1998 Update Table 5 North American Waterfowl Management Plan joint venture objectives (acres) Joint Venture Area Protection Restoration Enhancement UNITED STATES Atlantic Coast 945,000 1 88,0501 121,7401 Central Valley Habitat 80,000 120,000 735,000 Gulf Coast 689,000 104,000 958,000 Intermountain West 1,500,000 500,000 500,000 Lower Mississippi Valley 407,000 864,000 1,182,000 Pacific Coast 2 116,600 21,000 3 21…",0.98
REL_46F1068B513B06C4,DOC003,document_mentions_location,North America,DOC003,DOC003_CHUNK_0019,35-38,"26 1998 Update Table 5 North American Waterfowl Management Plan joint venture objectives (acres) Joint Venture Area Protection Restoration Enhancement UNITED STATES Atlantic Coast 945,000 1 88,0501 121,7401 Central Valley Habitat 80,000 120,000 735,000 Gulf Coast 689,000 104,000 958,000 Intermountain West 1,500,000 500,000 500,000 Lower Mississippi Valley 407,000 864,000 1,182,000 Pacific Coast 2 116,600 21,000 3 21…",0.98
REL_E51AA5FC3ECAE680,DOC003,document_mentions_location,United States,DOC003,DOC003_CHUNK_0019,35-38,"26 1998 Update Table 5 North American Waterfowl Management Plan joint venture objectives (acres) Joint Venture Area Protection Restoration Enhancement UNITED STATES Atlantic Coast 945,000 1 88,0501 121,7401 Central Valley Habitat 80,000 120,000 735,000 Gulf Coast 689,000 104,000 958,000 Intermountain West 1,500,000 500,000 500,000 Lower Mississippi Valley 407,000 864,000 1,182,000 Pacific Coast 2 116,600 21,000 3 21…",0.98
REL_A37E55DEC742D6C8,DOC003,document_mentions_species,Canada goose,DOC003,DOC003_CHUNK_0019,35-38,Plan objectives for Interior trumpeter swans are presently under review by management groups concerned with securing future status while avoiding the overpopulation pitfalls experienced with giant Canada goose re- introductions.,0.98
REL_9FB5C3393C5A3F99,DOC003,document_mentions_location,Canada,DOC003,DOC003_CHUNK_0020,38-40,"countries. • Update the Plan approximately every 5 years in response to new or changing circumstances, policy development, or opportunities. • Approve new joint ventures/regional partnerships or other partner structures, and review and approve their implementation and evaluation plans to ensure they further the Plan’s purpose. • Facilitate, advise, and maintain close links and communication with joint ventures/ regi…",0.98
REL_71A6C5A4823FC21A,DOC003,document_mentions_location,North America,DOC003,DOC003_CHUNK_0020,38-40,The North American Wetlands Conservation Council The North American Wetlands Conservation Act of 1989 established the North American Wetlands Conservation Council to review the merits of wetlands conservation proposals submitted for funding under the Act’s grants program.,0.98
REL_12D7C468FADCE37B,DOC003,document_mentions_location,United States,DOC003,DOC003_CHUNK_0020,38-40,"countries. • Update the Plan approximately every 5 years in response to new or changing circumstances, policy development, or opportunities. • Approve new joint ventures/regional partnerships or other partner structures, and review and approve their implementation and evaluation plans to ensure they further the Plan’s purpose. • Facilitate, advise, and maintain close links and communication with joint ventures/ regi…",0.98
REL_5FFED56E47B1946F,DOC003,document_mentions_location,Canada,DOC003,DOC003_CHUNK_0021,40-43,"It provides funding support; maintains an accomplishment tracking system; conducts national evaluation activities; publishes the Plan’s newsletter,Waterfowl 2000 (in cooperation with Canada and Mexico), annual progress reports, and other reports; and coordinates with other federal agencies and the U.S.",0.98
REL_4DD37067592DA7A7,DOC003,document_mentions_location,Great Lakes,DOC003,DOC003_CHUNK_0021,40-43,Habitat Joint Ventures Atlantic Coast Joint V enture Central Valley Habitat Joint V enture Eastern Habitat Joint V enture Gulf Coast Joint V enture Intermountain West Joint V enture Lower Mississippi Valley Joint V enture Pacific Coast Joint V enture (United States and Canada) Playa Lakes Joint V enture Prairie Habitat Joint V enture Prairie Pothole Joint V enture Rainwater Basin Joint V enture Upper Mississippi Riv…,0.98
REL_A1CCDEFEFBD81564,DOC003,document_mentions_location,North America,DOC003,DOC003_CHUNK_0021,40-43,National coordination is provided by the Service’s North American Waterfowl and Wetlands Office.,0.98
REL_6AF5F0053307022D,DOC003,document_mentions_location,United States,DOC003,DOC003_CHUNK_0021,40-43,"through a diverse network of programs and partnerships, including the U.S.",0.98
REL_1AA8F061574E60B5,DOC004,document_mentions_location,Canada,DOC004,DOC004_CHUNK_0001,1-3,The U.S. and Canada signed the Plan in 1986 and Mexico in 1994.,0.98
REL_03240F60CED8BAC3,DOC004,document_mentions_location,North America,DOC004,DOC004_CHUNK_0001,1-3,North American Waterfowl Management Plan A World-Class Opportunity to Help Conserve Today’s Natural Resources for Tomorrow The North American Waterfowl Management Plan is an international strategy for conserving migratory waterfowl and their habitats throughout the continent.,0.98
REL_329C47C7981239B2,DOC004,document_mentions_location,United States,DOC004,DOC004_CHUNK_0001,1-3,"Recognizing the need for international cooperation to help recover these shared resources, the U.S. and Canadian governments developed a strategy to restore waterfowl populations through habitat protection, restoration, and enhancement.",0.98
REL_969EC121804E87B1,DOC004,document_mentions_location,Canada,DOC004,DOC004_CHUNK_0002,2-4,New challenges include: • Conserving the vast boreal forest of Canada and Alaska.,0.98
REL_891D439D83090DAB,DOC004,document_mentions_location,Louisiana,DOC004,DOC004_CHUNK_0002,2-4,Louisiana GOHSEP Mallard.,0.98
REL_96833EFCE6AAA7AA,DOC004,document_mentions_location,North America,DOC004,DOC004_CHUNK_0002,2-4,"US Army Environmental Command ✰Waterfowl numbers have rebounded, and many waterfowl populations are now substantially larger than they were in 1986. ✰To date, NAWMP partners have leveraged more than $5 billion to implement thousands of projects conserving more than 20 million acres. ✰The Plan spawned the creation of 25 Joint Ventures - encompassing much of North America - that have expanded in geography and broadene…",0.98
REL_BD99D79E1368F6A3,DOC004,document_mentions_species,American black duck,DOC004,DOC004_CHUNK_0002,2-4,The “Value Proposition” to Partners American Black Duck.,0.98
REL_A9BEF5F554AC3B44,DOC004,document_mentions_species,mallard,DOC004,DOC004_CHUNK_0002,2-4,Louisiana GOHSEP Mallard.,0.98
REL_F325C760192E45A9,DOC005,document_mentions_location,Chesapeake Bay,DOC005,DOC005_CHUNK_0001,1-8,Geological Survey Open-File Report 2020–1057 Aquatic Invasive Species in the Chesapeake Bay Drainage— Research-Based Needs and Priorities of U.S.,0.98
REL_EF58C914B55219BF,DOC005,document_mentions_location,Maryland,DOC005,DOC005_CHUNK_0001,1-8,Gina Hunt (Maryland Department of Natural Resource) was of great assistance in facilitating meetings with State-level resource agency representatives for the development of this document.,0.98
REL_35FE67D030B70262,DOC005,document_mentions_location,United States,DOC005,DOC005_CHUNK_0001,1-8,U.S.,0.98
REL_599CE9CB0BD9B5B0,DOC005,document_mentions_species,northern snakehead,DOC005,DOC005_CHUNK_0001,1-8,"Photos of invasive fish: A, Ictalurus furcatus (blue catfish) and B, Channa argus (northern snakehead) in the Chesapeake Bay drainage area ..............................................9 5.",0.98
REL_6244963E5E1CDAC4,DOC005,document_mentions_species,zebra mussel,DOC005,DOC005_CHUNK_0001,1-8,Photo of Dressenid mussel Dreissena polymorpha (Zebra mussel) ..................................13 7.,0.98
REL_66D84BAE3B81F0D3,DOC005,document_mentions_location,Chesapeake Bay,DOC005,DOC005_CHUNK_0002,8-13,"furcatus (blue catfish) and B, Channa argus (northern snakehead) in the Chesapeake Bay drainage area ..............................................9 5.",0.98
REL_71E479961290F936,DOC005,document_mentions_location,Maryland,DOC005,DOC005_CHUNK_0002,8-13,Department of the Interior DOT Department of Transportation eDNA environmental DNA EPA Environmental Protection Agency FS Forest Service (Department of Agriculture) FWS Fish and Wildlife Service FY fiscal year GIT Goal Implementation Team HUC hydrologic unit code ICPRB Interstate Commission of the Potomac River Basin ISMT Invasive Species Matrix Team (Maryland) MAPAIS Mid-Atlantic Panel on Aquatic Invasive Species M…,0.98
REL_314A977547B69F99,DOC005,document_mentions_location,North America,DOC005,DOC005_CHUNK_0002,8-13,Datum Horizontal coordinate information is referenced to the North American Datum of 1983 (NAD 83). viii Abbreviations ACE U.S.,0.98
REL_946352BB91D75302,DOC005,document_mentions_location,United States,DOC005,DOC005_CHUNK_0002,8-13,"Nonindigenous Aquatic Species database-indicated aquatic invasive species of concern in the Chesapeake Bay watershed by Hydrologic Unit Code 6 Drainage (James, Lower Chesapeake, Upper Chesapeake, Potomac, Lower Susquehanna, West Branch Susquehanna, and Upper Susquehanna) ...........................17 Conversion Factors U.S. customary units to International System of Units Multiply By To obtain Length mile (mi) 1.609…",0.98
REL_15DEB913D4ABB5D4,DOC005,document_mentions_species,northern snakehead,DOC005,DOC005_CHUNK_0002,8-13,"furcatus (blue catfish) and B, Channa argus (northern snakehead) in the Chesapeake Bay drainage area ..............................................9 5.",0.98
REL_3B4A0D0F4F9FDE68,DOC005,document_mentions_species,zebra mussel,DOC005,DOC005_CHUNK_0002,8-13,Photo of Dressenid mussel Dreissena polymorpha (Zebra mussel) ..................................13 7.,0.98
REL_D489D3DDD6240AA4,DOC005,document_mentions_location,Chesapeake Bay,DOC005,DOC005_CHUNK_0003,13-14,"This objective was addressed through review of perti- nent documentation and conversations with representatives of State, Federal, and regional agencies with vested interests in AIS management in Chesapeake Bay and the Chesapeake Bay drainage area, and this document was produced to summarize the related findings.",0.98
REL_F0568F93EA982567,DOC005,document_mentions_location,Maryland,DOC005,DOC005_CHUNK_0003,13-14,"Chesapeake Bay has an annual yield of approximately 500 million pounds of seafood, includ- ing Morone saxitilis (striped bass), Callinectes sapidus (blue crab), Crassostrea virginica (Eastern oyster), and many other species (Maryland Sea Grant, 2013).",0.98
REL_0AEDC48C3FD103F3,DOC005,document_mentions_location,United States,DOC005,DOC005_CHUNK_0003,13-14,"Background As the largest estuary in the United States, Chesapeake Bay is a vital global resource from ecological and economic perspectives.",0.98
REL_68DFCC0F918DA9D1,DOC005,document_mentions_species,invasive carp,DOC005,DOC005_CHUNK_0003,13-14,"Invasive carp, such as Hypophthalmichthys molatrix (silver carp), also received mention by multiple agencies (3 of the 10 stakeholder groups) because these fish represent priority AIS in nearby watersheds and a threat for introduction and dis- semination within the Chesapeake Bay watershed from these neighboring regions. • Invasive plants are among priority species, and Hydrilla verticillata (hydrilla) topped the li…",0.98
REL_1E6EC3E02F7B1A99,DOC005,document_mentions_species,northern snakehead,DOC005,DOC005_CHUNK_0003,13-14,Channa argus (northern snakehead) and Ictalurus furcatus (blue catfish) are high priority and represent the two most named AIS of concern for these agencies.,0.98
REL_250AE8A742398BAF,DOC005,document_mentions_species,silver carp,DOC005,DOC005_CHUNK_0003,13-14,"Invasive carp, such as Hypophthalmichthys molatrix (silver carp), also received mention by multiple agencies (3 of the 10 stakeholder groups) because these fish represent priority AIS in nearby watersheds and a threat for introduction and dis- semination within the Chesapeake Bay watershed from these neighboring regions. • Invasive plants are among priority species, and Hydrilla verticillata (hydrilla) topped the li…",0.98
REL_6D7B5BE3A5D24B6E,DOC005,document_mentions_location,Chesapeake Bay,DOC005,DOC005_CHUNK_0004,14-15,"The importance of Chesapeake Bay and its watershed as habitat to native and migratory wildlife is illustrated through its richness in tidal wetlands (more than 280,000 acres), multiple wildlife refugia, more than 50-percent forested land cover, and promi- nent role along the Atlantic migratory flyway, providing over- wintering grounds for nearly a million waterfowl (Chesapeake Bay Program, 2019).",0.98
REL_C21D274C689D520A,DOC005,document_mentions_location,Great Lakes,DOC005,DOC005_CHUNK_0004,14-15,"A 2016 assessment of the cost of AIS to the Great Lakes States resulted in an estimated annual economic cost of more than $100 million (Rosaen and others, 2016).",0.98
REL_0F463522CD828178,DOC005,document_mentions_location,Maryland,DOC005,DOC005_CHUNK_0004,14-15,"many other species (Maryland Sea Grant, 2013).",0.98
REL_649D01479A976C01,DOC005,document_mentions_location,United States,DOC005,DOC005_CHUNK_0004,14-15,"Based on a query of the USGS Nonindigenous Aquatic Species (NAS) program website (https://nas.er.usgs.gov/ ), the presence of these flora and fauna is not a new phenomenon; reports of aquatic invasive species in Chesapeake Bay and the mid-Atlantic United States date to well over a century ago.",0.98
REL_785AEDCFFF240E77,DOC005,document_mentions_location,Chesapeake Bay,DOC005,DOC005_CHUNK_0005,15-16,"In the mid-Atlantic region and the six States in the Chesapeake Bay watershed, economic consequences of AIS also stand to be substantial.",0.98
REL_E6A04F8A8B29D7FA,DOC005,document_mentions_location,Great Lakes,DOC005,DOC005_CHUNK_0005,15-16,"A 2016 assessment of the cost of AIS to the Great Lakes States resulted in an estimated annual economic cost of more than $100 million (Rosaen and others, 2016).",0.98
REL_1CEF30B37F327854,DOC005,document_mentions_location,United States,DOC005,DOC005_CHUNK_0005,15-16,The USGS is revising the scientific research efforts for the Chesapeake Bay to align with recent U.S.,0.98
REL_89B805D7C1EA0ADA,DOC005,document_mentions_location,Chesapeake Bay,DOC005,DOC005_CHUNK_0006,16-17,"General searches for nonindigenous aquatic species information were performed at the hydrologic unit code 6 (HUC 6) drainage area level for those drainage areas of the Chesapeake Bay, including the James, Lower Chesapeake, Upper Chesapeake, Potomac, Lower Susquehanna, West Branch Susquehanna, and Upper Susquehanna (fig 3).",0.98
REL_B02883EF92ADDDF9,DOC005,document_mentions_location,Maryland,DOC005,DOC005_CHUNK_0006,16-17,"Interviews and conversations with organizational representatives pertaining to aquatic invasive species science and management needs and priorities. [DNR, Department of Natural Resources; DC, District of Columbia; DOEE, Department of Energy & Environment; DGIF, Department of Game & Inland Fisheries; DNREC, Department of Natural Resources and Environmental Control; ISMT, Invasive Species Matrix Team; DEP, Department…",0.98
REL_6ABF36EC9E7907E2,DOC005,document_mentions_location,United States,DOC005,DOC005_CHUNK_0006,16-17,"Interviews and conversations with organizational representatives pertaining to aquatic invasive species science and management needs and priorities. [DNR, Department of Natural Resources; DC, District of Columbia; DOEE, Department of Energy & Environment; DGIF, Department of Game & Inland Fisheries; DNREC, Department of Natural Resources and Environmental Control; ISMT, Invasive Species Matrix Team; DEP, Department…",0.98
REL_6C5DEB1CD5CA5E4A,DOC005,document_mentions_location,Chesapeake Bay,DOC005,DOC005_CHUNK_0007,17-19,2016 X 6 Aquatic Invasive Species in the Chesapeake Bay Drainage Table 1B.,0.98
REL_4B80E23181C23ACF,DOC005,document_mentions_location,Maryland,DOC005,DOC005_CHUNK_0007,17-19,"Maryland (Department of Natural Resources) Overview Almost the entire State of Maryland is within the Chesapeake Bay watershed, except for the westernmost part of Garret County west of the Eastern Continental Divide and the easternmost part of Worcester County along the Atlantic coast.",0.98
REL_546FF09AEE692B06,DOC005,document_mentions_location,United States,DOC005,DOC005_CHUNK_0007,17-19,"Documentation reviewed related to aquatic invasive species science and management for State and Federal agencies.—Continued [ANS, Aquatic Nuisance Species; AIS, Aquatic Invasive Species; USDA, United States Department of Agriculture; NPS, National Park Service; NRSS, Natural Resource Stewardship & Science; BRD, Biological Resources Division; NPR, Natural Resource Report; DNREC, Department of Natural Resources and En…",0.98
REL_025BDC6E2839F80C,DOC005,document_mentions_location,Chesapeake Bay,DOC005,DOC005_CHUNK_0008,19-20,"Army Corps of Engineers (ACE), on aquatic invasive species issues in Chesapeake Bay and the region.",0.98
REL_8A0AE17FB93A79CC,DOC005,document_mentions_location,Maryland,DOC005,DOC005_CHUNK_0008,19-20,"within Maryland is achieved primarily through the Maryland Department of Natural Resources (MD DNR) along with other State agen- cies, including the Maryland Department of Agriculture, Maryland Department of the Environment, and the Maryland Department of Transportation Port Administration.",0.98
REL_3D5E87DD01144BC7,DOC005,document_mentions_location,United States,DOC005,DOC005_CHUNK_0008,19-20,"Maryland also frequently partners with Federal agencies, including Fish and Wildlife Service (FWS), USGS, the Environmental Protection Agency (EPA), U.S.",0.98
REL_2D62BCA9BF0B76C0,DOC005,document_mentions_species,bighead carp,DOC005,DOC005_CHUNK_0008,19-20,"The high priority lists for freshwater animals, plants, and pathogens include • Species of greatest concern: Fish (blue catfish, northern snakehead, and flathead catfish, most notably), mol- lusks such as the zebra mussel, and plants (hydrilla); • Additional priority species: Faxonius (Oronectes) virilis (virile crayfish), F . rusticus (rusty crayfish), Procambarus clarkii (red swamp crayfish), Myocaster coypus (nut…",0.98
REL_1DA9A47B1A461855,DOC005,document_mentions_species,mute swan,DOC005,DOC005_CHUNK_0008,19-20,"The high priority lists for freshwater animals, plants, and pathogens include • Species of greatest concern: Fish (blue catfish, northern snakehead, and flathead catfish, most notably), mol- lusks such as the zebra mussel, and plants (hydrilla); • Additional priority species: Faxonius (Oronectes) virilis (virile crayfish), F . rusticus (rusty crayfish), Procambarus clarkii (red swamp crayfish), Myocaster coypus (nut…",0.98
REL_4D634ED6AC4C6C5B,DOC005,document_mentions_species,northern snakehead,DOC005,DOC005_CHUNK_0008,19-20,"Invasive Species Among the AIS in freshwater currently of greatest concern to MD DNR ISMT are fish, Ictalurus furcatus (blue catfish), Channa argus (northern snakehead), and Pylodictis olivaris (flathead catfish), most notably (Fig.",0.98
REL_4B04B29EC020366E,DOC005,document_mentions_species,round goby,DOC005,DOC005_CHUNK_0008,19-20,"The high priority lists for freshwater animals, plants, and pathogens include • Species of greatest concern: Fish (blue catfish, northern snakehead, and flathead catfish, most notably), mol- lusks such as the zebra mussel, and plants (hydrilla); • Additional priority species: Faxonius (Oronectes) virilis (virile crayfish), F . rusticus (rusty crayfish), Procambarus clarkii (red swamp crayfish), Myocaster coypus (nut…",0.98
REL_C53D157CFDFC8BCD,DOC005,document_mentions_species,silver carp,DOC005,DOC005_CHUNK_0008,19-20,"The high priority lists for freshwater animals, plants, and pathogens include • Species of greatest concern: Fish (blue catfish, northern snakehead, and flathead catfish, most notably), mol- lusks such as the zebra mussel, and plants (hydrilla); • Additional priority species: Faxonius (Oronectes) virilis (virile crayfish), F . rusticus (rusty crayfish), Procambarus clarkii (red swamp crayfish), Myocaster coypus (nut…",0.98
REL_A7554736F81AB06C,DOC005,document_mentions_species,zebra mussel,DOC005,DOC005_CHUNK_0008,19-20,4); mollusks such as Dreissena polymorpha (zebra mussel); and plants such as Hydrilla verticillata (hydrilla).,0.98
REL_59886F961C1B5761,DOC005,document_mentions_location,Chesapeake Bay,DOC005,DOC005_CHUNK_0009,20-21,"Virginia (Department of Game and Inland Fisheries) Overview Roughly 60 percent of the Commonwealth of Virginia is within the Chesapeake Bay watershed, with water flowing to the bay through four large rivers (Potomac, Rappahannock, York, and James) or along the 7,200 miles of tidal shore- line (VDCR, 2019).",0.98
REL_F9E7DABD665E1E3C,DOC005,document_mentions_species,black carp,DOC005,DOC005_CHUNK_0009,20-21,"Animals and plants mentioned in the plan are • Fish: northern snakehead, Mylopharyngodon piceus (black carp), blue catfish; • Mollusks: dressenid mussels, New Zealand mudsnail, Rapana venosa (rapa whelk), Corbicula fluminea (Asian clam); • Crayfishes: rusty crayfish, Procambarus virginialis (marbled crayfish); • Aquatic plants: water chestnut, purple loosestrife, phragmites, giant salvinia; fig.",0.98
REL_4ADDD85B673940A9,DOC005,document_mentions_species,mute swan,DOC005,DOC005_CHUNK_0009,20-21,"5); and • Other: nutria, mute swan, Haplosporidium nelsoni (agent of multinucleated sphere unknown or MSX disease in oysters), and West Nile virus.",0.98
REL_2074720B5B25FDEE,DOC005,document_mentions_species,northern snakehead,DOC005,DOC005_CHUNK_0009,20-21,"Animals and plants mentioned in the plan are • Fish: northern snakehead, Mylopharyngodon piceus (black carp), blue catfish; • Mollusks: dressenid mussels, New Zealand mudsnail, Rapana venosa (rapa whelk), Corbicula fluminea (Asian clam); • Crayfishes: rusty crayfish, Procambarus virginialis (marbled crayfish); • Aquatic plants: water chestnut, purple loosestrife, phragmites, giant salvinia; fig.",0.98
REL_3A496BDA87E5A80D,DOC005,document_mentions_location,Chesapeake Bay,DOC005,DOC005_CHUNK_0010,21-23,"inate in Delaware and flow through 15 creek or riverine water- sheds into four major rivers (Sassafrass, Choptank, Nanticoke, and Pocomoke) to the Bay (Chesapeake Bay Program, 2018).",0.98
REL_F54A500D33147FD5,DOC005,document_mentions_location,Maryland,DOC005,DOC005_CHUNK_0010,21-23,"Partnerships for AIS man- agement in the Chesapeake drainage area include other State and Federal agencies such as USDA, FWS, USGS, Maryland DNR, and Virginia DGIF.",0.98
REL_6EB5B8C196A2F907,DOC005,document_mentions_location,United States,DOC005,DOC005_CHUNK_0010,21-23,"Invasive fish: A, Ictalurus furcatus (blue catfish) and B, Channa argus (northern snakehead) are top priority invasive fishes identified by Federal and State collaborators of U.S.",0.98
REL_D1C01E10F329CE3B,DOC005,document_mentions_species,invasive carp,DOC005,DOC005_CHUNK_0010,21-23,"Management Although AIS interests within West Virginia are heavily focused upon invasive carp and other species of concern in the Ohio River drainage area to the west, AIS in the Chesapeake drainage area also are of concern to West Virginia Division of Natural Resources (WV DNR) and other State agencies with invasive species management authority.",0.98
REL_3825276E19AB9C00,DOC005,document_mentions_species,northern snakehead,DOC005,DOC005_CHUNK_0010,21-23,"Invasive fish: A, Ictalurus furcatus (blue catfish) and B, Channa argus (northern snakehead) are top priority invasive fishes identified by Federal and State collaborators of U.S.",0.98
REL_4058349F79799C41,DOC005,document_mentions_location,Chesapeake Bay,DOC005,DOC005_CHUNK_0011,22-24,"Another 1,570 square miles in Pennsylvania lies within the Potomac River Basin, and about 49 percent of the Commonwealth lies within the Chesapeake Bay watershed.",0.98
REL_AAA54EBBCB53DE7C,DOC005,document_mentions_location,Maryland,DOC005,DOC005_CHUNK_0011,22-24,Pennsylvania (Department of Environmental Protection) Overview The Susquehanna River flows from New York through the entire length of the Commonwealth of Pennsylvania and into Maryland.,0.98
REL_5BAD665A4B9B20C2,DOC005,document_mentions_species,northern snakehead,DOC005,DOC005_CHUNK_0011,22-24,Northern snakehead as an invasive species along the Potomac River and its tributaries is of major concern for WV DNR.,0.98
REL_37E03E8C3F0AD695,DOC005,document_mentions_species,zebra mussel,DOC005,DOC005_CHUNK_0011,22-24,"Primary invasive species include • Invasive animals, such as northern snakehead, rusty and virile crayfish, as well as goldfish and carp species, Cipangopaludina chinensis (Chinese mystery snails), Asian clams, and zebra mussels; • Aquatic plants of highest concern (Threat Ranking 1), such as hydrilla, purple loosestrife, and yellow iris. • Invasive microbes and pathogens are listed in this strategic plan; those men…",0.98
REL_049C42CA20D420C5,disease,threat_affects_species,northern snakehead,DOC005,DOC005_CHUNK_0011,22-24,"Primary invasive species include • Invasive animals, such as northern snakehead, rusty and virile crayfish, as well as goldfish and carp species, Cipangopaludina chinensis (Chinese mystery snails), Asian clams, and zebra mussels; • Aquatic plants of highest concern (Threat Ranking 1), such as hydrilla, purple loosestrife, and yellow iris. • Invasive microbes and pathogens are listed in this strategic plan; those men…",0.82
REL_23E9EFD44D91F47D,disease,threat_affects_species,zebra mussel,DOC005,DOC005_CHUNK_0011,22-24,"Primary invasive species include • Invasive animals, such as northern snakehead, rusty and virile crayfish, as well as goldfish and carp species, Cipangopaludina chinensis (Chinese mystery snails), Asian clams, and zebra mussels; • Aquatic plants of highest concern (Threat Ranking 1), such as hydrilla, purple loosestrife, and yellow iris. • Invasive microbes and pathogens are listed in this strategic plan; those men…",0.82
REL_502B7AD1B4650565,invasive species,threat_affects_species,northern snakehead,DOC005,DOC005_CHUNK_0011,22-24,"Primary invasive species include • Invasive animals, such as northern snakehead, rusty and virile crayfish, as well as goldfish and carp species, Cipangopaludina chinensis (Chinese mystery snails), Asian clams, and zebra mussels; • Aquatic plants of highest concern (Threat Ranking 1), such as hydrilla, purple loosestrife, and yellow iris. • Invasive microbes and pathogens are listed in this strategic plan; those men…",0.82
REL_21BA3FB289172A5A,invasive species,threat_affects_species,zebra mussel,DOC005,DOC005_CHUNK_0011,22-24,"Primary invasive species include • Invasive animals, such as northern snakehead, rusty and virile crayfish, as well as goldfish and carp species, Cipangopaludina chinensis (Chinese mystery snails), Asian clams, and zebra mussels; • Aquatic plants of highest concern (Threat Ranking 1), such as hydrilla, purple loosestrife, and yellow iris. • Invasive microbes and pathogens are listed in this strategic plan; those men…",0.82
REL_FCE7DED8E079C274,DOC005,document_mentions_location,Chesapeake Bay,DOC005,DOC005_CHUNK_0012,23-25,"Potomac River Basin, and about 49 percent of the Commonwealth lies within the Chesapeake Bay watershed.",0.98
REL_9334F621A708F449,DOC005,document_mentions_location,Great Lakes,DOC005,DOC005_CHUNK_0012,23-25,Additional AIS of concern in the Ohio River or Great Lakes drainage areas include the round goby and the viral hemorrhagic septicemia virus.,0.98
REL_9050B9AC64764738,DOC005,document_mentions_location,United States,DOC005,DOC005_CHUNK_0012,23-25,"New York State has many additional Federal and regional partners in AIS research and management, includ- ing USGS, FWS, ACE, the Great Lakes Panel on Aquatic Nuisance Species (United States and Canadian membership representing governmental and non-governmental interests), and the Adirondack Watershed Institute (Paul Smith’s College, Paul Smiths, NY).",0.98
REL_FED400947841F754,DOC005,document_mentions_species,northern snakehead,DOC005,DOC005_CHUNK_0012,23-25,"6) Dreissena rostriformis bugensis (quagga mussel), rusty crayfish; • Fish: northern snakehead, and flathead catfish.",0.98
REL_504CE8A83385FFB5,DOC005,document_mentions_species,quagga mussel,DOC005,DOC005_CHUNK_0012,23-25,"6) Dreissena rostriformis bugensis (quagga mussel), rusty crayfish; • Fish: northern snakehead, and flathead catfish.",0.98
REL_5ABD9EA6FB97CA29,DOC005,document_mentions_species,round goby,DOC005,DOC005_CHUNK_0012,23-25,Additional AIS of concern in the Ohio River or Great Lakes drainage areas include the round goby and the viral hemorrhagic septicemia virus.,0.98
REL_E6793F25B8023A86,DOC005,document_mentions_species,zebra mussel,DOC005,DOC005_CHUNK_0012,23-25,"Invasive Species As found in Invaders in the Commonwealth (table 1B), several AIS of particular concern in the Commonwealth and within or potentially within the Chesapeake Bay water- shed include • Aquatic plants: hydrilla, Eurasian milfoil, water chestnut; • Aquatic invertebrates: New Zealand mud snail, zebra mussel, (Fig.",0.98
REL_7AD63F83F4FE0909,DOC005,document_mentions_location,Chesapeake Bay,DOC005,DOC005_CHUNK_0013,24-26,River Basin Commissions Overview Interstate river basin commissions within the Chesapeake Bay drainage area operate interjurisdictionally to protect and conserve biotic and abiotic natural resources in their respec- tive drainage areas.,0.98
REL_47D33973B53283BB,DOC005,document_mentions_location,Great Lakes,DOC005,DOC005_CHUNK_0013,24-26,"New York State has many additional Federal and regional partners in AIS research and management, includ- ing USGS, FWS, ACE, the Great Lakes Panel on Aquatic Nuisance Species (United States and Canadian membership representing governmental and non-governmental interests), and the Adirondack Watershed Institute (Paul Smith’s College, Paul Smiths, NY).",0.98
REL_A28025272E44B4D6,DOC005,document_mentions_location,Maryland,DOC005,DOC005_CHUNK_0013,24-26,"For example, along the Maryland reaches of the Potomac River, FWS and NPS personnel have worked together and with MD DNR to study effects of, and promote the fishery for, northern snake- head, one of the top AIS priorities in the region (A.",0.98
REL_2DE4DD2481EB9A6F,DOC005,document_mentions_location,United States,DOC005,DOC005_CHUNK_0013,24-26,"New York State has many additional Federal and regional partners in AIS research and management, includ- ing USGS, FWS, ACE, the Great Lakes Panel on Aquatic Nuisance Species (United States and Canadian membership representing governmental and non-governmental interests), and the Adirondack Watershed Institute (Paul Smith’s College, Paul Smiths, NY).",0.98
REL_C0CD0263DE8DF2F8,DOC005,document_mentions_species,northern snakehead,DOC005,DOC005_CHUNK_0013,24-26,Methods 13 Invasive Species and Science Needs Species-based AIS priorities within the Chesapeake watershed for New York State include northern snakehead and hydrilla.,0.98
REL_5A7CCED78B952D3D,DOC005,document_mentions_species,quagga mussel,DOC005,DOC005_CHUNK_0013,24-26,"Dressenid mussels including Dreissena polymorpha (zebra mussel, pictured here) and Dreissena rostriformis bugensis (quagga mussel) were identified by regional State and Federal agencies as aquatic “red flag” species of concern.",0.98
REL_ADC166DD378F3DF0,DOC005,document_mentions_species,zebra mussel,DOC005,DOC005_CHUNK_0013,24-26,"Dressenid mussels including Dreissena polymorpha (zebra mussel, pictured here) and Dreissena rostriformis bugensis (quagga mussel) were identified by regional State and Federal agencies as aquatic “red flag” species of concern.",0.98
REL_66F549CEE627CE10,DOC005,document_mentions_location,Chesapeake Bay,DOC005,DOC005_CHUNK_0014,25-27,"14 Aquatic Invasive Species in the Chesapeake Bay Drainage the National Control and Management Plan for Members of the Snakehead Family, Channidae (Aquatic Nuisance Species Task Force, 2014).",0.98
REL_A2979E31D9547640,DOC005,document_mentions_location,United States,DOC005,DOC005_CHUNK_0014,25-27,"National Oceanic and Atmospheric Administration, ACE, U.S.",0.98
REL_7A6EC30ADDACAF4E,DOC005,document_mentions_species,northern snakehead,DOC005,DOC005_CHUNK_0014,25-27,Invasive Species Priority AIS for FWS and NPS reflect the concerns of the States regionally; priority AIS for these agencies include blue catfish and northern snakehead.,0.98
REL_C519BA5D1F2FC204,DOC005,document_mentions_species,quagga mussel,DOC005,DOC005_CHUNK_0014,25-27,"Dreissena polymorpha (zebra mussel, pictured here) and Dreissena rostriformis bugensis (quagga mussel) were identified by regional State and Federal agencies as aquatic “red flag” species of concern.",0.98
REL_B7F0DE703E7E8604,DOC005,document_mentions_species,zebra mussel,DOC005,DOC005_CHUNK_0014,25-27,"Dreissena polymorpha (zebra mussel, pictured here) and Dreissena rostriformis bugensis (quagga mussel) were identified by regional State and Federal agencies as aquatic “red flag” species of concern.",0.98
REL_BAA0A25D1260AFDE,DOC005,document_mentions_location,Chesapeake Bay,DOC005,DOC005_CHUNK_0015,27,"Washington National Forest and Jefferson National Forest in Virginia, and Monongahela National Forest in West Virginia—are within the Chesapeake Bay watershed.",0.98
REL_D4B4A84545E0A8E9,DOC005,document_mentions_location,United States,DOC005,DOC005_CHUNK_0015,27,U.S.,0.98
REL_D1B757E148C6BACE,DOC005,document_mentions_species,common carp,DOC005,DOC005_CHUNK_0015,27,"Cyprinus carpio (common carp) and Carassius auratus (goldfish) have been reported, mostly in the upper region of the Chesapeake Bay drainage area, including the Susquehanna River and Potomac River drainage areas.",0.98
REL_93915032E871ED8A,DOC005,document_mentions_species,northern snakehead,DOC005,DOC005_CHUNK_0015,27,"Among fish species, the northern snakehead, blue catfish, and flathead catfish were repeatedly named as AIS prior- ity species by State and Federal partners and were widely reported in the lower Chesapeake Bay drainage area.",0.98
REL_18570C9D04BC7BCE,DOC005,document_mentions_species,quagga mussel,DOC005,DOC005_CHUNK_0015,27,"The invertebrates widely and recently reported to the database include zebra mussel, quagga mussel, veined rapa whelk, and Chinese mystery snail, although reports of these invertebrates are more sporadic than those for the crayfishes and Asian clam.",0.98
REL_558AC4FCCE3E8C4F,DOC005,document_mentions_species,zebra mussel,DOC005,DOC005_CHUNK_0015,27,"The invertebrates widely and recently reported to the database include zebra mussel, quagga mussel, veined rapa whelk, and Chinese mystery snail, although reports of these invertebrates are more sporadic than those for the crayfishes and Asian clam.",0.98
REL_F139810B88971A70,DOC005,document_mentions_location,Chesapeake Bay,DOC005,DOC005_CHUNK_0016,27-30,"Cyprinus carpio (common carp) and Carassius auratus (goldfish) have been reported, mostly in the upper region of the Chesapeake Bay drainage area, including the Susquehanna River and Potomac River drainage areas.",0.98
REL_D967E1C3A1EA629D,DOC005,document_mentions_location,Great Lakes,DOC005,DOC005_CHUNK_0016,27-30,"Ches, Chesapeake; Susque, Susquehanna] Taxonomic group Common name Scientific name Watershed (HUC 6 drainage area) Approximate introduction Native range (River basins and drainage area) Upper Ches Lower Ches James Potomac Lower Susque Upper Susque Western Susque Water plant (5) Eurasian water- milfoil Myriophyllum spicatum * * 1950s Eurasia Hydrilla (monoescious) Hydrilla verticillata * * * * * 1980s Korea Water che…",0.98
REL_16EBA2CF08DEEF7E,DOC005,document_mentions_location,Louisiana,DOC005,DOC005_CHUNK_0016,27-30,"Ches, Chesapeake; Susque, Susquehanna] Taxonomic group Common name Scientific name Watershed (HUC 6 drainage area) Approximate introduction Native range (River basins and drainage area) Upper Ches Lower Ches James Potomac Lower Susque Upper Susque Western Susque Water plant (5) Eurasian water- milfoil Myriophyllum spicatum * * 1950s Eurasia Hydrilla (monoescious) Hydrilla verticillata * * * * * 1980s Korea Water che…",0.98
REL_189B0600B943B013,DOC005,document_mentions_location,United States,DOC005,DOC005_CHUNK_0016,27-30,Aquatic invasive species data were compiled from the U.S.,0.98
REL_5DDFFD69A0358DC7,DOC005,document_mentions_species,common carp,DOC005,DOC005_CHUNK_0016,27-30,"Cyprinus carpio (common carp) and Carassius auratus (goldfish) have been reported, mostly in the upper region of the Chesapeake Bay drainage area, including the Susquehanna River and Potomac River drainage areas.",0.98
REL_2685D9E976A1B0ED,DOC005,document_mentions_species,invasive carp,DOC005,DOC005_CHUNK_0016,27-30,"Invasive carp, such as silver carp, were mentioned by multiple agencies (3 of the 10 stakeholder groups) because they represent a priority AIS in other nearby watersheds and a threat for introduction and dissemina- tion within the Chesapeake Bay watershed from these neighboring regions. • Invasive plants are among priority species, and Hydrilla verticillata (hydrilla) topped the list.",0.98
REL_F9E44C6A1820FEF5,DOC005,document_mentions_species,northern snakehead,DOC005,DOC005_CHUNK_0016,27-30,"All agencies and organizations (13) reported that AIS are of general concern, with most reporting AIS-related issues to be of high priority, including invasive fishes and inverte- brates, invasive plants, and microbes including aquatic animal pathogens. • Invasive fishes and invertebrates are of great concern to all partner agencies, and the northern snakehead and blue catfish are high priority to most of them, repr…",0.98
REL_6B6DB0CB468EC19C,DOC005,document_mentions_species,quagga mussel,DOC005,DOC005_CHUNK_0016,27-30,"Ches, Chesapeake; Susque, Susquehanna] Taxonomic group Common name Scientific name Watershed (HUC 6 drainage area) Approximate introduction Native range (River basins and drainage area) Upper Ches Lower Ches James Potomac Lower Susque Upper Susque Western Susque Water plant (5) Eurasian water- milfoil Myriophyllum spicatum * * 1950s Eurasia Hydrilla (monoescious) Hydrilla verticillata * * * * * 1980s Korea Water che…",0.98
REL_68E839AAB2883723,DOC005,document_mentions_species,silver carp,DOC005,DOC005_CHUNK_0016,27-30,"Invasive carp, such as silver carp, were mentioned by multiple agencies (3 of the 10 stakeholder groups) because they represent a priority AIS in other nearby watersheds and a threat for introduction and dissemina- tion within the Chesapeake Bay watershed from these neighboring regions. • Invasive plants are among priority species, and Hydrilla verticillata (hydrilla) topped the list.",0.98
REL_BC9FACCA195A394F,DOC005,document_mentions_species,zebra mussel,DOC005,DOC005_CHUNK_0016,27-30,"Ches, Chesapeake; Susque, Susquehanna] Taxonomic group Common name Scientific name Watershed (HUC 6 drainage area) Approximate introduction Native range (River basins and drainage area) Upper Ches Lower Ches James Potomac Lower Susque Upper Susque Western Susque Water plant (5) Eurasian water- milfoil Myriophyllum spicatum * * 1950s Eurasia Hydrilla (monoescious) Hydrilla verticillata * * * * * 1980s Korea Water che…",0.98
REL_611C4B593F4E36A0,invasive species,threat_affects_species,quagga mussel,DOC005,DOC005_CHUNK_0016,27-30,"Ches, Chesapeake; Susque, Susquehanna] Taxonomic group Common name Scientific name Watershed (HUC 6 drainage area) Approximate introduction Native range (River basins and drainage area) Upper Ches Lower Ches James Potomac Lower Susque Upper Susque Western Susque Water plant (5) Eurasian water- milfoil Myriophyllum spicatum * * 1950s Eurasia Hydrilla (monoescious) Hydrilla verticillata * * * * * 1980s Korea Water che…",0.82
REL_F2EDCAD6DD9BA62F,invasive species,threat_affects_species,zebra mussel,DOC005,DOC005_CHUNK_0016,27-30,"Ches, Chesapeake; Susque, Susquehanna] Taxonomic group Common name Scientific name Watershed (HUC 6 drainage area) Approximate introduction Native range (River basins and drainage area) Upper Ches Lower Ches James Potomac Lower Susque Upper Susque Western Susque Water plant (5) Eurasian water- milfoil Myriophyllum spicatum * * 1950s Eurasia Hydrilla (monoescious) Hydrilla verticillata * * * * * 1980s Korea Water che…",0.82
REL_2961F724C5BE5186,DOC005,document_mentions_location,Chesapeake Bay,DOC005,DOC005_CHUNK_0017,29-31,* * 1995 Ohio River basin Virile crayfish Faxonius virilis ** ** 1960s Great Lakes and Upper Midwest Red Swamp Crayfish Procambarus clarkii ** ** 1996 Gulf coastal plain & lower Mississippi Southern White River crawfish Procambarus zonan- gulus ** ** 1996 Louisiana Asian clam Corbicula fluminea ** ** ** ** ** * 1975 Asia Zebra mussel Dreissena polymorpha * 2002 Eurasia Quagga mussel Dreissena rostrifor- mis bugensis…,0.98
REL_BDE237E4D25760B8,DOC005,document_mentions_location,Great Lakes,DOC005,DOC005_CHUNK_0017,29-31,* * 1995 Ohio River basin Virile crayfish Faxonius virilis ** ** 1960s Great Lakes and Upper Midwest Red Swamp Crayfish Procambarus clarkii ** ** 1996 Gulf coastal plain & lower Mississippi Southern White River crawfish Procambarus zonan- gulus ** ** 1996 Louisiana Asian clam Corbicula fluminea ** ** ** ** ** * 1975 Asia Zebra mussel Dreissena polymorpha * 2002 Eurasia Quagga mussel Dreissena rostrifor- mis bugensis…,0.98
REL_3583C9C5531CE21E,DOC005,document_mentions_location,Louisiana,DOC005,DOC005_CHUNK_0017,29-31,* * 1995 Ohio River basin Virile crayfish Faxonius virilis ** ** 1960s Great Lakes and Upper Midwest Red Swamp Crayfish Procambarus clarkii ** ** 1996 Gulf coastal plain & lower Mississippi Southern White River crawfish Procambarus zonan- gulus ** ** 1996 Louisiana Asian clam Corbicula fluminea ** ** ** ** ** * 1975 Asia Zebra mussel Dreissena polymorpha * 2002 Eurasia Quagga mussel Dreissena rostrifor- mis bugensis…,0.98
REL_0A6198318C1270A6,DOC005,document_mentions_location,United States,DOC005,DOC005_CHUNK_0017,29-31,Aquatic invasive species data were compiled from the U.S.,0.98
REL_7500D9DC187D995E,DOC005,document_mentions_species,common carp,DOC005,DOC005_CHUNK_0017,29-31,"Ches, Chesapeake; Susque, Susquehanna] Taxonomic group Common name Scientific name Watershed (HUC 6 drainage area) Approximate introduction Native range (River basins and drainage area) Upper Ches Lower Ches James Potomac Lower Susque Upper Susque Western Susque Fish (11) Goldfish Carassius auratus * * * * 1980s Eastern Asia Common carp Cyprinus carpio * * ** * ** Late 1800s Eurasia Northern snake- head Channa argus…",0.98
REL_2BF6EE8AC0640E4D,DOC005,document_mentions_species,quagga mussel,DOC005,DOC005_CHUNK_0017,29-31,* * 1995 Ohio River basin Virile crayfish Faxonius virilis ** ** 1960s Great Lakes and Upper Midwest Red Swamp Crayfish Procambarus clarkii ** ** 1996 Gulf coastal plain & lower Mississippi Southern White River crawfish Procambarus zonan- gulus ** ** 1996 Louisiana Asian clam Corbicula fluminea ** ** ** ** ** * 1975 Asia Zebra mussel Dreissena polymorpha * 2002 Eurasia Quagga mussel Dreissena rostrifor- mis bugensis…,0.98
REL_B395735FBD713253,DOC005,document_mentions_species,zebra mussel,DOC005,DOC005_CHUNK_0017,29-31,* * 1995 Ohio River basin Virile crayfish Faxonius virilis ** ** 1960s Great Lakes and Upper Midwest Red Swamp Crayfish Procambarus clarkii ** ** 1996 Gulf coastal plain & lower Mississippi Southern White River crawfish Procambarus zonan- gulus ** ** 1996 Louisiana Asian clam Corbicula fluminea ** ** ** ** ** * 1975 Asia Zebra mussel Dreissena polymorpha * 2002 Eurasia Quagga mussel Dreissena rostrifor- mis bugensis…,0.98
REL_456AFD5208ADB8D7,DOC005,document_mentions_location,Chesapeake Bay,DOC005,DOC005_CHUNK_0018,31-32,All Chesapeake Bay regional partners recognized and emphasized the need to communicate to the public the importance of AIS management and the crucial role of the public in prevention of AIS introduction and dissemination.,0.98
REL_E3FF8D3A73CA616C,DOC005,document_mentions_location,Maryland,DOC005,DOC005_CHUNK_0018,31-32,"The MAPAIS serves as 1 of those 6 advisory groups and has members from Delaware, Maryland, New Jersey, New York, Pennsylvania, Virginia, West Virginia, North Carolina, and Washington DC; the Chesapeake Bay watershed is repre- sented entirely within the geographic scope of the MAPAIS.",0.98
REL_510CC7ADE8D5D473,DOC005,document_mentions_species,northern snakehead,DOC005,DOC005_CHUNK_0018,31-32,"USGS scientists are working with academia and V A DGIF on the novel water chestnut Trapa bispinosa as an emerging threat in the region and with members of the mid-Atlantic northern snakehead working group (FWS, NPS, MD DNR, V A DGIF, DC DOEE, DE DNREC) to identify pathogens of concern among this species.",0.98
REL_0F5F0448C38C0F09,DOC005,document_mentions_location,Chesapeake Bay,DOC005,DOC005_CHUNK_0019,32-33,"The MAPAIS serves as 1 of those 6 advisory groups and has members from Delaware, Maryland, New Jersey, New York, Pennsylvania, Virginia, West Virginia, North Carolina, and Washington DC; the Chesapeake Bay watershed is repre- sented entirely within the geographic scope of the MAPAIS.",0.98
REL_BEB89AFA88EFF903,DOC005,document_mentions_location,Maryland,DOC005,DOC005_CHUNK_0019,32-33,"The MAPAIS serves as 1 of those 6 advisory groups and has members from Delaware, Maryland, New Jersey, New York, Pennsylvania, Virginia, West Virginia, North Carolina, and Washington DC; the Chesapeake Bay watershed is repre- sented entirely within the geographic scope of the MAPAIS.",0.98
REL_2C7C811215A195AC,DOC005,document_mentions_species,northern snakehead,DOC005,DOC005_CHUNK_0019,32-33,Some potential ways to address the most pressing science and management needs and priorities expressed by partner agency representatives in the Chesapeake Bay drainage area include the following: • Development of biosurveillance and risk assess- ment tools for identification of AIS in proactive management; • Development of proactive management techniques to prevent AIS introductions through recognized vectors and pa…,0.98
REL_705656C477E0CEF3,DOC005,document_mentions_location,Chesapeake Bay,DOC005,DOC005_CHUNK_0020,33-38,"Chesapeake Bay Program, 2019, Facts and Figures: Chesapeake Bay Program, accessed November 30, 2019, at https://www.chesapeakebay.net/ discover/ facts.",0.98
REL_FEAD5125658BDB1B,DOC005,document_mentions_location,Great Lakes,DOC005,DOC005_CHUNK_0020,33-38,"Rosaen, A.L., Grover, E.A., and Spencer, C.W., 2016, The cost of aquatic invasive species to Great Lakes States: East Lansing, Mich., Anderson Economic Group LLC, 51 p.",0.98
REL_C26EBA79FDC7E4BC,DOC005,document_mentions_location,Maryland,DOC005,DOC005_CHUNK_0020,33-38,"Maryland Sea Grant, 2013, Chesapeake Bay Facts and Figures: Maryland Sea Grant, accessed November 30, 2019, at mdsg.umd.edu/ topics/ ecosystems- restoration/ Chesapeake- bay- facts- and- figures.",0.98
REL_D2525C1F73719448,DOC005,document_mentions_location,United States,DOC005,DOC005_CHUNK_0020,33-38,"Pimentel, D., Zuniga, R., and Morrison, D., 2005, Update on the environmental and economic costs associated with alien-invasive species in the United States: Ecological Economics, v.",0.98
REL_0870DCAF6DD3AC5E,DOC005,document_mentions_species,northern snakehead,DOC005,DOC005_CHUNK_0020,33-38,"interagency biosurveillance programs to best utilize personnel, funds, and other resources among interested agencies and organizations; • Investigations to address life history, impacts, and movement/dissemination of top priority invasive spe- cies in the region; • Investigations to determine the potential for application of synthetic biological (genetic) control methods; • Investigations with focus on emerging and…",0.98
REL_38410DD526D811A8,DOC006,document_mentions_location,Arkansas,DOC006,DOC006_CHUNK_0001,1-3,"Water hyacinth blocking Lock & Dam #2 on the Arkansas River, USACE Little Rock District.",0.98
REL_C5E5217555BAC7FF,DOC006,document_mentions_location,United States,DOC006,DOC006_CHUNK_0001,1-3,Aquatic Invasive Species Research Report Section 1108 of WRDA 2018 Prepared by the Assistant Secretary of the Army for Civil Works June 2020 Aquatic Invasive Species Research: Addressing the Spread and Impacts of Aquatic Invasive Species This report describes ongoing and recently completed research activities performed by the U.S.,0.98
REL_89F20962AB03827D,DOC006,document_mentions_species,invasive carp,DOC006,DOC006_CHUNK_0001,1-3,"Aquatic Invasive Species Research Section 1108(a) of WRDA 2018, directs the Secretary to undertake research on the management and eradication of aquatic invasive species, including Asian carp and zebra mussels as part of the ongoing activities of the ERDC.",0.98
REL_FA445C8FE3187891,DOC006,document_mentions_species,zebra mussel,DOC006,DOC006_CHUNK_0001,1-3,"Aquatic Invasive Species Research Section 1108(a) of WRDA 2018, directs the Secretary to undertake research on the management and eradication of aquatic invasive species, including Asian carp and zebra mussels as part of the ongoing activities of the ERDC.",0.98
REL_F64BF7777A6AC5E8,DOC006,document_mentions_location,Arkansas,DOC006,DOC006_CHUNK_0002,3-4,"Water hyacinth blocking Lock & Dam #2 on the Arkansas River, USACE Little Rock District.",0.98
REL_43BE38E5620B5553,DOC006,document_mentions_location,Great Lakes,DOC006,DOC006_CHUNK_0002,3-4,"The USACE currently operates and maintains electric dispersal barriers in the 3 Chicago Sanitary and Ship Canal (CSSC) to prevent interbasin transfer of invasive fish, particularly Asian carp, between the Mississippi River and Great Lakes basins.",0.98
REL_78EEA806C499B318,DOC006,document_mentions_location,Illinois,DOC006,DOC006_CHUNK_0002,3-4,"Additionally, USACE is evaluating potential control options and technologies at Brandon Road Lock and Dam on the Des Plaines River in Illinois to prevent upstream interbasin transfer of aquatic nuisance species.",0.98
REL_9519509311B6F6AE,DOC006,document_mentions_location,United States,DOC006,DOC006_CHUNK_0002,3-4,"A recent survey found that 61% of responding Districts within the continental United States, reported zebra mussels in USACE managed waters (Hay et al.",0.98
REL_82E9A89DD2C48A37,DOC006,document_mentions_species,invasive carp,DOC006,DOC006_CHUNK_0002,3-4,"Asian carp, sea lamprey, and suckermouth catfish are examples of invasive fish species present on USACE projects that require implementation of prevention or management strategies to mitigate impacts to operations (navigation, ecosystem restoration, and recreation) and to reduce negative impacts to native species.",0.98
REL_6919CA19F4A02479,DOC006,document_mentions_species,quagga mussel,DOC006,DOC006_CHUNK_0002,3-4,"Invasive mussels (zebra and quagga mussels, also known collectively as Dreissenid mussels) are problem AIS for USACE.",0.98
REL_3B7FBF93DE67FDC2,DOC006,document_mentions_species,sea lamprey,DOC006,DOC006_CHUNK_0002,3-4,"Asian carp, sea lamprey, and suckermouth catfish are examples of invasive fish species present on USACE projects that require implementation of prevention or management strategies to mitigate impacts to operations (navigation, ecosystem restoration, and recreation) and to reduce negative impacts to native species.",0.98
REL_C2F36136DDB5E330,DOC006,document_mentions_species,zebra mussel,DOC006,DOC006_CHUNK_0002,3-4,"A recent survey found that 61% of responding Districts within the continental United States, reported zebra mussels in USACE managed waters (Hay et al.",0.98
REL_92C4C92CA22B11C7,DOC006,document_mentions_location,Great Lakes,DOC006,DOC006_CHUNK_0003,4-6,Ongoing research addresses four technical areas:  Electric Barriers: ERDC scientists continue to support the development of improved strategies to prevent the movement of Asian carp into the Great Lakes.,0.98
REL_34AEDE8D5C05D93D,DOC006,document_mentions_species,invasive carp,DOC006,DOC006_CHUNK_0003,4-6,"The current ANSRP research priorities are invasive fish (e.g., Asian carp, sea lamprey), mussels (e.g., zebra and quagga mussels), and harmful algal bloom species.",0.98
REL_3446843B3C2DA15C,DOC006,document_mentions_species,quagga mussel,DOC006,DOC006_CHUNK_0003,4-6,"The current ANSRP research priorities are invasive fish (e.g., Asian carp, sea lamprey), mussels (e.g., zebra and quagga mussels), and harmful algal bloom species.",0.98
REL_5018E53545109D93,DOC006,document_mentions_species,sea lamprey,DOC006,DOC006_CHUNK_0003,4-6,"The current ANSRP research priorities are invasive fish (e.g., Asian carp, sea lamprey), mussels (e.g., zebra and quagga mussels), and harmful algal bloom species.",0.98
REL_7EAB956845018BCE,DOC006,document_mentions_species,zebra mussel,DOC006,DOC006_CHUNK_0003,4-6,"This program is an expan sion of the former Zebra Mussel Research Program, and addresses all invasive aquatic animals as well as cyanobacteria.",0.98
REL_A5934D1E6760FE4A,DOC006,document_mentions_location,Florida,DOC006,DOC006_CHUNK_0004,6-7,"Geological Survey and academic partners is ongoing to study HAB dynamics in Lake Okeechobee, Florida.",0.98
REL_4FE6B41B1570168B,DOC006,document_mentions_location,Great Lakes,DOC006,DOC006_CHUNK_0004,6-7,improved strategies to prevent the movement of Asian carp into the Great Lakes.,0.98
REL_F0F4BD8332BBA0CF,DOC006,document_mentions_location,United States,DOC006,DOC006_CHUNK_0004,6-7,Ongoing research in collaboration with the U.S.,0.98
REL_DE829453AABD48FE,DOC006,document_mentions_species,invasive carp,DOC006,DOC006_CHUNK_0004,6-7,improved strategies to prevent the movement of Asian carp into the Great Lakes.,0.98
REL_8C7BB89ADD814E67,DOC006,document_mentions_species,silver carp,DOC006,DOC006_CHUNK_0004,6-7,6  Coastal Rivers Invasion: Research to assess the salinity responses of Asian carp (bighead and silver carp) to salinity will provide much needed information about salinity tolerance of these species and their ability to survive in brackish ecosystems.,0.98
REL_A87D7E3AA8D2D6F2,DOC006,document_mentions_species,zebra mussel,DOC006,DOC006_CHUNK_0004,6-7,Zebra Mussel Research: Current antifouling techniques are limited to physical or mechanical removal of mussels from infrastructure and many of the existing coating technologies are not suitable for USACE hydraulic steel structures.,0.98
REL_AA945639B82D05BD,flooding,threat_affects_species,invasive carp,DOC006,DOC006_CHUNK_0004,6-7,These data underscore the high likelihood of survival and dispersal of Asian carp in estuarine environments especially during flooding events and floodway operations and provide increased awareness about the risk of estuarine systems as a potential trans-coastal conduit for carp dispersal.  Impacts to Native Species: Using a novel combination of bio-energetic and population models supported by a decade of field col…,0.82
REL_290EDA6062EF38F1,DOC006,document_mentions_location,Florida,DOC006,DOC006_CHUNK_0005,7-9,"Geological Survey and academic partners is ongoing to study HAB dynamics in Lake Okeechobee, Florida.",0.98
REL_D2958C191AD15568,DOC006,document_mentions_location,United States,DOC006,DOC006_CHUNK_0005,7-9,Collaborative research with the U.S.,0.98
REL_CB52795A2A2CF16F,DOC006,document_mentions_location,United States,DOC006,DOC006_CHUNK_0006,8-10,There are currently no biological control options available for these invasive aquatic weed species in the U.S.,0.98
REL_01F1BCE58AC70C53,DOC006,document_mentions_location,Florida,DOC006,DOC006_CHUNK_0007,10-12,"Research in this area led to the discovery and documentation of hybridization between native and non-native aquatic plant species, herbicide-resistant hydrilla populations in Florida, morphological and genetic differences of water chestnut populations in the northeastern U.S., and knowledge on the genetic variability among flowering rush and alligatorweed populations.",0.98
REL_567DC2B3E1AE9902,DOC006,document_mentions_location,Great Lakes,DOC006,DOC006_CHUNK_0007,10-12,Successful management at these locales significantly reduced the risk of hydrilla spread into the Great Lakes and other associated tributaries.,0.98
REL_6DDCDC7C748DBCD4,DOC006,document_mentions_location,North America,DOC006,DOC006_CHUNK_0007,10-12,ERDC is currently developing assays that can be incorporated in hand-held equipment for rapid detection and genetic discrimination between phragmites haplotypes found in North America.,0.98
REL_A2FA2319549B84DF,DOC006,document_mentions_location,United States,DOC006,DOC006_CHUNK_0007,10-12,"Research in this area led to the discovery and documentation of hybridization between native and non-native aquatic plant species, herbicide-resistant hydrilla populations in Florida, morphological and genetic differences of water chestnut populations in the northeastern U.S., and knowledge on the genetic variability among flowering rush and alligatorweed populations.",0.98
REL_A1F96FB24990E18C,U.S. Army Corps of Engineers,agency_manages_program,Aquatic Nuisance Species Task Force,DOC006,DOC006_CHUNK_0008,11-13,The USACE engages with these two interagency coordinating bodies and implements an Invasive Species Program that is consistent with the NISC National Invasive Species Management Plan (NISMP) and the Aquatic Nuisance Species Task Force Strategic Plan (ANSTF-SP).,0.86
REL_EB3C3455408064C0,U.S. Army Corps of Engineers,agency_manages_program,Invasive Species Program,DOC006,DOC006_CHUNK_0008,11-13,The USACE engages with these two interagency coordinating bodies and implements an Invasive Species Program that is consistent with the NISC National Invasive Species Management Plan (NISMP) and the Aquatic Nuisance Species Task Force Strategic Plan (ANSTF-SP).,0.86
REL_503BF2DAB6E2A608,DOC006,document_mentions_location,United States,DOC006,DOC006_CHUNK_0008,11-13,"The ISLT is a national, multidisciplinary team and is composed of one representative from each Major Subordinate Command (MSC) Division Office, a representative from one of the District Offices within each MSC, HQ USACE proponents, and Liaisons representing the research community from ERDC, the U.S.",0.98
REL_3E84CBC5386E25A4,DOC006,document_mentions_location,Great Lakes,DOC006,DOC006_CHUNK_0012,18-20,Aquatic Ecosystem Restoration Foundation. http://www.aquatics.org/pubs/economic_impact.pdf The Great Lakes Fishery Commission.,0.98
REL_379628766F026C83,DOC006,document_mentions_location,United States,DOC006,DOC006_CHUNK_0012,18-20,United States Federal Aquatic Nuisance Species Task Force.,0.98
REL_27BF3467E6B28589,DOC006,document_mentions_species,quagga mussel,DOC006,DOC006_CHUNK_0012,18-20,Economic risk associated with the potential establishment of zebra and quagga mussels in the Columbia River Basin.,0.98
REL_E66903BA778FB28F,DOC006,document_mentions_species,zebra mussel,DOC006,DOC006_CHUNK_0012,18-20,Incidence of zebra mussel on U.S.,0.98
REL_BE4D8849C0215933,DOC007,document_mentions_location,Florida,DOC007,DOC007_CHUNK_0001,1-5,A USGS collaborative research program tracks invasive Burmese pythons in Florida to provide demographic information to support removal efforts. (USGS) 6.,0.98
REL_0FD5DFAF9D12FCC8,DOC007,document_mentions_location,Great Lakes,DOC007,DOC007_CHUNK_0001,1-5,A USGS-Great Lakes Science Center scuba diver collects invasive Dreissenid mussels and algae from Lake Huron as part of algal growth monitoring. (USGS) 2.,0.98
REL_4ED9F2D1484C7318,DOC007,document_mentions_location,United States,DOC007,DOC007_CHUNK_0001,1-5,2 U.S.,0.98
REL_4D36A6403FB682AE,DOC007,document_mentions_location,United States,DOC007,DOC007_CHUNK_0002,5-7,"Blackfoot River in Missoula, Montana (BLM) 3 2021-2025 STRATEGIC FRAMEWORK INVASIVE SPECIES CROSSCUTTING PRINCIPLES Promote and engage in collaborative conservation; Leverage science; Adaptively manage; Manage on a watershed or ecosystem scale, including islands and other isolated or contained geographies; Promote innovative solutions; Apply integrated pest management; Prioritize cost-effectiveness; Streamline regul…",0.98
REL_A0DB8EE9CEB967CB,U.S. Army Corps of Engineers,agency_manages_program,Aquatic Nuisance Species Task Force,DOC007,DOC007_CHUNK_0003,7-9,LOCAL COLLABORATIVES Communities of Practice Cooperative Invasive Species / Weed Management Areas Partnerships for Regional Invasive Species Management REGIONAL NETWORKS Aquatic Nuisance Species Regional Panels Invasive Carp Regional Coordinating Committee Western Weed Coordinating Committee NATIONAL GROUPS Aquatic Nuisance Species Task Force Federal Interagency Committee on the Management of Noxious and Exotic Weed…,0.86
REL_CDD38CF9F881205F,U.S. Army Corps of Engineers,agency_manages_program,Great Lakes Early Detection Monitoring Program,DOC007,DOC007_CHUNK_0003,7-9,LOCAL COLLABORATIVES Communities of Practice Cooperative Invasive Species / Weed Management Areas Partnerships for Regional Invasive Species Management REGIONAL NETWORKS Aquatic Nuisance Species Regional Panels Invasive Carp Regional Coordinating Committee Western Weed Coordinating Committee NATIONAL GROUPS Aquatic Nuisance Species Task Force Federal Interagency Committee on the Management of Noxious and Exotic Weed…,0.86
REL_AEA880BCE1BF35FD,U.S. Army Corps of Engineers,agency_manages_program,Invasive Carp Regional Coordinating Committee,DOC007,DOC007_CHUNK_0003,7-9,LOCAL COLLABORATIVES Communities of Practice Cooperative Invasive Species / Weed Management Areas Partnerships for Regional Invasive Species Management REGIONAL NETWORKS Aquatic Nuisance Species Regional Panels Invasive Carp Regional Coordinating Committee Western Weed Coordinating Committee NATIONAL GROUPS Aquatic Nuisance Species Task Force Federal Interagency Committee on the Management of Noxious and Exotic Weed…,0.86
REL_C0FA8B2257B6570E,U.S. Department of the Interior,agency_manages_program,Aquatic Nuisance Species Task Force,DOC007,DOC007_CHUNK_0003,7-9,LOCAL COLLABORATIVES Communities of Practice Cooperative Invasive Species / Weed Management Areas Partnerships for Regional Invasive Species Management REGIONAL NETWORKS Aquatic Nuisance Species Regional Panels Invasive Carp Regional Coordinating Committee Western Weed Coordinating Committee NATIONAL GROUPS Aquatic Nuisance Species Task Force Federal Interagency Committee on the Management of Noxious and Exotic Weed…,0.86
REL_62D417822936F6D3,U.S. Department of the Interior,agency_manages_program,Great Lakes Early Detection Monitoring Program,DOC007,DOC007_CHUNK_0003,7-9,LOCAL COLLABORATIVES Communities of Practice Cooperative Invasive Species / Weed Management Areas Partnerships for Regional Invasive Species Management REGIONAL NETWORKS Aquatic Nuisance Species Regional Panels Invasive Carp Regional Coordinating Committee Western Weed Coordinating Committee NATIONAL GROUPS Aquatic Nuisance Species Task Force Federal Interagency Committee on the Management of Noxious and Exotic Weed…,0.86
REL_B1B03C7064C4A009,U.S. Department of the Interior,agency_manages_program,Invasive Carp Regional Coordinating Committee,DOC007,DOC007_CHUNK_0003,7-9,LOCAL COLLABORATIVES Communities of Practice Cooperative Invasive Species / Weed Management Areas Partnerships for Regional Invasive Species Management REGIONAL NETWORKS Aquatic Nuisance Species Regional Panels Invasive Carp Regional Coordinating Committee Western Weed Coordinating Committee NATIONAL GROUPS Aquatic Nuisance Species Task Force Federal Interagency Committee on the Management of Noxious and Exotic Weed…,0.86
REL_9C0E26E7EC6943E8,U.S. Fish and Wildlife Service,agency_manages_program,Aquatic Nuisance Species Task Force,DOC007,DOC007_CHUNK_0003,7-9,LOCAL COLLABORATIVES Communities of Practice Cooperative Invasive Species / Weed Management Areas Partnerships for Regional Invasive Species Management REGIONAL NETWORKS Aquatic Nuisance Species Regional Panels Invasive Carp Regional Coordinating Committee Western Weed Coordinating Committee NATIONAL GROUPS Aquatic Nuisance Species Task Force Federal Interagency Committee on the Management of Noxious and Exotic Weed…,0.86
REL_7443F3527590C5ED,U.S. Fish and Wildlife Service,agency_manages_program,Great Lakes Early Detection Monitoring Program,DOC007,DOC007_CHUNK_0003,7-9,LOCAL COLLABORATIVES Communities of Practice Cooperative Invasive Species / Weed Management Areas Partnerships for Regional Invasive Species Management REGIONAL NETWORKS Aquatic Nuisance Species Regional Panels Invasive Carp Regional Coordinating Committee Western Weed Coordinating Committee NATIONAL GROUPS Aquatic Nuisance Species Task Force Federal Interagency Committee on the Management of Noxious and Exotic Weed…,0.86
REL_7D589D866DD904A8,U.S. Fish and Wildlife Service,agency_manages_program,Invasive Carp Regional Coordinating Committee,DOC007,DOC007_CHUNK_0003,7-9,LOCAL COLLABORATIVES Communities of Practice Cooperative Invasive Species / Weed Management Areas Partnerships for Regional Invasive Species Management REGIONAL NETWORKS Aquatic Nuisance Species Regional Panels Invasive Carp Regional Coordinating Committee Western Weed Coordinating Committee NATIONAL GROUPS Aquatic Nuisance Species Task Force Federal Interagency Committee on the Management of Noxious and Exotic Weed…,0.86
REL_7CD1F2AE519C8381,DOC007,document_mentions_location,Great Lakes,DOC007,DOC007_CHUNK_0003,7-9,LOCAL COLLABORATIVES Communities of Practice Cooperative Invasive Species / Weed Management Areas Partnerships for Regional Invasive Species Management REGIONAL NETWORKS Aquatic Nuisance Species Regional Panels Invasive Carp Regional Coordinating Committee Western Weed Coordinating Committee NATIONAL GROUPS Aquatic Nuisance Species Task Force Federal Interagency Committee on the Management of Noxious and Exotic Weed…,0.98
REL_7C2B27F4CA5B1D76,DOC007,document_mentions_location,North America,DOC007,DOC007_CHUNK_0003,7-9,LOCAL COLLABORATIVES Communities of Practice Cooperative Invasive Species / Weed Management Areas Partnerships for Regional Invasive Species Management REGIONAL NETWORKS Aquatic Nuisance Species Regional Panels Invasive Carp Regional Coordinating Committee Western Weed Coordinating Committee NATIONAL GROUPS Aquatic Nuisance Species Task Force Federal Interagency Committee on the Management of Noxious and Exotic Weed…,0.98
REL_99DEDC29D7D040C5,DOC007,document_mentions_location,United States,DOC007,DOC007_CHUNK_0003,7-9,"5 GOAL 1: COLLABORATION AND PARTNERSHIPS HIGHLIGHTS Collaborated at all levels to promote coordination and cost-effective implementation Local partnerships, regional networks, national groups, international initiatives (see inset) Increased engagement with tribes, territories, and indigenous communities to understand needs and work on shared solutions Native American Fish and Wildlife Society, Native Hawaiian Commun…",0.98
REL_CB1342D30EC6D6B5,DOC007,document_mentions_species,invasive carp,DOC007,DOC007_CHUNK_0003,7-9,LOCAL COLLABORATIVES Communities of Practice Cooperative Invasive Species / Weed Management Areas Partnerships for Regional Invasive Species Management REGIONAL NETWORKS Aquatic Nuisance Species Regional Panels Invasive Carp Regional Coordinating Committee Western Weed Coordinating Committee NATIONAL GROUPS Aquatic Nuisance Species Task Force Federal Interagency Committee on the Management of Noxious and Exotic Weed…,0.98
REL_D4809F5DEC8985E2,DOC007,document_mentions_species,zebra mussel,DOC007,DOC007_CHUNK_0003,7-9,"Fish and Wildlife Service (USFWS) Funding for Golden Mussels, Regional Aquatic Nuisance Species Panels, State Aquatic Nuisance Species Management Plans, and Quagga and Zebra Mussel Action Plan Outcome: Effective partnerships used the best available information and leveraged resources to address national and regional invasive species priorities efficiently and effectively.",0.98
REL_1E30DE78715F311A,invasive species,threat_affects_species,invasive carp,DOC007,DOC007_CHUNK_0003,7-9,LOCAL COLLABORATIVES Communities of Practice Cooperative Invasive Species / Weed Management Areas Partnerships for Regional Invasive Species Management REGIONAL NETWORKS Aquatic Nuisance Species Regional Panels Invasive Carp Regional Coordinating Committee Western Weed Coordinating Committee NATIONAL GROUPS Aquatic Nuisance Species Task Force Federal Interagency Committee on the Management of Noxious and Exotic Weed…,0.82
REL_D86C7E7E2FBE6E8F,DOC007,document_mentions_location,United States,DOC007,DOC007_CHUNK_0004,9-12,"and costly impacts Watercraft inspection and cleaning stations, watercraft decontamination dip tank pilot program, boot brush stations, vehicle wash stations, signage at recreational access points Leveraged Injurious Wildlife provisions to stop invasive species at U.S. borders Invasive species interceptions at borders and points of entry (see Measures) Effective biosecurity measures reduced the number of invasive sp…",0.98
REL_B540D4111BEE7AA6,DOC007,document_mentions_species,invasive carp,DOC007,DOC007_CHUNK_0004,9-12,"OUTCOME GOAL 3 5 https://www.doi.gov/invasive-species-and-disasters 6 Interagency effort among DOI, Department of War, and Commonwealth of the Northern Mariana Islands (CNMI) Customs and Biosecurity An Arizona Department of Game and Fish specialist power-washes an invasive mussel encrusted boat at Lake Pleasant, Arizona. (NPS) 7 OUTCOME GOAL 4 11 nas.er.usgs.gov/SEINED/ 12 rconnect.usgs.gov/site-prioritization-tool/…",0.98
REL_9BE91AD622F84403,DOC007,document_mentions_species,zebra mussel,DOC007,DOC007_CHUNK_0004,9-12,"OUTCOME GOAL 3 5 https://www.doi.gov/invasive-species-and-disasters 6 Interagency effort among DOI, Department of War, and Commonwealth of the Northern Mariana Islands (CNMI) Customs and Biosecurity An Arizona Department of Game and Fish specialist power-washes an invasive mussel encrusted boat at Lake Pleasant, Arizona. (NPS) 7 OUTCOME GOAL 4 11 nas.er.usgs.gov/SEINED/ 12 rconnect.usgs.gov/site-prioritization-tool/…",0.98
REL_EB9872ADACB10B57,flooding,threat_affects_species,invasive carp,DOC007,DOC007_CHUNK_0004,9-12,"OUTCOME GOAL 3 5 https://www.doi.gov/invasive-species-and-disasters 6 Interagency effort among DOI, Department of War, and Commonwealth of the Northern Mariana Islands (CNMI) Customs and Biosecurity An Arizona Department of Game and Fish specialist power-washes an invasive mussel encrusted boat at Lake Pleasant, Arizona. (NPS) 7 OUTCOME GOAL 4 11 nas.er.usgs.gov/SEINED/ 12 rconnect.usgs.gov/site-prioritization-tool/…",0.82
REL_2FEA44D7207CE5E4,flooding,threat_affects_species,zebra mussel,DOC007,DOC007_CHUNK_0004,9-12,"OUTCOME GOAL 3 5 https://www.doi.gov/invasive-species-and-disasters 6 Interagency effort among DOI, Department of War, and Commonwealth of the Northern Mariana Islands (CNMI) Customs and Biosecurity An Arizona Department of Game and Fish specialist power-washes an invasive mussel encrusted boat at Lake Pleasant, Arizona. (NPS) 7 OUTCOME GOAL 4 11 nas.er.usgs.gov/SEINED/ 12 rconnect.usgs.gov/site-prioritization-tool/…",0.82
REL_9A86EF6750E79F62,invasive species,threat_affects_species,invasive carp,DOC007,DOC007_CHUNK_0004,9-12,"OUTCOME GOAL 3 5 https://www.doi.gov/invasive-species-and-disasters 6 Interagency effort among DOI, Department of War, and Commonwealth of the Northern Mariana Islands (CNMI) Customs and Biosecurity An Arizona Department of Game and Fish specialist power-washes an invasive mussel encrusted boat at Lake Pleasant, Arizona. (NPS) 7 OUTCOME GOAL 4 11 nas.er.usgs.gov/SEINED/ 12 rconnect.usgs.gov/site-prioritization-tool/…",0.82
REL_EEE09E0EC9FC8E37,invasive species,threat_affects_species,zebra mussel,DOC007,DOC007_CHUNK_0004,9-12,"OUTCOME GOAL 3 5 https://www.doi.gov/invasive-species-and-disasters 6 Interagency effort among DOI, Department of War, and Commonwealth of the Northern Mariana Islands (CNMI) Customs and Biosecurity An Arizona Department of Game and Fish specialist power-washes an invasive mussel encrusted boat at Lake Pleasant, Arizona. (NPS) 7 OUTCOME GOAL 4 11 nas.er.usgs.gov/SEINED/ 12 rconnect.usgs.gov/site-prioritization-tool/…",0.82
REL_F66BF021F2FC55C3,DOC007,document_mentions_location,Missouri,DOC007,DOC007_CHUNK_0005,12-14,Learn more at https://storymaps.arcgis.com/stories/75dcffd9b27543268a92dfee4e4ad6b6 Learn more at www.nps.gov/articles/time-is-running-out-maui-s-forest-birds-will-go-extinct-without-action.htm USFWSUSFWS 11 View of the Missouri River Breaks on Charles M.,0.98
REL_D7D17AC928DD6330,DOC007,document_mentions_location,United States,DOC007,DOC007_CHUNK_0005,12-14,The response demonstrated the importance of effective coordination between federal and state agencies and revealed the need for long-term planning to address invasive species in the aquatic trade pathway to protect the U.S. from devastating aquatic invasive species.,0.98
REL_12C9F3F2E09CF185,DOC007,document_mentions_species,zebra mussel,DOC007,DOC007_CHUNK_0005,12-14,"Reported to the Nonindigenous Aquatic Database, USGS identified the hitchhiking organism as a zebra mussel, a highly destructive aquatic invasive species.",0.98
REL_E34A2015F111EC70,DOC007,document_mentions_location,Chesapeake Bay,DOC007,DOC007_CHUNK_0006,13-17,Partners eradicated nutria from Eastern shore marshes of the Chesapeake Bay after more than,0.98
REL_01813F85D2B7930B,DOC007,document_mentions_location,Great Lakes,DOC007,DOC007_CHUNK_0006,13-17,"Learn more at https://www.blm.gov/programs/weeds-and-invasives 12 INVASIVE SPECIES A USGS-Great Lakes Science Center scientist in Michigan counts invasive larval sea lamprey after exposure to lampricide in an experiment assessing development of resistance. (USGS) SPOTLIGHTS From Fiscal Years 2021 to 2025, Congress directed funding to DOI to help manage specific invasive species that pose serious threats to the natio…",0.98
REL_970AE3A406DCEE2D,DOC007,document_mentions_location,Illinois,DOC007,DOC007_CHUNK_0006,13-17,"SOLUTION BIA, NPS, USFWS, and USGS cooperated with federal and non-federal partners on detection, containment, and control measures to reduce populations in the Mississippi River Basin and stop their spread into the Great Lakes, focusing on key pinch points like Brandon Road Lock and Dam on the Illinois River.",0.98
REL_3F6359DE0020564A,DOC007,document_mentions_location,Mississippi River Basin,DOC007,DOC007_CHUNK_0006,13-17,"SOLUTION BIA, NPS, USFWS, and USGS cooperated with federal and non-federal partners on detection, containment, and control measures to reduce populations in the Mississippi River Basin and stop their spread into the Great Lakes, focusing on key pinch points like Brandon Road Lock and Dam on the Illinois River.",0.98
REL_8A8C8A3D4069C378,DOC007,document_mentions_location,Missouri,DOC007,DOC007_CHUNK_0006,13-17,Learn more at https://storymaps.arcgis.com/stories/75dcffd9b27543268a92dfee4e4ad6b6 Learn more at www.nps.gov/articles/time-is-running-out-maui-s-forest-birds-will-go-extinct-without-action.htm USFWSUSFWS 11 View of the Missouri River Breaks on Charles M.,0.98
REL_1E26D51E958D7B47,DOC007,document_mentions_location,United States,DOC007,DOC007_CHUNK_0006,13-17,"SOLUTION NPS, OIA, USFWS, and USGS supported a Rapid Response Team, deployed control tools, led research, and partnered with other organizations and local communities to prevent BTS spread to other areas—particularly Hawai‘i, and other U.S. territories.",0.98
REL_9F1C5327205BB22B,DOC007,document_mentions_species,invasive carp,DOC007,DOC007_CHUNK_0006,13-17,Agencies are refining new detection and control tools to sustain containment and further reduce the risk of invasive carp spread.,0.98
REL_C7B8B211E58A5733,DOC007,document_mentions_species,quagga mussel,DOC007,DOC007_CHUNK_0006,13-17,14 NUTRIA ZEBRA/QUAGGA MUSSELS PROBLEM Nutria damage levees and irrigation systems and destroy wetland ecosystems by consuming native vegetation and destabilizing soil.,0.98
REL_9290E22ADA3F2FC1,DOC007,document_mentions_species,sea lamprey,DOC007,DOC007_CHUNK_0006,13-17,"Learn more at https://www.blm.gov/programs/weeds-and-invasives 12 INVASIVE SPECIES A USGS-Great Lakes Science Center scientist in Michigan counts invasive larval sea lamprey after exposure to lampricide in an experiment assessing development of resistance. (USGS) SPOTLIGHTS From Fiscal Years 2021 to 2025, Congress directed funding to DOI to help manage specific invasive species that pose serious threats to the natio…",0.98
REL_24E5FE53B72D8C0B,DOC007,document_mentions_species,zebra mussel,DOC007,DOC007_CHUNK_0006,13-17,"PROBLEM Quagga and zebra mussels clog water infrastructure, impair recreation, and damage ecosystems, causing billions in maintenance and mitigation costs.",0.98
REL_4AC0E60D38EC635E,invasive species,threat_affects_species,sea lamprey,DOC007,DOC007_CHUNK_0006,13-17,"Learn more at https://www.blm.gov/programs/weeds-and-invasives 12 INVASIVE SPECIES A USGS-Great Lakes Science Center scientist in Michigan counts invasive larval sea lamprey after exposure to lampricide in an experiment assessing development of resistance. (USGS) SPOTLIGHTS From Fiscal Years 2021 to 2025, Congress directed funding to DOI to help manage specific invasive species that pose serious threats to the natio…",0.82
REL_2AB1473B608A56F0,DOC007,document_mentions_location,Chesapeake Bay,DOC007,DOC007_CHUNK_0007,17-22,Partners eradicated nutria from Eastern shore marshes of the Chesapeake Bay after more than 20 years of coordinated management.,0.98
REL_B9C17BB65AB1C0C6,DOC007,document_mentions_location,Great Lakes,DOC007,DOC007_CHUNK_0007,17-22,"15 MEASURES A USGS-Great Lakes Science Center scientist counts invasive Phragmites australis stems within a sampling quadrat in Ohio to support landscape-scale adaptive management. (USGS) BY THE NUMBERS To promote accountability and continuous improvement, DOI’s Invasive Species Strategic Plan included a focused set of performance metrics designed to track progress, guide adaptive management, and evaluate the effect…",0.98
REL_560D9BED1B1E0812,DOC007,document_mentions_location,United States,DOC007,DOC007_CHUNK_0007,17-22,Experts are identifying new areas for eradication in the U.S.,0.98
REL_395C3BF5AEAECB10,DOC007,document_mentions_location,North America,DOC007,DOC007_CHUNK_0008,22-24,"27 Bureaus using the North American Invasive Species Management (NAISMA) data standards include BLM, NPS, USFWS, and USGS.",0.98
REL_EF74901047725E18,DOC007,document_mentions_location,United States,DOC007,DOC007_CHUNK_0008,22-24,100% of those have not established in the United States.,0.98
REL_D6F9AF7D04974714,DOC008,document_mentions_location,Florida,DOC008,DOC008_CHUNK_0001,1-5,A USGS collaborative research program tracks invasive Burmese pythons in Florida to provide demographic information to support removal efforts. (USGS) 6.,0.98
REL_4AE010DDFE699C5C,DOC008,document_mentions_location,Great Lakes,DOC008,DOC008_CHUNK_0001,1-5,A USGS-Great Lakes Science Center scuba diver collects invasive Dreissenid mussels and algae from Lake Huron as part of algal growth monitoring. (USGS) 2.,0.98
REL_914FBB6917D725D0,DOC008,document_mentions_location,United States,DOC008,DOC008_CHUNK_0001,1-5,2 U.S.,0.98
REL_48D4396C2AACDECB,DOC008,document_mentions_location,United States,DOC008,DOC008_CHUNK_0002,5-7,"Blackfoot River in Missoula, Montana (BLM) 3 2021-2025 STRATEGIC FRAMEWORK INVASIVE SPECIES CROSSCUTTING PRINCIPLES Promote and engage in collaborative conservation; Leverage science; Adaptively manage; Manage on a watershed or ecosystem scale, including islands and other isolated or contained geographies; Promote innovative solutions; Apply integrated pest management; Prioritize cost-effectiveness; Streamline regul…",0.98
REL_CF8F3FE3B6CAE81B,U.S. Army Corps of Engineers,agency_manages_program,Aquatic Nuisance Species Task Force,DOC008,DOC008_CHUNK_0003,7-9,LOCAL COLLABORATIVES Communities of Practice Cooperative Invasive Species / Weed Management Areas Partnerships for Regional Invasive Species Management REGIONAL NETWORKS Aquatic Nuisance Species Regional Panels Invasive Carp Regional Coordinating Committee Western Weed Coordinating Committee NATIONAL GROUPS Aquatic Nuisance Species Task Force Federal Interagency Committee on the Management of Noxious and Exotic Weed…,0.86
REL_1B0023437EBD66AD,U.S. Army Corps of Engineers,agency_manages_program,Great Lakes Early Detection Monitoring Program,DOC008,DOC008_CHUNK_0003,7-9,LOCAL COLLABORATIVES Communities of Practice Cooperative Invasive Species / Weed Management Areas Partnerships for Regional Invasive Species Management REGIONAL NETWORKS Aquatic Nuisance Species Regional Panels Invasive Carp Regional Coordinating Committee Western Weed Coordinating Committee NATIONAL GROUPS Aquatic Nuisance Species Task Force Federal Interagency Committee on the Management of Noxious and Exotic Weed…,0.86
REL_DFF8AB70043C0A50,U.S. Army Corps of Engineers,agency_manages_program,Invasive Carp Regional Coordinating Committee,DOC008,DOC008_CHUNK_0003,7-9,LOCAL COLLABORATIVES Communities of Practice Cooperative Invasive Species / Weed Management Areas Partnerships for Regional Invasive Species Management REGIONAL NETWORKS Aquatic Nuisance Species Regional Panels Invasive Carp Regional Coordinating Committee Western Weed Coordinating Committee NATIONAL GROUPS Aquatic Nuisance Species Task Force Federal Interagency Committee on the Management of Noxious and Exotic Weed…,0.86
REL_029CF41CC7908F9F,U.S. Department of the Interior,agency_manages_program,Aquatic Nuisance Species Task Force,DOC008,DOC008_CHUNK_0003,7-9,LOCAL COLLABORATIVES Communities of Practice Cooperative Invasive Species / Weed Management Areas Partnerships for Regional Invasive Species Management REGIONAL NETWORKS Aquatic Nuisance Species Regional Panels Invasive Carp Regional Coordinating Committee Western Weed Coordinating Committee NATIONAL GROUPS Aquatic Nuisance Species Task Force Federal Interagency Committee on the Management of Noxious and Exotic Weed…,0.86
REL_6BEF7F8180507A49,U.S. Department of the Interior,agency_manages_program,Great Lakes Early Detection Monitoring Program,DOC008,DOC008_CHUNK_0003,7-9,LOCAL COLLABORATIVES Communities of Practice Cooperative Invasive Species / Weed Management Areas Partnerships for Regional Invasive Species Management REGIONAL NETWORKS Aquatic Nuisance Species Regional Panels Invasive Carp Regional Coordinating Committee Western Weed Coordinating Committee NATIONAL GROUPS Aquatic Nuisance Species Task Force Federal Interagency Committee on the Management of Noxious and Exotic Weed…,0.86
REL_199EE1BF920BA73F,U.S. Department of the Interior,agency_manages_program,Invasive Carp Regional Coordinating Committee,DOC008,DOC008_CHUNK_0003,7-9,LOCAL COLLABORATIVES Communities of Practice Cooperative Invasive Species / Weed Management Areas Partnerships for Regional Invasive Species Management REGIONAL NETWORKS Aquatic Nuisance Species Regional Panels Invasive Carp Regional Coordinating Committee Western Weed Coordinating Committee NATIONAL GROUPS Aquatic Nuisance Species Task Force Federal Interagency Committee on the Management of Noxious and Exotic Weed…,0.86
REL_F2FE580282D503BB,U.S. Fish and Wildlife Service,agency_manages_program,Aquatic Nuisance Species Task Force,DOC008,DOC008_CHUNK_0003,7-9,LOCAL COLLABORATIVES Communities of Practice Cooperative Invasive Species / Weed Management Areas Partnerships for Regional Invasive Species Management REGIONAL NETWORKS Aquatic Nuisance Species Regional Panels Invasive Carp Regional Coordinating Committee Western Weed Coordinating Committee NATIONAL GROUPS Aquatic Nuisance Species Task Force Federal Interagency Committee on the Management of Noxious and Exotic Weed…,0.86
REL_1985F30679D6FD53,U.S. Fish and Wildlife Service,agency_manages_program,Great Lakes Early Detection Monitoring Program,DOC008,DOC008_CHUNK_0003,7-9,LOCAL COLLABORATIVES Communities of Practice Cooperative Invasive Species / Weed Management Areas Partnerships for Regional Invasive Species Management REGIONAL NETWORKS Aquatic Nuisance Species Regional Panels Invasive Carp Regional Coordinating Committee Western Weed Coordinating Committee NATIONAL GROUPS Aquatic Nuisance Species Task Force Federal Interagency Committee on the Management of Noxious and Exotic Weed…,0.86
REL_A4F12D4CDCB950C8,U.S. Fish and Wildlife Service,agency_manages_program,Invasive Carp Regional Coordinating Committee,DOC008,DOC008_CHUNK_0003,7-9,LOCAL COLLABORATIVES Communities of Practice Cooperative Invasive Species / Weed Management Areas Partnerships for Regional Invasive Species Management REGIONAL NETWORKS Aquatic Nuisance Species Regional Panels Invasive Carp Regional Coordinating Committee Western Weed Coordinating Committee NATIONAL GROUPS Aquatic Nuisance Species Task Force Federal Interagency Committee on the Management of Noxious and Exotic Weed…,0.86
REL_F56459426135C598,DOC008,document_mentions_location,Great Lakes,DOC008,DOC008_CHUNK_0003,7-9,LOCAL COLLABORATIVES Communities of Practice Cooperative Invasive Species / Weed Management Areas Partnerships for Regional Invasive Species Management REGIONAL NETWORKS Aquatic Nuisance Species Regional Panels Invasive Carp Regional Coordinating Committee Western Weed Coordinating Committee NATIONAL GROUPS Aquatic Nuisance Species Task Force Federal Interagency Committee on the Management of Noxious and Exotic Weed…,0.98
REL_C2E3FE85D9199883,DOC008,document_mentions_location,North America,DOC008,DOC008_CHUNK_0003,7-9,LOCAL COLLABORATIVES Communities of Practice Cooperative Invasive Species / Weed Management Areas Partnerships for Regional Invasive Species Management REGIONAL NETWORKS Aquatic Nuisance Species Regional Panels Invasive Carp Regional Coordinating Committee Western Weed Coordinating Committee NATIONAL GROUPS Aquatic Nuisance Species Task Force Federal Interagency Committee on the Management of Noxious and Exotic Weed…,0.98
REL_9C51266F27497637,DOC008,document_mentions_location,United States,DOC008,DOC008_CHUNK_0003,7-9,"5 GOAL 1: COLLABORATION AND PARTNERSHIPS HIGHLIGHTS Collaborated at all levels to promote coordination and cost-effective implementation Local partnerships, regional networks, national groups, international initiatives (see inset) Increased engagement with tribes, territories, and indigenous communities to understand needs and work on shared solutions Native American Fish and Wildlife Society, Native Hawaiian Commun…",0.98
REL_36F9738ACB7C6194,DOC008,document_mentions_species,invasive carp,DOC008,DOC008_CHUNK_0003,7-9,LOCAL COLLABORATIVES Communities of Practice Cooperative Invasive Species / Weed Management Areas Partnerships for Regional Invasive Species Management REGIONAL NETWORKS Aquatic Nuisance Species Regional Panels Invasive Carp Regional Coordinating Committee Western Weed Coordinating Committee NATIONAL GROUPS Aquatic Nuisance Species Task Force Federal Interagency Committee on the Management of Noxious and Exotic Weed…,0.98
REL_44BDCC44A8583539,DOC008,document_mentions_species,zebra mussel,DOC008,DOC008_CHUNK_0003,7-9,"Fish and Wildlife Service (USFWS) Funding for Golden Mussels, Regional Aquatic Nuisance Species Panels, State Aquatic Nuisance Species Management Plans, and Quagga and Zebra Mussel Action Plan Outcome: Effective partnerships used the best available information and leveraged resources to address national and regional invasive species priorities efficiently and effectively.",0.98
REL_9E0252409DD5B042,invasive species,threat_affects_species,invasive carp,DOC008,DOC008_CHUNK_0003,7-9,LOCAL COLLABORATIVES Communities of Practice Cooperative Invasive Species / Weed Management Areas Partnerships for Regional Invasive Species Management REGIONAL NETWORKS Aquatic Nuisance Species Regional Panels Invasive Carp Regional Coordinating Committee Western Weed Coordinating Committee NATIONAL GROUPS Aquatic Nuisance Species Task Force Federal Interagency Committee on the Management of Noxious and Exotic Weed…,0.82
REL_28BD58245C18FCCA,DOC008,document_mentions_location,United States,DOC008,DOC008_CHUNK_0004,9-12,"and costly impacts Watercraft inspection and cleaning stations, watercraft decontamination dip tank pilot program, boot brush stations, vehicle wash stations, signage at recreational access points Leveraged Injurious Wildlife provisions to stop invasive species at U.S. borders Invasive species interceptions at borders and points of entry (see Measures) Effective biosecurity measures reduced the number of invasive sp…",0.98
REL_75B2F9E15763D0B2,DOC008,document_mentions_species,invasive carp,DOC008,DOC008_CHUNK_0004,9-12,"OUTCOME GOAL 3 5 https://www.doi.gov/invasive-species-and-disasters 6 Interagency effort among DOI, Department of War, and Commonwealth of the Northern Mariana Islands (CNMI) Customs and Biosecurity An Arizona Department of Game and Fish specialist power-washes an invasive mussel encrusted boat at Lake Pleasant, Arizona. (NPS) 7 OUTCOME GOAL 4 11 nas.er.usgs.gov/SEINED/ 12 rconnect.usgs.gov/site-prioritization-tool/…",0.98
REL_DFF7160BBDAE80DD,DOC008,document_mentions_species,zebra mussel,DOC008,DOC008_CHUNK_0004,9-12,"OUTCOME GOAL 3 5 https://www.doi.gov/invasive-species-and-disasters 6 Interagency effort among DOI, Department of War, and Commonwealth of the Northern Mariana Islands (CNMI) Customs and Biosecurity An Arizona Department of Game and Fish specialist power-washes an invasive mussel encrusted boat at Lake Pleasant, Arizona. (NPS) 7 OUTCOME GOAL 4 11 nas.er.usgs.gov/SEINED/ 12 rconnect.usgs.gov/site-prioritization-tool/…",0.98
REL_916A6A5E2828DF1D,flooding,threat_affects_species,invasive carp,DOC008,DOC008_CHUNK_0004,9-12,"OUTCOME GOAL 3 5 https://www.doi.gov/invasive-species-and-disasters 6 Interagency effort among DOI, Department of War, and Commonwealth of the Northern Mariana Islands (CNMI) Customs and Biosecurity An Arizona Department of Game and Fish specialist power-washes an invasive mussel encrusted boat at Lake Pleasant, Arizona. (NPS) 7 OUTCOME GOAL 4 11 nas.er.usgs.gov/SEINED/ 12 rconnect.usgs.gov/site-prioritization-tool/…",0.82
REL_77F00080AB9973E2,flooding,threat_affects_species,zebra mussel,DOC008,DOC008_CHUNK_0004,9-12,"OUTCOME GOAL 3 5 https://www.doi.gov/invasive-species-and-disasters 6 Interagency effort among DOI, Department of War, and Commonwealth of the Northern Mariana Islands (CNMI) Customs and Biosecurity An Arizona Department of Game and Fish specialist power-washes an invasive mussel encrusted boat at Lake Pleasant, Arizona. (NPS) 7 OUTCOME GOAL 4 11 nas.er.usgs.gov/SEINED/ 12 rconnect.usgs.gov/site-prioritization-tool/…",0.82
REL_3D233F9C24F8D283,invasive species,threat_affects_species,invasive carp,DOC008,DOC008_CHUNK_0004,9-12,"OUTCOME GOAL 3 5 https://www.doi.gov/invasive-species-and-disasters 6 Interagency effort among DOI, Department of War, and Commonwealth of the Northern Mariana Islands (CNMI) Customs and Biosecurity An Arizona Department of Game and Fish specialist power-washes an invasive mussel encrusted boat at Lake Pleasant, Arizona. (NPS) 7 OUTCOME GOAL 4 11 nas.er.usgs.gov/SEINED/ 12 rconnect.usgs.gov/site-prioritization-tool/…",0.82
REL_8703C3A5AD165B4C,invasive species,threat_affects_species,zebra mussel,DOC008,DOC008_CHUNK_0004,9-12,"OUTCOME GOAL 3 5 https://www.doi.gov/invasive-species-and-disasters 6 Interagency effort among DOI, Department of War, and Commonwealth of the Northern Mariana Islands (CNMI) Customs and Biosecurity An Arizona Department of Game and Fish specialist power-washes an invasive mussel encrusted boat at Lake Pleasant, Arizona. (NPS) 7 OUTCOME GOAL 4 11 nas.er.usgs.gov/SEINED/ 12 rconnect.usgs.gov/site-prioritization-tool/…",0.82
REL_EF2973AA5DB2ACC4,DOC008,document_mentions_location,Missouri,DOC008,DOC008_CHUNK_0005,12-14,Learn more at https://storymaps.arcgis.com/stories/75dcffd9b27543268a92dfee4e4ad6b6 Learn more at www.nps.gov/articles/time-is-running-out-maui-s-forest-birds-will-go-extinct-without-action.htm USFWSUSFWS 11 View of the Missouri River Breaks on Charles M.,0.98
REL_E56236DF05B8E296,DOC008,document_mentions_location,United States,DOC008,DOC008_CHUNK_0005,12-14,The response demonstrated the importance of effective coordination between federal and state agencies and revealed the need for long-term planning to address invasive species in the aquatic trade pathway to protect the U.S. from devastating aquatic invasive species.,0.98
REL_6E42D7450ADC921D,DOC008,document_mentions_species,zebra mussel,DOC008,DOC008_CHUNK_0005,12-14,"Reported to the Nonindigenous Aquatic Database, USGS identified the hitchhiking organism as a zebra mussel, a highly destructive aquatic invasive species.",0.98
REL_3B37B12F246F7730,DOC008,document_mentions_location,Chesapeake Bay,DOC008,DOC008_CHUNK_0006,13-17,Partners eradicated nutria from Eastern shore marshes of the Chesapeake Bay after more than,0.98
REL_6613C683BCE2FDCC,DOC008,document_mentions_location,Great Lakes,DOC008,DOC008_CHUNK_0006,13-17,"Learn more at https://www.blm.gov/programs/weeds-and-invasives 12 INVASIVE SPECIES A USGS-Great Lakes Science Center scientist in Michigan counts invasive larval sea lamprey after exposure to lampricide in an experiment assessing development of resistance. (USGS) SPOTLIGHTS From Fiscal Years 2021 to 2025, Congress directed funding to DOI to help manage specific invasive species that pose serious threats to the natio…",0.98
REL_D6B81233A638B866,DOC008,document_mentions_location,Illinois,DOC008,DOC008_CHUNK_0006,13-17,"SOLUTION BIA, NPS, USFWS, and USGS cooperated with federal and non-federal partners on detection, containment, and control measures to reduce populations in the Mississippi River Basin and stop their spread into the Great Lakes, focusing on key pinch points like Brandon Road Lock and Dam on the Illinois River.",0.98
REL_5AF99FFF035CD51E,DOC008,document_mentions_location,Mississippi River Basin,DOC008,DOC008_CHUNK_0006,13-17,"SOLUTION BIA, NPS, USFWS, and USGS cooperated with federal and non-federal partners on detection, containment, and control measures to reduce populations in the Mississippi River Basin and stop their spread into the Great Lakes, focusing on key pinch points like Brandon Road Lock and Dam on the Illinois River.",0.98
REL_ED1EAFBA74F546D9,DOC008,document_mentions_location,Missouri,DOC008,DOC008_CHUNK_0006,13-17,Learn more at https://storymaps.arcgis.com/stories/75dcffd9b27543268a92dfee4e4ad6b6 Learn more at www.nps.gov/articles/time-is-running-out-maui-s-forest-birds-will-go-extinct-without-action.htm USFWSUSFWS 11 View of the Missouri River Breaks on Charles M.,0.98
REL_D2DA22E5BD555D7A,DOC008,document_mentions_location,United States,DOC008,DOC008_CHUNK_0006,13-17,"SOLUTION NPS, OIA, USFWS, and USGS supported a Rapid Response Team, deployed control tools, led research, and partnered with other organizations and local communities to prevent BTS spread to other areas—particularly Hawai‘i, and other U.S. territories.",0.98
REL_A93D5332A0044B64,DOC008,document_mentions_species,invasive carp,DOC008,DOC008_CHUNK_0006,13-17,Agencies are refining new detection and control tools to sustain containment and further reduce the risk of invasive carp spread.,0.98
REL_90766723A7FCBE01,DOC008,document_mentions_species,quagga mussel,DOC008,DOC008_CHUNK_0006,13-17,14 NUTRIA ZEBRA/QUAGGA MUSSELS PROBLEM Nutria damage levees and irrigation systems and destroy wetland ecosystems by consuming native vegetation and destabilizing soil.,0.98
REL_724BFDDF7B9500EC,DOC008,document_mentions_species,sea lamprey,DOC008,DOC008_CHUNK_0006,13-17,"Learn more at https://www.blm.gov/programs/weeds-and-invasives 12 INVASIVE SPECIES A USGS-Great Lakes Science Center scientist in Michigan counts invasive larval sea lamprey after exposure to lampricide in an experiment assessing development of resistance. (USGS) SPOTLIGHTS From Fiscal Years 2021 to 2025, Congress directed funding to DOI to help manage specific invasive species that pose serious threats to the natio…",0.98
REL_A7501E2BA1A62B80,DOC008,document_mentions_species,zebra mussel,DOC008,DOC008_CHUNK_0006,13-17,"PROBLEM Quagga and zebra mussels clog water infrastructure, impair recreation, and damage ecosystems, causing billions in maintenance and mitigation costs.",0.98
REL_621D614D6129B131,invasive species,threat_affects_species,sea lamprey,DOC008,DOC008_CHUNK_0006,13-17,"Learn more at https://www.blm.gov/programs/weeds-and-invasives 12 INVASIVE SPECIES A USGS-Great Lakes Science Center scientist in Michigan counts invasive larval sea lamprey after exposure to lampricide in an experiment assessing development of resistance. (USGS) SPOTLIGHTS From Fiscal Years 2021 to 2025, Congress directed funding to DOI to help manage specific invasive species that pose serious threats to the natio…",0.82
REL_2865571D43AEAA5B,DOC008,document_mentions_location,Chesapeake Bay,DOC008,DOC008_CHUNK_0007,17-22,Partners eradicated nutria from Eastern shore marshes of the Chesapeake Bay after more than 20 years of coordinated management.,0.98
REL_042F17A770329E07,DOC008,document_mentions_location,Great Lakes,DOC008,DOC008_CHUNK_0007,17-22,"15 MEASURES A USGS-Great Lakes Science Center scientist counts invasive Phragmites australis stems within a sampling quadrat in Ohio to support landscape-scale adaptive management. (USGS) BY THE NUMBERS To promote accountability and continuous improvement, DOI’s Invasive Species Strategic Plan included a focused set of performance metrics designed to track progress, guide adaptive management, and evaluate the effect…",0.98
REL_5A0F8AAE4A688FF5,DOC008,document_mentions_location,United States,DOC008,DOC008_CHUNK_0007,17-22,Experts are identifying new areas for eradication in the U.S.,0.98
REL_201326F596BB5A1A,DOC008,document_mentions_location,North America,DOC008,DOC008_CHUNK_0008,22-24,"27 Bureaus using the North American Invasive Species Management (NAISMA) data standards include BLM, NPS, USFWS, and USGS.",0.98
REL_CD3EBBA6300014EA,DOC008,document_mentions_location,United States,DOC008,DOC008_CHUNK_0008,22-24,100% of those have not established in the United States.,0.98
REL_904AE3CB4B88C823,DOC009,document_mentions_location,Great Lakes,DOC009,DOC009_CHUNK_0001,1-3,"A Great Lakes Commission report in 2012 (Warziniack, T. et al., 2021 ii) found that invasive zebra mussels cause between $300 and $500 million in annual damages to power plan ts, water systems, and industrial water intakes in the Great Lakes region.",0.98
REL_B32397FD997A5CB2,DOC009,document_mentions_location,North America,DOC009,DOC009_CHUNK_0001,1-3,"From invasive fish like silver carp to invertebrates like zebra mussels and nuisance plants like hydrilla, the many challenges that AIS pose come with a steep price tag: an est imated global economic cost of $345 billion since 1960 – nearly half of which has been incurred in North America. (Cuthbert, 2021i) The impacts of AIS are far -reaching, affecting a broad range of ecosystems, industries, and stakeholders.",0.98
REL_110213F5D8F999F0,DOC009,document_mentions_location,United States,DOC009,DOC009_CHUNK_0001,1-3,"Aquatic Invasive Species Commission Report and Recommendations: Improving the Prevention, Eradication, Control and Mitigation of Aquatic Invasive Species (AIS) February 2023 AIS Commission: Improving the Prevention, Eradication, Control and Mitigation of Aquatic Invasive Species Report and Recommendations, February 2023 P a g e | 1 Introduction The introduction and spread of aquatic invasive species (AIS) is one of…",0.98
REL_25CB775B373625CD,DOC009,document_mentions_species,bighead carp,DOC009,DOC009_CHUNK_0001,1-3,"Between the ongoing efforts to control sea lamprey in the Great Lakes to the decades -long fight against invasive silver and bighead carp, recreational and commercial fishers and boaters have a deep and challenging history with AIS.",0.98
REL_E9F4D64C243D245B,DOC009,document_mentions_species,quagga mussel,DOC009,DOC009_CHUNK_0001,1-3,"Invasive zebra and quagga mussels, for example, can damage critical water and power infrastructure.",0.98
REL_D0D859416CE24569,DOC009,document_mentions_species,sea lamprey,DOC009,DOC009_CHUNK_0001,1-3,"Between the ongoing efforts to control sea lamprey in the Great Lakes to the decades -long fight against invasive silver and bighead carp, recreational and commercial fishers and boaters have a deep and challenging history with AIS.",0.98
REL_3E23FA0E2BE944F7,DOC009,document_mentions_species,silver carp,DOC009,DOC009_CHUNK_0001,1-3,"From invasive fish like silver carp to invertebrates like zebra mussels and nuisance plants like hydrilla, the many challenges that AIS pose come with a steep price tag: an est imated global economic cost of $345 billion since 1960 – nearly half of which has been incurred in North America. (Cuthbert, 2021i) The impacts of AIS are far -reaching, affecting a broad range of ecosystems, industries, and stakeholders.",0.98
REL_77792CC2C62E7BBF,DOC009,document_mentions_species,zebra mussel,DOC009,DOC009_CHUNK_0001,1-3,"From invasive fish like silver carp to invertebrates like zebra mussels and nuisance plants like hydrilla, the many challenges that AIS pose come with a steep price tag: an est imated global economic cost of $345 billion since 1960 – nearly half of which has been incurred in North America. (Cuthbert, 2021i) The impacts of AIS are far -reaching, affecting a broad range of ecosystems, industries, and stakeholders.",0.98
REL_DA066A711863C9E5,DOC009,document_mentions_location,United States,DOC009,DOC009_CHUNK_0002,3-4,"Recommendation 1.1 – Foundational laws governing invasive and injurious species must be reviewed and modernized to address the existing and emergent biological threats of AIS, especially their identification and movement into the United States, between states and tribal lands.",0.98
REL_55EF64CC955AC19D,DOC009,document_mentions_location,United States,DOC009,DOC009_CHUNK_0003,4-6,"Enhanced coordination is critical to the success of effort s to address a challenge like AIS that requires the active participation of In the United States, numerous federal and interagency entities share respo nsibilities relating to invasive species.",0.98
REL_2CC72DAFDE500041,DOC009,document_mentions_location,United States,DOC009,DOC009_CHUNK_0004,5-7,The United States should also participate in national or binational scientific or monitoring programs providing information as result of discharge sample collection and analysis following monitoring requirements as indicated by the EPA’s Vessels General Permit (VGP).,0.98
REL_D3B0AD60B000C6A5,DOC009,document_mentions_species,zebra mussel,DOC009,DOC009_CHUNK_0004,5-7,"For example, exciting progress is being made with genetic sterilization methods for zebra mussels and the use of eDNA for invasive species detections.",0.98
REL_79EAFDE66BBFE0F5,DOC009,document_mentions_location,United States,DOC009,DOC009_CHUNK_0005,7-8,"Lastly, NOAA should establish, or Congress should authorize, the establishment of an Office of Invasive Species at NOAA headquarters and include reengagement in a water management technologies demonstration program (on-vessel or on-shore), in coordination with the U.S.",0.98
REL_F4DB047791DA19D1,DOC009,document_mentions_location,Canada,DOC009,DOC009_CHUNK_0006,8-10,"Even further, strengthening U.S. coordination with Canada and Mexico would provide enhanced tools for federal, state , and regional regulators to address AIS.",0.98
REL_3DFB5207BCA42E6A,DOC009,document_mentions_location,Great Lakes,DOC009,DOC009_CHUNK_0006,8-10,"The ANSTF, or appropriate fe deral agency, should liaise with its counterparts in Canada and Mexico and use existing cross -border institutions (e.g., the regional panels, the Great Lakes Fishery Commission, the Pacific States Marine Fisheries Commission, the Invasive Carp Regional Coo rdinating Committee) to coordinate invasive species management, science, policies, law enforcement, EDRR, education , and communicat…",0.98
REL_1F185B62CDAC83EE,DOC009,document_mentions_location,United States,DOC009,DOC009_CHUNK_0006,8-10,"Even further, strengthening U.S. coordination with Canada and Mexico would provide enhanced tools for federal, state , and regional regulators to address AIS.",0.98
REL_866FC76E65A54D02,DOC009,document_mentions_species,invasive carp,DOC009,DOC009_CHUNK_0006,8-10,"The ANSTF, or appropriate fe deral agency, should liaise with its counterparts in Canada and Mexico and use existing cross -border institutions (e.g., the regional panels, the Great Lakes Fishery Commission, the Pacific States Marine Fisheries Commission, the Invasive Carp Regional Coo rdinating Committee) to coordinate invasive species management, science, policies, law enforcement, EDRR, education , and communicat…",0.98
REL_9E4977CB2AFA554A,DOC009,document_mentions_location,United States,DOC009,DOC009_CHUNK_0007,10-11,"AIS proliferation prevention has caused some authorities to limit boating access, close public boat ramps and reduce fishing opportunities across the United States.",0.98
REL_4D8F77CEA6284CD8,DOC009,document_mentions_species,zebra mussel,DOC009,DOC009_CHUNK_0007,10-11,"These voluntary designs standards could include aspects that alter and/or improve the design, engineering and manufacturing of ballast tanks, inboard engines, inboard/outbo ard engines, and new watercraft to eliminate or reduce the probability of quagga or zebra mussels and",0.98
REL_2A981E1B11576C16,DOC009,document_mentions_location,Great Lakes,DOC009,DOC009_CHUNK_0008,11-13,"Whether in the swamps of Louisiana or on the big waters of the Great Lakes, interest has grown in ways to encourage the harvest and use of invasive species as a means of controlling or eradicating their harmful spread.",0.98
REL_7A55C6B4C452FFDB,DOC009,document_mentions_location,Louisiana,DOC009,DOC009_CHUNK_0008,11-13,"Whether in the swamps of Louisiana or on the big waters of the Great Lakes, interest has grown in ways to encourage the harvest and use of invasive species as a means of controlling or eradicating their harmful spread.",0.98
REL_D674D5CCD50E39E4,DOC009,document_mentions_location,United States,DOC009,DOC009_CHUNK_0008,11-13,These funding initiatives could be further leveraged by establishing a dedicated grant program within the U.S.,0.98
REL_45560F510C5F1B97,DOC009,document_mentions_species,invasive carp,DOC009,DOC009_CHUNK_0008,11-13,"Congress should expand USFWS grants to states and tribes to support contract fishing, including per -pound subsidies for invasive carp harvest and other harvest of AIS.",0.98
REL_116AD8E7954A4E2E,DOC009,document_mentions_species,zebra mussel,DOC009,DOC009_CHUNK_0008,11-13,"These voluntary designs standards could include aspects that alter and/or improve the design, engineering and manufacturing of ballast tanks, inboard engines, inboard/outbo ard engines, and new watercraft to eliminate or reduce the probability of quagga or zebra mussels and other AIS from being transported in recreational watercraft and to make it easier and safer to inspect and decontaminate watercraft compartments…",0.98
REL_5BDD152C9F89D3DB,DOC009,document_mentions_location,Canada,DOC009,DOC009_CHUNK_0009,13-16,"Oscar Casas-Monroy, Fisheries and Oceans Canada Dr.",0.98
REL_194F8B41DC3F406F,DOC009,document_mentions_location,Florida,DOC009,DOC009_CHUNK_0009,13-16,"Jeff Hill, University of Florida Dr.",0.98
REL_029BAE74FA4C5588,DOC009,document_mentions_location,Great Lakes,DOC009,DOC009_CHUNK_0009,13-16,"Chris Edmonston, BoatUS John O’Keefe, Yamaha Heather Hennessey, Yamaha George Cooper, Forbes-Tate Christy Plumer, TRCP Chris Macaluso, TRCP John Arway, Retired State Director (PA) Elizabeth Brown, NAISMA Jason Christie, Pro Angler Kerry Wixted, Assn. of Fish & Wildlife Agencies Jake Dree, Yeti Marc Gaden, Great Lakes Fishery Commission Alanna Keating, BoatUS Foundation Monica McGarrity, Texas Parks and Wildlife Depa…",0.98
REL_D1A26941A4E52232,DOC009,document_mentions_location,United States,DOC009,DOC009_CHUNK_0009,13-16,The Commission received input from representatives of the: U.S.,0.98
REL_21E3CED3293BA153,DOC009,document_mentions_location,Canada,DOC009,DOC009_CHUNK_0010,16-19,"Oscar Casas-Monroy, Fisheries and Oceans Canada Dr.",0.98
REL_27EF4CDB50A9C438,DOC009,document_mentions_location,Florida,DOC009,DOC009_CHUNK_0010,16-19,"Jeff Hill, University of Florida Dr.",0.98
REL_BF2639434A633F6C,DOC009,document_mentions_location,United States,DOC009,DOC009_CHUNK_0010,16-19,"Jason Delborne, North Carolina State University Mike Greer, U.S.",0.98
REL_EF48604E8F38A9C6,DOC010,document_mentions_location,North America,DOC010,DOC010_CHUNK_0001,1-3,"Introduction The National Aquatic Invasive Species Outreach Workshop was held as part of the North American Invasive Species Management Association Annual Conference in Missoula, Montana, October 1st, 2024.",0.98
REL_ED4A5E380E8E99D6,DOC010,document_mentions_location,United States,DOC010,DOC010_CHUNK_0001,1-3,These presentations highlighted best practices from across the United States and served to initiate discussion sessions later in the day.,0.98
REL_EC37F77409219521,DOC010,document_mentions_location,Illinois,DOC010,DOC010_CHUNK_0002,3-5,"Taking advantage of already existing sources of information exposure could improve brand and campaign reach. ○ Illinois’ Be a Hero Transport Zero campaign ■ Greg Hitzroth, Illinois-Indiana Sea Grant ■ The Be a Hero AIS prevention brand was created in Illinois to provide one consistent prevention message across AIS pathways.",0.98
REL_9B318F8114EF6EAA,DOC010,document_mentions_location,United States,DOC010,DOC010_CHUNK_0002,3-5,"Presentations in this session discussed the use of AIS prevention brands. ● Awareness of AIS prevention brands predicts recreational boater prevention behaviors ○ Todd Newman and Bret Shaw, University of Wisconsin Department of Life Science Communication ○ Stop Aquatic Hitchhikers! and Clean Drain Dry are two common, nationally recognized campaigns used to target recreational boaters with an AIS prevention message w…",0.98
REL_455C82DC2AC45B96,DOC010,document_mentions_location,North America,DOC010,DOC010_CHUNK_0003,4-6,"While it is the national brand, support for other similar existing campaigns are encouraged either as a single branded campaign or as co-branded campaigns. b) The Nationally Coordinated Invasive Species Prevention MOU with North American Invasive Species Management Association, Inc., Wildlife Forever, National Park Service, and U.S.",0.98
REL_39FB2B7278985B64,DOC010,document_mentions_location,United States,DOC010,DOC010_CHUNK_0003,4-6,"While it is the national brand, support for other similar existing campaigns are encouraged either as a single branded campaign or as co-branded campaigns. b) The Nationally Coordinated Invasive Species Prevention MOU with North American Invasive Species Management Association, Inc., Wildlife Forever, National Park Service, and U.S.",0.98
REL_4C44116A018831A2,DOC010,document_mentions_location,Great Lakes,DOC010,DOC010_CHUNK_0004,6-8,Great Lakes regional projects that have implemented Stop Aquatic Hitchhikers! and CDD programming have generated over two billion exposures targeting boaters.,0.98
REL_2D3A5EE7B1254593,DOC010,document_mentions_location,North America,DOC010,DOC010_CHUNK_0004,6-8,"While it is the national brand, support for other similar existing campaigns are encouraged either as a single branded campaign or as co-branded campaigns. b) The Nationally Coordinated Invasive Species Prevention MOU with North American Invasive Species Management Association, Inc., Wildlife Forever, National Park Service, and U.S.",0.98
REL_C3EDB4D612788514,DOC010,document_mentions_location,United States,DOC010,DOC010_CHUNK_0004,6-8,"While it is the national brand, support for other similar existing campaigns are encouraged either as a single branded campaign or as co-branded campaigns. b) The Nationally Coordinated Invasive Species Prevention MOU with North American Invasive Species Management Association, Inc., Wildlife Forever, National Park Service, and U.S.",0.98
REL_45827743F337EE7B,DOC010,document_mentions_location,Great Lakes,DOC010,DOC010_CHUNK_0005,7-9,"developed targeted behavioral metrics which have aligned with behavior action messages (e.g., Great Lakes Sea Grant Network).",0.98
REL_67D7DD447C251EB5,DOC011,document_mentions_location,Florida,DOC011,DOC011_CHUNK_0001,1-2,"Fish and Wildlife Service’s National Fisheries Research Center in Gainesville, Florida, began monitoring the status and distribution of nonindigenous fish species in U.S. waters.",0.98
REL_3C1D205B8D95E01E,DOC011,document_mentions_location,Great Lakes,DOC011,DOC011_CHUNK_0001,1-2,"We have also designed and maintain, in partnership with the National Oceanic and Atmospheric Administration (NOAA), the Great Lakes Aquatic Nuisance Species Information System (GLANSIS 2014): a region-specific view of the NAS database focused on species of concern within the North American Laurentian Great Lakes region.",0.98
REL_838B8A299C540E84,DOC011,document_mentions_location,North America,DOC011,DOC011_CHUNK_0001,1-2,"We have also designed and maintain, in partnership with the National Oceanic and Atmospheric Administration (NOAA), the Great Lakes Aquatic Nuisance Species Information System (GLANSIS 2014): a region-specific view of the NAS database focused on species of concern within the North American Laurentian Great Lakes region.",0.98
REL_F126E85C91563DFA,DOC011,document_mentions_location,United States,DOC011,DOC011_CHUNK_0001,1-2,Journal compilation © 2015 REABIC Open Access Special Issue: Alien species related information systems and information management 159 Information Management The U.S.,0.98
REL_AFB88EFE2E4CD384,DOC011,document_mentions_location,Great Lakes,DOC011,DOC011_CHUNK_0002,2-3,"We have also designed and maintain, in partnership with the National Oceanic and Atmospheric Administration (NOAA), the Great Lakes Aquatic Nuisance Species Information System (GLANSIS 2014): a region-specific view of the NAS database focused on species of concern within the North American Laurentian Great Lakes region.",0.98
REL_AC177EE03044D5B1,DOC011,document_mentions_location,North America,DOC011,DOC011_CHUNK_0002,2-3,"We have also designed and maintain, in partnership with the National Oceanic and Atmospheric Administration (NOAA), the Great Lakes Aquatic Nuisance Species Information System (GLANSIS 2014): a region-specific view of the NAS database focused on species of concern within the North American Laurentian Great Lakes region.",0.98
REL_1B671B7EFE59D075,DOC011,document_mentions_location,United States,DOC011,DOC011_CHUNK_0002,2-3,Relational design of the U.S.,0.98
REL_BB06DBC283F4A954,DOC011,document_mentions_location,Florida,DOC011,DOC011_CHUNK_0003,3-4,"For example, all fish data were reviewed prior to publication of Fuller et al. (1999), and all data for the southeastern United States were reviewed by the states (South Carolina, Georgia, Florida, Alabama, Mississippi, Louisiana, and Texas) for an Aquatic Nuisance Species Task Force Gulf and South Atlantic Regional Panel project in 2005.",0.98
REL_E7E8925B97683614,DOC011,document_mentions_location,Louisiana,DOC011,DOC011_CHUNK_0003,3-4,"For example, all fish data were reviewed prior to publication of Fuller et al. (1999), and all data for the southeastern United States were reviewed by the states (South Carolina, Georgia, Florida, Alabama, Mississippi, Louisiana, and Texas) for an Aquatic Nuisance Species Task Force Gulf and South Atlantic Regional Panel project in 2005.",0.98
REL_BEF11D4B10DBA813,DOC011,document_mentions_location,United States,DOC011,DOC011_CHUNK_0003,3-4,"For example, all fish data were reviewed prior to publication of Fuller et al. (1999), and all data for the southeastern United States were reviewed by the states (South Carolina, Georgia, Florida, Alabama, Mississippi, Louisiana, and Texas) for an Aquatic Nuisance Species Task Force Gulf and South Atlantic Regional Panel project in 2005.",0.98
REL_01FAE9139A7CADB2,DOC011,document_mentions_location,United States,DOC011,DOC011_CHUNK_0004,4-6,Sample occurrence record from the U.S.,0.98
REL_7FE3653A6A50017F,DOC011,document_mentions_species,bighead carp,DOC011,DOC011_CHUNK_0004,4-6,"In particular, NAS maps of zebra and quagga mussel [ Dreissena polymorpha (Pallas, 1771) and D. rostriformis bugensis Andrusov, 1897], Asian carps [i.e., silver carp ( Hypophthalmichthys molitrix (Valenciennes in Cuvier and Valenciennes, 1844)), Bighead Carp ( H. nobilis (Richardson, 1845)), Black Carp ( Mylopharyngodon piceus (Richardson, 1846))]; Lionfish ( Pterois miles and P. volitans ); and Asian Tiger Shrimp (…",0.98
REL_56A248861D3198B2,DOC011,document_mentions_species,black carp,DOC011,DOC011_CHUNK_0004,4-6,"In particular, NAS maps of zebra and quagga mussel [ Dreissena polymorpha (Pallas, 1771) and D. rostriformis bugensis Andrusov, 1897], Asian carps [i.e., silver carp ( Hypophthalmichthys molitrix (Valenciennes in Cuvier and Valenciennes, 1844)), Bighead Carp ( H. nobilis (Richardson, 1845)), Black Carp ( Mylopharyngodon piceus (Richardson, 1846))]; Lionfish ( Pterois miles and P. volitans ); and Asian Tiger Shrimp (…",0.98
REL_02E6802A6670C98A,DOC011,document_mentions_species,quagga mussel,DOC011,DOC011_CHUNK_0004,4-6,"In particular, NAS maps of zebra and quagga mussel [ Dreissena polymorpha (Pallas, 1771) and D. rostriformis bugensis Andrusov, 1897], Asian carps [i.e., silver carp ( Hypophthalmichthys molitrix (Valenciennes in Cuvier and Valenciennes, 1844)), Bighead Carp ( H. nobilis (Richardson, 1845)), Black Carp ( Mylopharyngodon piceus (Richardson, 1846))]; Lionfish ( Pterois miles and P. volitans ); and Asian Tiger Shrimp (…",0.98
REL_DA22523AB0D019DA,DOC011,document_mentions_species,silver carp,DOC011,DOC011_CHUNK_0004,4-6,"In particular, NAS maps of zebra and quagga mussel [ Dreissena polymorpha (Pallas, 1771) and D. rostriformis bugensis Andrusov, 1897], Asian carps [i.e., silver carp ( Hypophthalmichthys molitrix (Valenciennes in Cuvier and Valenciennes, 1844)), Bighead Carp ( H. nobilis (Richardson, 1845)), Black Carp ( Mylopharyngodon piceus (Richardson, 1846))]; Lionfish ( Pterois miles and P. volitans ); and Asian Tiger Shrimp (…",0.98
REL_69BDE4879CF01EC7,DOC011,document_mentions_location,North America,DOC011,DOC011_CHUNK_0005,6-7,"Both map types link each point back to full specimen records and display native ranges for North American taxa, derived from a variety of sources including primary scientific literature, state natural history books and databases, NatureServe (NatureServe 2014), and museum specimen information.",0.98
REL_6ABB9FE2AA7731C9,DOC011,document_mentions_location,United States,DOC011,DOC011_CHUNK_0005,6-7,Examples of a map-based and advanced text query for the U.S.,0.98
REL_021E0B99D821A4AB,DOC011,document_mentions_species,bighead carp,DOC011,DOC011_CHUNK_0005,6-7,"of zebra and quagga mussel [ Dreissena polymorpha (Pallas, 1771) and D. rostriformis bugensis Andrusov, 1897], Asian carps [i.e., silver carp ( Hypophthalmichthys molitrix (Valenciennes in Cuvier and Valenciennes, 1844)), Bighead Carp ( H. nobilis (Richardson, 1845)), Black Carp ( Mylopharyngodon piceus (Richardson, 1846))]; Lionfish ( Pterois miles and P. volitans ); and Asian Tiger Shrimp ( Penaeus monodon ) have…",0.98
REL_94879CB7247EC37F,DOC011,document_mentions_species,black carp,DOC011,DOC011_CHUNK_0005,6-7,"of zebra and quagga mussel [ Dreissena polymorpha (Pallas, 1771) and D. rostriformis bugensis Andrusov, 1897], Asian carps [i.e., silver carp ( Hypophthalmichthys molitrix (Valenciennes in Cuvier and Valenciennes, 1844)), Bighead Carp ( H. nobilis (Richardson, 1845)), Black Carp ( Mylopharyngodon piceus (Richardson, 1846))]; Lionfish ( Pterois miles and P. volitans ); and Asian Tiger Shrimp ( Penaeus monodon ) have…",0.98
REL_7A3E99960E6372EC,DOC011,document_mentions_species,quagga mussel,DOC011,DOC011_CHUNK_0005,6-7,"of zebra and quagga mussel [ Dreissena polymorpha (Pallas, 1771) and D. rostriformis bugensis Andrusov, 1897], Asian carps [i.e., silver carp ( Hypophthalmichthys molitrix (Valenciennes in Cuvier and Valenciennes, 1844)), Bighead Carp ( H. nobilis (Richardson, 1845)), Black Carp ( Mylopharyngodon piceus (Richardson, 1846))]; Lionfish ( Pterois miles and P. volitans ); and Asian Tiger Shrimp ( Penaeus monodon ) have…",0.98
REL_CCB9B19055FB2A4C,DOC011,document_mentions_species,silver carp,DOC011,DOC011_CHUNK_0005,6-7,"of zebra and quagga mussel [ Dreissena polymorpha (Pallas, 1771) and D. rostriformis bugensis Andrusov, 1897], Asian carps [i.e., silver carp ( Hypophthalmichthys molitrix (Valenciennes in Cuvier and Valenciennes, 1844)), Bighead Carp ( H. nobilis (Richardson, 1845)), Black Carp ( Mylopharyngodon piceus (Richardson, 1846))]; Lionfish ( Pterois miles and P. volitans ); and Asian Tiger Shrimp ( Penaeus monodon ) have…",0.98
REL_F55C62055725999B,DOC011,document_mentions_location,United States,DOC011,DOC011_CHUNK_0006,7-10,Examples of the two types of maps served by U.S.,0.98
REL_8F809DA2B225A8E8,DOC011,document_mentions_species,bighead carp,DOC011,DOC011_CHUNK_0006,7-10,"The cluster map (Largemouth Bass, Micropterus salmoides) which indicated the number of records for a gi ven area; and the population status map (Bighead Carp, Hypophthalmichthys nobilis ) which displays individuals records and indicates both population status a nd geographic accuracy of reports.",0.98
REL_50DC7BD5D7F513C4,DOC011,document_mentions_species,largemouth bass,DOC011,DOC011_CHUNK_0006,7-10,"The cluster map (Largemouth Bass, Micropterus salmoides) which indicated the number of records for a gi ven area; and the population status map (Bighead Carp, Hypophthalmichthys nobilis ) which displays individuals records and indicates both population status a nd geographic accuracy of reports.",0.98
REL_A5018D17DDE6C0E2,DOC011,document_mentions_location,Canada,DOC011,DOC011_CHUNK_0007,10-11,"Science 279: 555–558, http://dx.doi. org/10.1126/science.279.5350.555 Courtenay WR Jr, Jennings DP, Williams JD (1991) Exotic fishes of the United States and Canada.",0.98
REL_CB57C310A8EEF3C4,DOC011,document_mentions_location,North America,DOC011,DOC011_CHUNK_0007,10-11,"Submitted to the Aquatic Nuisance Species Task Force. http://anstaskforce. gov/State%20Plans/CA_SMP_Final.pdf Overview and history of the USGS NAS Database 169 Chen P, Wiley EO, Mcnyset KM (2007) Ecological niche modeling as a predictive tool: silver and bighead carps in North America.",0.98
REL_C7152080930522A4,DOC011,document_mentions_location,United States,DOC011,DOC011_CHUNK_0007,10-11,"2014), and national policy making (silver carp listing in the Lacey Act) (U.S.",0.98
REL_CFC14FC0FFCDCF30,DOC011,document_mentions_species,silver carp,DOC011,DOC011_CHUNK_0007,10-11,"2014), and national policy making (silver carp listing in the Lacey Act) (U.S.",0.98
REL_E7A6C89274BFD972,DOC011,document_mentions_species,zebra mussel,DOC011,DOC011_CHUNK_0007,10-11,"Geological Survey . http://bison.usgs.ornl.gov (Accessed 11 December 2014) Bossenbroek JM, Johnson LE, Peters B, Lodge DM (2007) Forecasting the expansion of zebra mussels in the United States.",0.98
REL_B53A7B43BB57E6AC,DOC011,document_mentions_location,Canada,DOC011,DOC011_CHUNK_0008,11,"Science 279: 555–558, http://dx.doi. org/10.1126/science.279.5350.555 Courtenay WR Jr, Jennings DP, Williams JD (1991) Exotic fishes of the United States and Canada.",0.98
REL_5D72E8403058CDF5,DOC011,document_mentions_location,Great Lakes,DOC011,DOC011_CHUNK_0008,11,"American Fisheries Society, Bethesda, MD, 613 pp GBIF (2014) Global Biodiversity Information Facility (GBIF). http://www.gbif.org (Accessed 11 December 2014) GISIN (2014) Global Invasive Species Information Network, providing free and open access to invasive species data. http://www.gisin.org (Accessed 11 December 2014) GLANSIS (2014) Great Lakes A quatic Nonindigenous Aquatic Species Information System (GLANSIS). h…",0.98
REL_903EF287987584F3,DOC011,document_mentions_location,Gulf of Mexico,DOC011,DOC011_CHUNK_0008,11,"Department of Agriculture, Riley, Memorial Foundation, Washington, DC, pp 16–20, http://www.invasivespeciesinfo.gov/ docs/news/stkhldr.pdf Fuller PL, Knott DM, Kingsley-Sm ith PR, Morris JA , Buckel CA, Hunter ME, Hartman LD (2014) Invasion of Asian tiger shrimp, Penaeus monodon Fabricius, 1798, in the western north Atlantic and Gulf of Mexico.",0.98
REL_EBE626CE646817F9,DOC011,document_mentions_location,North America,DOC011,DOC011_CHUNK_0008,11,a predictive tool: silver and bighead carps in North America.,0.98
REL_53F69EB3E6BF6926,DOC011,document_mentions_location,United States,DOC011,DOC011_CHUNK_0008,11,"Science 279: 555–558, http://dx.doi. org/10.1126/science.279.5350.555 Courtenay WR Jr, Jennings DP, Williams JD (1991) Exotic fishes of the United States and Canada.",0.98
REL_8596C11978330572,DOC011,document_mentions_species,invasive carp,DOC011,DOC011_CHUNK_0008,11,"John Heinz III Center for Science, Economics and the Environment, Washington, DC, 300 pp Herborg L-M, Mandrak NE, Cudm ore BC, MacIsaac HJ (2007) Comparative distribution and invasion risk of snakehead (Channidae) and Asian carp (Cyprinidae) species in North America.",0.98
REL_C2E76422A593ABC1,DOC011,document_mentions_location,Florida,DOC011,DOC011_CHUNK_0009,11-12,"Tulane University Museum of Natural History, Belle Chasse, LA. http://www.mu seum.tulane.edu/geolocate (Accessed 11 December 2014) Rodgers L, Bodle M, Laroche F (2010) Chapter 9: The Status of Nonindigenous Species in the South Florida Environment.",0.98
REL_927923D902D25B8F,DOC011,document_mentions_location,Great Lakes,DOC011,DOC011_CHUNK_0009,11-12,"pp, http://www. defenders.org/resources/publications/programs_and_policy/internation al_conservation/broken_screens/broken_screens_report.pdf Mercado-Silva, N, Olden JD, Maxted JT, Hrabik TR, Vander Zanden MJ (2006) Forecasting the spread of invasive Rainbow Smelt in the Lauren tian Great Lakes region of North America.",0.98
REL_D7BC574C87F58F39,DOC011,document_mentions_location,North America,DOC011,DOC011_CHUNK_0009,11-12,"pp, http://www. defenders.org/resources/publications/programs_and_policy/internation al_conservation/broken_screens/broken_screens_report.pdf Mercado-Silva, N, Olden JD, Maxted JT, Hrabik TR, Vander Zanden MJ (2006) Forecasting the spread of invasive Rainbow Smelt in the Lauren tian Great Lakes region of North America.",0.98
REL_88F313DF7535A4B0,DOC011,document_mentions_location,United States,DOC011,DOC011_CHUNK_0009,11-12,"Washington, DC, 35 pp, http://www.doi.gov/inva sivespecies/upload/2008-2012-National-Invasive-Species- Management-Plan.pdf NatureServe (2014) NatureServe: a network connecting science with conservation. http://www.natureserve.org (Accessed 11 December 2014) Nico LG, Fuller PL (1999) Spatial and temporal patterns of nonindigenous fish introductions in the United States.",0.98
REL_0B71467C10D9B964,DOC011,document_mentions_species,quagga mussel,DOC011,DOC011_CHUNK_0009,11-12,"Submitted to the Aquatic Nuisance Species Task Force, 27 pp + appendices, http://www.anstaskforce.gov/QZAP/QZAP_FINAL_ Feb2010.pdf Whittier TR, Ringold PL, Herli hy AT, Pierson SM (2008) A calcium-based invasion risk assessment for zebra and quagga mussels ( Dreissena spp.).",0.98
REL_5F2A9A9A52C50F9A,DOC011,document_mentions_species,zebra mussel,DOC011,DOC011_CHUNK_0009,11-12,"Department of Agriculture, Natural Resource Conservation Service) (2011) Watershed Boundary Dataset. http://www.nrcs.usda.gov/wps/portal/nrcs/main/national/water/waters heds/dataset/ (Accessed 1 Febuary 2012) Western Regional Panel on Aquatic Nuisance Species (2010) Quagga-Zebra Mussel Action Plan for Western U.S.",0.98
REL_0226986F64F54898,DOC012,document_mentions_location,United States,DOC012,DOC012_CHUNK_0001,1-9,U.S.,0.98
REL_2A43BE9D1CD652FF,DOC012,document_mentions_species,bighead carp,DOC012,DOC012_CHUNK_0001,1-9,"From top to bottom: Hypophthalmichthys nobilis (bighead carp), H. molitrix (silver carp), Ctenopharyngodon idella (grass carp), and Mylopharyngodon piceus (black carp).",0.98
REL_0F7FECB59A73C3BB,DOC012,document_mentions_species,black carp,DOC012,DOC012_CHUNK_0001,1-9,"From top to bottom: Hypophthalmichthys nobilis (bighead carp), H. molitrix (silver carp), Ctenopharyngodon idella (grass carp), and Mylopharyngodon piceus (black carp).",0.98
REL_A351221DE6FE14C5,DOC012,document_mentions_species,grass carp,DOC012,DOC012_CHUNK_0001,1-9,"From top to bottom: Hypophthalmichthys nobilis (bighead carp), H. molitrix (silver carp), Ctenopharyngodon idella (grass carp), and Mylopharyngodon piceus (black carp).",0.98
REL_44E2A340C4D7A5F9,DOC012,document_mentions_species,invasive carp,DOC012,DOC012_CHUNK_0001,1-9,"Geological Survey Invasive Carp Strategic Framework, 2023–27 Front cover.",0.98
REL_2516BE9EDBB7124D,DOC012,document_mentions_species,silver carp,DOC012,DOC012_CHUNK_0001,1-9,"From top to bottom: Hypophthalmichthys nobilis (bighead carp), H. molitrix (silver carp), Ctenopharyngodon idella (grass carp), and Mylopharyngodon piceus (black carp).",0.98
REL_B08ED420270B28C1,invasive species,threat_affects_species,invasive carp,DOC012,DOC012_CHUNK_0001,1-9,"Also known as “Asian carp” and “four major Chinese carp.” invasive species With regard to a particular ecosystem, a non-native organism whose introduction causes or is likely to cause economic or environmental harm or harm to human, animal, or plant health (3 CFR 13751). structured decision making (SDM) An approach to identify and evaluate natural resource management alternatives.",0.82
REL_AB37DE4CAF32CCD3,DOC012,document_mentions_location,Great Lakes,DOC012,DOC012_CHUNK_0002,7-10,"Grass carp are also reproducing in tributaries to Lake Erie, one of the Laurentian Great Lakes (Embke and others, 2016), and the Colorado River upstream of Lake Powell (Brandenburg and others, 2019).",0.98
REL_61D93ACE44A8B735,DOC012,document_mentions_location,Mississippi River Basin,DOC012,DOC012_CHUNK_0002,7-10,"All four species of invasive carp have escaped captivity and are reproducing in parts of the Mississippi River Basin (Nico and others, 2005).",0.98
REL_6289C0775D910966,DOC012,document_mentions_location,North America,DOC012,DOC012_CHUNK_0002,7-10,"North America has the most diverse assemblage of freshwater mussels in the world (Williams and others, 1993), but most populations are imper- iled.",0.98
REL_036B1685EAE636E8,DOC012,document_mentions_location,United States,DOC012,DOC012_CHUNK_0002,7-10,"United States The 50 States; the District of Columbia; the territories of American Samoa, Guam, Puerto Rico, the U.S.",0.98
REL_2165CDA7CC325651,DOC012,document_mentions_species,bighead carp,DOC012,DOC012_CHUNK_0002,7-10,"Introduction The collective term “invasive carp” includes Hypophthalmichthys nobilis (bighead carp), Mylopharyngodon piceus (black carp), Ctenopharyngodon idella (grass carp), and H. molitrix (silver carp).",0.98
REL_B2B50E8A53D8976B,DOC012,document_mentions_species,black carp,DOC012,DOC012_CHUNK_0002,7-10,"Introduction The collective term “invasive carp” includes Hypophthalmichthys nobilis (bighead carp), Mylopharyngodon piceus (black carp), Ctenopharyngodon idella (grass carp), and H. molitrix (silver carp).",0.98
REL_3F595AD425296806,DOC012,document_mentions_species,grass carp,DOC012,DOC012_CHUNK_0002,7-10,"Introduction The collective term “invasive carp” includes Hypophthalmichthys nobilis (bighead carp), Mylopharyngodon piceus (black carp), Ctenopharyngodon idella (grass carp), and H. molitrix (silver carp).",0.98
REL_EB3DB0B6E10E8243,DOC012,document_mentions_species,invasive carp,DOC012,DOC012_CHUNK_0002,7-10,"Geological Survey Invasive Carp Strategic Framework, 2023–27 By Duane Chapman, Jon Amberg, Robin Calfee, Enrika Hlavacek, Jon Hortness, P .",0.98
REL_6DBD2C26F159EBD0,DOC012,document_mentions_species,silver carp,DOC012,DOC012_CHUNK_0002,7-10,"Geological Survey researchers to pursue a portfolio of leading-edge, partner-driven science for development, evaluation, and refinement of technologies for prevent- ing the spread of bighead, black, grass, and silver carp to uninvaded waters and for reducing populations or effects of these species where they are present or established.",0.98
REL_D26ECBFE40921BD8,DOC012,document_mentions_location,Great Lakes,DOC012,DOC012_CHUNK_0003,9-10,"Within this period, Congress provided addi- tional funding, including focused amounts for research on grass carp in the Great Lakes and Upper Mississippi River Basins and for protection of subbasins of the Mississippi River for all four invasive carp species.",0.98
REL_C6F7914E112D9F23,DOC012,document_mentions_location,Iowa,DOC012,DOC012_CHUNK_0003,9-10,"In 2020 and 2021, we began large-scale evaluations of key deterrent technologies, such as the USGS-developed underwater acoustic deterrent system at Lock and Dam 19 on the Mississippi River near Keokuk, Iowa, and we partnered with the U.S.",0.98
REL_294AB1AA022B4149,DOC012,document_mentions_location,United States,DOC012,DOC012_CHUNK_0003,9-10,The strategic plan laid out 2 U.S.,0.98
REL_18548978FA3C84D0,DOC012,document_mentions_species,black carp,DOC012,DOC012_CHUNK_0003,9-10,"However, there remain some fundamental biological science needs for research on the less studied black carp and on other native and invasive species that may need to be addressed to inform deci- sions on newly conceived control tools.",0.98
REL_EE46A2B5C553D5ED,DOC012,document_mentions_species,grass carp,DOC012,DOC012_CHUNK_0003,9-10,"Within this period, Congress provided addi- tional funding, including focused amounts for research on grass carp in the Great Lakes and Upper Mississippi River Basins and for protection of subbasins of the Mississippi River for all four invasive carp species.",0.98
REL_8CB4B23E26EC159D,DOC012,document_mentions_species,invasive carp,DOC012,DOC012_CHUNK_0003,9-10,developed its first 5-year strategic plan (for the years 2017–21) for invasive carp research.,0.98
REL_44D3EADAA67F699F,DOC012,document_mentions_species,silver carp,DOC012,DOC012_CHUNK_0003,9-10,"1) in research and management of bighead, black, grass, and silver carp.",0.98
REL_DF2A17D4F83213BB,DOC012,document_mentions_location,Arkansas,DOC012,DOC012_CHUNK_0004,10-11,"USGS research also supports efforts of Federal management partners, such as the invasive carp subbasin partnerships (that is, the inva- sive carp partnerships of the Upper Mississippi River; Lower Mississippi River; Missouri River; Ohio River; Tennessee and Cumberland Rivers; and Arkansas, Red, and White Rivers), the U.S.",0.98
REL_A0A99C70F81C4FA2,DOC012,document_mentions_location,Canada,DOC012,DOC012_CHUNK_0004,10-11,"Preventing entry of bighead, black, and silver carp to the Great Lakes is a high priority for Canada (Mandrak and Cudmore, 2004), our binational partner in research and management of the Great Lakes, and informs Canadian efforts toward prevention and management.",0.98
REL_C129233BF9BE544C,DOC012,document_mentions_location,Great Lakes,DOC012,DOC012_CHUNK_0004,10-11,"Specific projects pursued under the topic areas will be developed by working directly with the several work groups of the Invasive Carp Regional Coordinating Committee, the Great Lakes Grass Carp Advisory Committee, MICRA subbasin partnerships, and other work groups that may form during 2023–27.",0.98
REL_4E578B2B2268833F,DOC012,document_mentions_location,Mississippi River Basin,DOC012,DOC012_CHUNK_0004,10-11,"This framework supports priorities for the management of invasive carp as expressed in regional plans (for example, Mississippi River Basin Invasive Carp Control Strategy Frameworks, and the “Lake Erie Grass Carp Adaptive Response Strategy—2019–2023” [Lake Erie Committee, 2018]) and State plans (for example, Ohio Department of Natural Resources Division of Wildlife, 2019).",0.98
REL_22925FC87BEC9C51,DOC012,document_mentions_location,Missouri,DOC012,DOC012_CHUNK_0004,10-11,"USGS research also supports efforts of Federal management partners, such as the invasive carp subbasin partnerships (that is, the inva- sive carp partnerships of the Upper Mississippi River; Lower Mississippi River; Missouri River; Ohio River; Tennessee and Cumberland Rivers; and Arkansas, Red, and White Rivers), the U.S.",0.98
REL_62A3983CBA873BA1,DOC012,document_mentions_location,United States,DOC012,DOC012_CHUNK_0004,10-11,"Ultimately, all such efforts are intended to provide the maximum benefit to Tribal, State, Provincial, and Federal partners and to United States citizens.",0.98
REL_F787A0914FC32B94,DOC012,document_mentions_species,grass carp,DOC012,DOC012_CHUNK_0004,10-11,"Specific projects pursued under the topic areas will be developed by working directly with the several work groups of the Invasive Carp Regional Coordinating Committee, the Great Lakes Grass Carp Advisory Committee, MICRA subbasin partnerships, and other work groups that may form during 2023–27.",0.98
REL_19F181E7ED8AF0A5,DOC012,document_mentions_species,invasive carp,DOC012,DOC012_CHUNK_0004,10-11,"Specific projects pursued under the topic areas will be developed by working directly with the several work groups of the Invasive Carp Regional Coordinating Committee, the Great Lakes Grass Carp Advisory Committee, MICRA subbasin partnerships, and other work groups that may form during 2023–27.",0.98
REL_C76045A81762213A,DOC012,document_mentions_species,silver carp,DOC012,DOC012_CHUNK_0004,10-11,"This document serves as a guide to prioritiz- ing USGS funding for research on bighead, black, grass, and silver carp and provides a framework for evaluating exist- ing and proposed research by the USGS.",0.98
REL_B38F530F80B67BC3,DOC012,document_mentions_location,Arkansas,DOC012,DOC012_CHUNK_0005,11-13,"A total of $6 million is for research toward preventing invasion of the Great Lakes by bighead, black, and silver carp; $2 million is for research within the six named subbasins of the Mississippi River (the Upper Mississippi; Lower Mississippi; Missouri; Ohio; Tennessee and Cumberland; and Arkansas, Red, and White River subbasins); and $3 million is for research to control grass carp in the Upper Mississippi River…",0.98
REL_CA3F6D2B805CDCC5,DOC012,document_mentions_location,Great Lakes,DOC012,DOC012_CHUNK_0005,11-13,"In contrast, efforts in the Great Lakes Basin generally focus on preventing invasion by bighead, black, and silver carp and reducing the grass carp population and are coordinated by a well-established multijurisdictional fishery management structure.",0.98
REL_81EADBDB0972085F,DOC012,document_mentions_location,Mississippi River Basin,DOC012,DOC012_CHUNK_0005,11-13,"For example, management efforts in the Mississippi River Basin generally focus on containment and control and are coordinated by the U.S.",0.98
REL_88F8C87F0C94B467,DOC012,document_mentions_location,Missouri,DOC012,DOC012_CHUNK_0005,11-13,"A total of $6 million is for research toward preventing invasion of the Great Lakes by bighead, black, and silver carp; $2 million is for research within the six named subbasins of the Mississippi River (the Upper Mississippi; Lower Mississippi; Missouri; Ohio; Tennessee and Cumberland; and Arkansas, Red, and White River subbasins); and $3 million is for research to control grass carp in the Upper Mississippi River…",0.98
REL_FAAC56C18BF20BAB,DOC012,document_mentions_location,United States,DOC012,DOC012_CHUNK_0005,11-13,"Support of Regional Priorities Priorities and approaches to invasive carp management vary across the United States, and this variation must be con- sidered as part of the overall USGS approach.",0.98
REL_148FA9020BAB8AC9,DOC012,document_mentions_species,grass carp,DOC012,DOC012_CHUNK_0005,11-13,"In contrast, efforts in the Great Lakes Basin generally focus on preventing invasion by bighead, black, and silver carp and reducing the grass carp population and are coordinated by a well-established multijurisdictional fishery management structure.",0.98
REL_E8A65DBA5974554F,DOC012,document_mentions_species,invasive carp,DOC012,DOC012_CHUNK_0005,11-13,"This approach will require USGS researchers to strike a balance among (1) completing existing lines of research on beneficial tools and products already in development or undergoing evaluation of efficacy, (2) leading development of new lines of research, and (3) responding quickly to developing needs and the changing priorities of partner agencies as expressed by interested parties and through basin and subbasin in…",0.98
REL_EA24E19DD7C30073,DOC012,document_mentions_species,silver carp,DOC012,DOC012_CHUNK_0005,11-13,"In contrast, efforts in the Great Lakes Basin generally focus on preventing invasion by bighead, black, and silver carp and reducing the grass carp population and are coordinated by a well-established multijurisdictional fishery management structure.",0.98
REL_E4B4B58EADAD86B1,DOC012,document_mentions_location,United States,DOC012,DOC012_CHUNK_0006,12-14,"Our vision is to Lead the Nation in 21st-century integrated research, assessments, and prediction of natural resources and processes to meet society’s needs.” Roles, Resposibilities, amd Commitments of the U.S.",0.98
REL_8086750305556514,DOC012,document_mentions_species,invasive carp,DOC012,DOC012_CHUNK_0006,12-14,"Geological Survey for Invasive Carp Science 5 Roles, Responsibilities, and Commitments of the U.S.",0.98
REL_363248DD0CD887A9,DOC012,document_mentions_species,silver carp,DOC012,DOC012_CHUNK_0006,12-14,"Geological Survey for Invasive Carp Science USGS research produces actionable intelligence and tools for managers and decision makers to employ in the control of bighead, black, grass, and silver carp populations.",0.98
REL_EDDB4742B582D265,climate change,threat_affects_species,invasive carp,DOC012,DOC012_CHUNK_0006,12-14,"Climate change may affect where invasive carp can invade, and the carp invasion, by means of IPM to minimize adverse effects of invasive carp to ecosystems and ecosystem services Extirpate or reduce (control) populations Contain populations Prevent accidental and deliberate introductions Minimize or mitigate adverse effects Share information to improve management Conduct research to inform management Plan, implement…",0.82
REL_6E98E82F93DFC7FA,DOC012,document_mentions_location,Great Lakes,DOC012,DOC012_CHUNK_0007,14-15,"For example, bigheaded carp are not thought to be present in the Great Lakes Basin; barriers to their invasion are thus highly desired and appropriate, as are efforts in early detection.",0.98
REL_38E043FA96536DFA,DOC012,document_mentions_location,North America,DOC012,DOC012_CHUNK_0007,14-15,The stages of carp invasion in North America differ by species of carp and by region.,0.98
REL_692D2BBBDACEAA98,DOC012,document_mentions_location,United States,DOC012,DOC012_CHUNK_0007,14-15,Themes of U.S.,0.98
REL_FA7245BD2D02A826,DOC012,document_mentions_species,black carp,DOC012,DOC012_CHUNK_0007,14-15,"Department of the Interior, 2022), such as the black carp’s threat to endan- gered mollusks, but they are also environmental engineers that change habitat (for example, removal of vegetation, or increased turbidity due to grass carp foraging) and disrupt food webs (for example, restructuring of the planktonic community by bigheaded carp).",0.98
REL_98429DC65ACEBE1F,DOC012,document_mentions_species,grass carp,DOC012,DOC012_CHUNK_0007,14-15,"Department of the Interior, 2022), such as the black carp’s threat to endan- gered mollusks, but they are also environmental engineers that change habitat (for example, removal of vegetation, or increased turbidity due to grass carp foraging) and disrupt food webs (for example, restructuring of the planktonic community by bigheaded carp).",0.98
REL_473813942B8DB5F8,DOC012,document_mentions_species,invasive carp,DOC012,DOC012_CHUNK_0007,14-15,"The reproductive success of invasive carp is closely tied to hydrologic conditions; thus the Water Resources Mission Area (h ttps://www .usgs.gov/ mission- areas/ water- resources) is involved in invasive carp science to support deterrent tech- nologies, control strategies, and risk assessments that depend on water quality and hydrodynamics.",0.98
REL_49CDA471668816E0,DOC012,document_mentions_location,Illinois,DOC012,DOC012_CHUNK_0008,14-17,"The USGS conducted field tests at several sites on the Missouri River, in backwaters of the Illinois River, and at Mallard Lake near St.",0.98
REL_59A60C6387E20C2A,DOC012,document_mentions_location,Iowa,DOC012,DOC012_CHUNK_0008,14-17,"The USGS, in collaboration with partners, is developing or testing behav- ioral deterrents that limit movement, particularly longitudinal movement, through bottleneck dams (for example, Lock and Dam 19 near Keokuk, Iowa, on the Upper Mississippi River) or other important intrasystem and intersystem corridors (for example, spawning tributaries or shipping canals).",0.98
REL_5F797ED20CA270A5,DOC012,document_mentions_location,Missouri,DOC012,DOC012_CHUNK_0008,14-17,"The USGS conducted field tests at several sites on the Missouri River, in backwaters of the Illinois River, and at Mallard Lake near St.",0.98
REL_CF99412772595C65,DOC012,document_mentions_location,United States,DOC012,DOC012_CHUNK_0008,14-17,The Seven Themes of U.S.,0.98
REL_F8E8BD5A91B760B5,DOC012,document_mentions_species,bighead carp,DOC012,DOC012_CHUNK_0008,14-17,"This information can be used by USGS scientists and partners to develop and evaluate ribonucleic acid interference (RNAi) for silver carp, bighead carp, grass carp, and black carp.",0.98
REL_367112FEAFD69947,DOC012,document_mentions_species,black carp,DOC012,DOC012_CHUNK_0008,14-17,"This information can be used by USGS scientists and partners to develop and evaluate ribonucleic acid interference (RNAi) for silver carp, bighead carp, grass carp, and black carp.",0.98
REL_AC4E9F4233F27A48,DOC012,document_mentions_species,grass carp,DOC012,DOC012_CHUNK_0008,14-17,"This information can be used by USGS scientists and partners to develop and evaluate ribonucleic acid interference (RNAi) for silver carp, bighead carp, grass carp, and black carp.",0.98
REL_4C592410C08444F7,DOC012,document_mentions_species,invasive carp,DOC012,DOC012_CHUNK_0008,14-17,"Geological Survey Invasive Carp Science • Deterrents • Genetic control methods • Baits and attractants • Pesticides • Removal, herding, and aggregating methods • Decision support and modeling • Early detection and surveillance Themes of U.S.",0.98
REL_C0551AC507343C38,DOC012,document_mentions_species,mallard,DOC012,DOC012_CHUNK_0008,14-17,"The USGS conducted field tests at several sites on the Missouri River, in backwaters of the Illinois River, and at Mallard Lake near St.",0.98
REL_9AE69A2703346A5E,DOC012,document_mentions_species,silver carp,DOC012,DOC012_CHUNK_0008,14-17,"The USGS has begun sequencing the transcriptome of bighead, black, grass, and silver carp.",0.98
REL_73D11B89639F7FF1,DOC012,document_mentions_location,United States,DOC012,DOC012_CHUNK_0009,16-19,Themes of U.S.,0.98
REL_68FA5DCC139739A1,DOC012,document_mentions_species,invasive carp,DOC012,DOC012_CHUNK_0009,16-19,Geological Survey Invasive Carp Science 9 Another goal for this research is to identify habitat types where baits and attractants are most effective.,0.98
REL_36F2B67CA381F5E0,DOC012,document_mentions_location,Great Lakes,DOC012,DOC012_CHUNK_0010,19-22,"For example, USGS researchers played a key role in identification of grass carp recruitment in the Lake Erie Basin (Chapman and others, 2013; Embke and others, 2016), which ultimately resulted in broad collaborative research and management of grass carp in the Great Lakes.",0.98
REL_50E4B34367BA91E0,DOC012,document_mentions_location,North America,DOC012,DOC012_CHUNK_0010,19-22,"Substantial research on the effects of grass carp introduc- tions to North America began in the 1970s (Michewicz and others, 1972; Stanley and others, 1978), but little scientific literature existed on the biology or potential effects of wild bigheaded carp or black carp in North America until USGS risk assessments in the 2000s (Nico and others, 2005; Kolar and others, 2007).",0.98
REL_34C8F23F2645C594,DOC012,document_mentions_location,United States,DOC012,DOC012_CHUNK_0010,19-22,12 U.S.,0.98
REL_EBF0039D1C718042,DOC012,document_mentions_species,black carp,DOC012,DOC012_CHUNK_0010,19-22,"Substantial research on the effects of grass carp introduc- tions to North America began in the 1970s (Michewicz and others, 1972; Stanley and others, 1978), but little scientific literature existed on the biology or potential effects of wild bigheaded carp or black carp in North America until USGS risk assessments in the 2000s (Nico and others, 2005; Kolar and others, 2007).",0.98
REL_7667BB51D7CE52D3,DOC012,document_mentions_species,grass carp,DOC012,DOC012_CHUNK_0010,19-22,"Substantial research on the effects of grass carp introduc- tions to North America began in the 1970s (Michewicz and others, 1972; Stanley and others, 1978), but little scientific literature existed on the biology or potential effects of wild bigheaded carp or black carp in North America until USGS risk assessments in the 2000s (Nico and others, 2005; Kolar and others, 2007).",0.98
REL_922309E7154CAB19,DOC012,document_mentions_species,invasive carp,DOC012,DOC012_CHUNK_0010,19-22,"An SDM workshop might include scenario planning and modeling that consider multiple, sometimes simultane- ous, methods of response in an integrated approach to bio- threats posed by invasive carp.",0.98
REL_C9C39E6E62C933BA,DOC012,document_mentions_species,silver carp,DOC012,DOC012_CHUNK_0010,19-22,"Geological Survey Invasive Carp Science Strategy Where We Have Been—Past Science Consolidation and Synthesis Before bighead, black, grass, and silver carp were imported to the United States, they were already among the most studied freshwater species because of their importance in aquaculture.",0.98
REL_88913E7AB8E9DA8F,DOC012,document_mentions_location,United States,DOC012,DOC012_CHUNK_0011,20-24,References Cited 13 14 U.S.,0.98
REL_E14A98750AED3046,DOC012,document_mentions_species,black carp,DOC012,DOC012_CHUNK_0011,20-24,There is also a need for early life history information on black carp so that it might be brought up to the level of,0.98
REL_6C71E46299486B6E,DOC012,document_mentions_species,grass carp,DOC012,DOC012_CHUNK_0011,20-24,"The USGS may also participate in evaluation of the success of removal or barriers through demographic research or other methods. • Early life history.—Over the previous 10 years, USGS research has provided greater understanding of the early life history of bigheaded carp and grass carp.",0.98
REL_C22BC3BCDF08A076,DOC012,document_mentions_species,invasive carp,DOC012,DOC012_CHUNK_0011,20-24,"Geological Survey Invasive Carp Strategic Framework, 2023–27 Where We Are Going—U.S.",0.98
REL_E5F347CC747F7A57,DOC012,document_mentions_species,silver carp,DOC012,DOC012_CHUNK_0011,20-24,"We will rigorously research the effectiveness of deterrents at preventing movements of bighead, black, grass, and silver carp while assessing negative effects on move- ments of native species.",0.98
REL_98E8BF6380CCC65A,DOC012,document_mentions_location,Gulf of Mexico,DOC012,DOC012_CHUNK_0012,23-25,"Changes in water quality might affect resources in complex ways, includ- ing increased risk of harmful algal blooms or hypoxia in the Gulf of Mexico.",0.98
REL_0504F7553D5B85DE,DOC012,document_mentions_location,United States,DOC012,DOC012_CHUNK_0012,23-25,"life history might be needed in new areas, such as the subbasins of the Mississippi River where our research has been limited, and potentially 16 U.S.",0.98
REL_17DBF92FDB1E3D30,DOC012,document_mentions_species,black carp,DOC012,DOC012_CHUNK_0012,23-25,"There is also a need for early life history information on black carp so that it might be brought up to the level of understanding of bighead, grass, and silver carp.",0.98
REL_F4FD3F4959071680,DOC012,document_mentions_species,grass carp,DOC012,DOC012_CHUNK_0012,23-25,Bigheaded carp and grass carp cause environmental changes that affect food webs and water quality.,0.98
REL_0002D7802D16C53F,DOC012,document_mentions_species,invasive carp,DOC012,DOC012_CHUNK_0012,23-25,"Geological Survey Invasive Carp Strategic Framework, 2023–27 elsewhere in the United States if congressional funding mandates permit (for example, the Colorado River, Hudson River, or Mobile River).",0.98
REL_E8E4F6DB79890E7E,DOC012,document_mentions_species,silver carp,DOC012,DOC012_CHUNK_0012,23-25,"There is also a need for early life history information on black carp so that it might be brought up to the level of understanding of bighead, grass, and silver carp.",0.98
REL_F280E77148153BEE,DOC012,document_mentions_location,Great Lakes,DOC012,DOC012_CHUNK_0013,24-26,"We will also communicate research results and progress through professional confer- ences, peer-reviewed literature, meetings of the Invasive Carp Regional Coordinating Committee and its work groups, the Great Lakes Grass Carp Advisory Committee, MICRA subbasin partnerships, and other similar groups.",0.98
REL_BFFF359DEF6CB524,DOC012,document_mentions_location,North America,DOC012,DOC012_CHUNK_0013,24-26,"References Cited Brandenburg, W.H., Francis, T.A., Snyder, D.E., Bestgen, K.R., Hines, B.A., Wilson, W.D., Bohn, S., Harrison, A.S., and Clark Barkalow, S.L., 2019, Discovery of Grass Carp larvae in the Colorado River arm of Lake Powell: North American Journal of Fisheries Management, v.",0.98
REL_ED40C920EA8AB2CF,DOC012,document_mentions_location,United States,DOC012,DOC012_CHUNK_0013,24-26,The Program Council is an advisory group composed of invasive species and disease experts from within the USGS and other U.S.,0.98
REL_9FDFB2B6E55F77FF,DOC012,document_mentions_species,bighead carp,DOC012,DOC012_CHUNK_0013,24-26,"Chapman, D.C., and Deters, J.E., 2009, Effect of water hard- ness and dissolved-solid concentration on hatching success and egg size in bighead carp: Transactions of the American Fisheries Society, v.",0.98
REL_BAC22F8675705730,DOC012,document_mentions_species,grass carp,DOC012,DOC012_CHUNK_0013,24-26,"We will also communicate research results and progress through professional confer- ences, peer-reviewed literature, meetings of the Invasive Carp Regional Coordinating Committee and its work groups, the Great Lakes Grass Carp Advisory Committee, MICRA subbasin partnerships, and other similar groups.",0.98
REL_3CBEDFCB409868C1,DOC012,document_mentions_species,invasive carp,DOC012,DOC012_CHUNK_0013,24-26,"References Cited 17 Evaluating Research Under This Framework and Renewal The USGS Invasive Carp Working Group, which is composed of principal investigators from across the USGS who design and conduct research in collaboration with agency partners, will meet annually to review performance under this framework and to ensure alignment with congressional funding mandates, guidance from the Program Council for the Biolog…",0.98
REL_FAC3BC14294C853E,DOC012,document_mentions_species,silver carp,DOC012,DOC012_CHUNK_0013,24-26,"Chapman, D.C., and George, A.E., 2011, Developmental rate and behavior of early life stages of bighead and silver carp: U.S.",0.98
REL_3B579B11C21C1670,invasive species,threat_affects_species,invasive carp,DOC012,DOC012_CHUNK_0013,24-26,"References Cited 17 Evaluating Research Under This Framework and Renewal The USGS Invasive Carp Working Group, which is composed of principal investigators from across the USGS who design and conduct research in collaboration with agency partners, will meet annually to review performance under this framework and to ensure alignment with congressional funding mandates, guidance from the Program Council for the Biolog…",0.82
REL_62D91BA1FC48B202,DOC012,document_mentions_location,Canada,DOC012,DOC012_CHUNK_0014,25-26,"Mandrak, N.E., and Cudmore, B., 2004, Risk assessment for Asian carps in Canada: Canadian Science Advisory Secretariat, Research Document 2004/103, 48 p. [Also available at https://www.dfo- mpo.gc.ca/ csas- sccs/ Publications/ ResDocs- DocRech/ 2004/ 2004_ 103- eng.htm.] Michewicz, J.E., Sutton, D.L., and Blackburn, R.D., 1972, Water quality of small enclosures stocked with white amur: Hyacinth Control Journal, v.",0.98
REL_4960CA87BE92A5CF,DOC012,document_mentions_location,Great Lakes,DOC012,DOC012_CHUNK_0014,25-26,"Embke, H.S., Kočovský, P.M., Richter, C.A., Pritt, J.J., Mayer, C.M., and Qian, S.S., 2016, First direct confirma- tion of grass carp spawning in a Great Lakes tributary: Journal of Great Lakes Research, v.",0.98
REL_CCF5EB617D570E4E,DOC012,document_mentions_location,North America,DOC012,DOC012_CHUNK_0014,25-26,"Larson, J.H., Knights, B.C., Grace McCalla, S., Monroe, E., Tuttle-Lau, M., Chapman, D.C., George, A.E., Vallazza, J.M., and Amberg, J., 2017, Evidence of Asian carp spawning upstream of a key choke point in the Mississippi River: North American Journal of Fisheries Management, v.",0.98
REL_121302A7E0D8BD2B,DOC012,document_mentions_location,United States,DOC012,DOC012_CHUNK_0014,25-26,"and silver carp in the United States: Washington, D.C., Asian Carp Working Group, Aquatic Nuisance Species Task Force, 223 p., accessed November 16, 2022, at htt p://micrar ivers.org/ wp- content/ uploads/ 2018/ 08/ Final- ANSTF- Approved- Asian- Carp- Plan.November- 2007.pdf.",0.98
REL_657F8565D73B74BA,DOC012,document_mentions_species,bighead carp,DOC012,DOC012_CHUNK_0014,25-26,"Murchy, K.A., Cupp, A.R., Amberg, J.J., Vetter, B.J., Fredricks, K.T., Gaikowski, M.P., and Mensinger, A.F., 2017, Potential implications of acoustic stimuli as a non- physical barrier to silver carp and bighead carp: Fisheries Management and Ecology, v.",0.98
REL_86ABB733F2AB6CBF,DOC012,document_mentions_species,black carp,DOC012,DOC012_CHUNK_0014,25-26,"Nico, L.G., Williams, J.D., and Jelks, H.L., 2005, Black carp—Biological synopsis and risk assessment of an introduced fish: Bethesda, Md., American Fisheries Society Special Publication 32, 337 p.",0.98
REL_3D532E4DE1A12DB5,DOC012,document_mentions_species,grass carp,DOC012,DOC012_CHUNK_0014,25-26,"Embke, H.S., Kočovský, P.M., Richter, C.A., Pritt, J.J., Mayer, C.M., and Qian, S.S., 2016, First direct confirma- tion of grass carp spawning in a Great Lakes tributary: Journal of Great Lakes Research, v.",0.98
REL_04CC752B6F1F8EA1,DOC012,document_mentions_species,invasive carp,DOC012,DOC012_CHUNK_0014,25-26,"and silver carp in the United States: Washington, D.C., Asian Carp Working Group, Aquatic Nuisance Species Task Force, 223 p., accessed November 16, 2022, at htt p://micrar ivers.org/ wp- content/ uploads/ 2018/ 08/ Final- ANSTF- Approved- Asian- Carp- Plan.November- 2007.pdf.",0.98
REL_931A3A080CBDBA02,DOC012,document_mentions_species,silver carp,DOC012,DOC012_CHUNK_0014,25-26,"and silver carp in the United States: Washington, D.C., Asian Carp Working Group, Aquatic Nuisance Species Task Force, 223 p., accessed November 16, 2022, at htt p://micrar ivers.org/ wp- content/ uploads/ 2018/ 08/ Final- ANSTF- Approved- Asian- Carp- Plan.November- 2007.pdf.",0.98
REL_EC5E98E8ADDC2307,DOC012,document_mentions_location,Canada,DOC012,DOC012_CHUNK_0015,26-29,"Williams, J.D., Warren, M.L., Jr., Cummings, K.S., Harris, J.L., and Neves, R.J., 1993, Conservation status of fresh- water mussels of the United States and Canada: Fisheries, v.",0.98
REL_FB67F15DC800AE2F,DOC012,document_mentions_location,Great Lakes,DOC012,DOC012_CHUNK_0015,26-29,"Key U.S.-Based Organizations, Committees, and Groups Supporting Invasive Carp Research • Invasive Carp Regional Coordinating Committee: ht tp://invas ivecarp.us • Great Lakes Fishery Commission: http://glfc.org • Great Lakes Grass Carp Advisory Committee (of the Great Lakes Fishery Commission) • Mississippi Interstate Cooperative Resource Association: http:// www.micrar ivers.org/ Appendix 2.",0.98
REL_0D62EBAE86AAFCD4,DOC012,document_mentions_location,North America,DOC012,DOC012_CHUNK_0015,26-29,"Ridgway, J.L., Lawson, K.M., Shier, S.A., Calfee, R.D., and Chapman, D.C., 2021, An assessment of fish herding techniques—Management implications for mass removal and control of silver carp: North American Journal of Fisheries Management, 13 p., accessed November 16, 2022, at https://doi.org/ 10.1002/ nafm.10685.",0.98
REL_5F644D3BAF16A3FF,DOC012,document_mentions_location,United States,DOC012,DOC012_CHUNK_0015,26-29,"Post van der Burg, M., Smith, D.R., Cupp, A.R., Rogers, M.W., and Chapman, D.C., 2021, Decision analysis of barrier placement and targeted removal to control invasive carp in the Tennessee River Basin: U.S.",0.98
REL_16FCE77AE72BAE92,DOC012,document_mentions_species,bighead carp,DOC012,DOC012_CHUNK_0015,26-29,"non- physical barrier to silver carp and bighead carp: Fisheries Management and Ecology, v.",0.98
REL_3EF214F38AC35FA8,DOC012,document_mentions_species,black carp,DOC012,DOC012_CHUNK_0015,26-29,"Nico, L.G., Williams, J.D., and Jelks, H.L., 2005, Black carp—Biological synopsis and risk assessment of an introduced fish: Bethesda, Md., American Fisheries Society Special Publication 32, 337 p.",0.98
REL_A0A4CF22F11EBB60,DOC012,document_mentions_species,common carp,DOC012,DOC012_CHUNK_0015,26-29,"References Cited 19 Poole, J.R., Sauey, B.W., Amberg, J.J., and Bajer, P.G., 2018, Assessing the efficacy of corn-based bait contain- ing antimycin-a to control common carp populations using laboratory and pond experiments: Biological Invasions, v.",0.98
REL_EA91339A74A3E62D,DOC012,document_mentions_species,grass carp,DOC012,DOC012_CHUNK_0015,26-29,"Ohio Department of Natural Resources Division of Wildlife, 2019, Lake Erie Grass Carp response strategy—2019–2023: Columbus, Ohio, Ohio Department of Natural Resources, 11 p., accessed November 16, 2022, at https://ohiodnr.gov/ static/ documents/ wildlife/ fish- management/ Lake_ Erie_ Grass_ Carp_ Response_ Strategy.pdf.",0.98
REL_644C304EEDF9A67E,DOC012,document_mentions_species,invasive carp,DOC012,DOC012_CHUNK_0015,26-29,"Post van der Burg, M., Smith, D.R., Cupp, A.R., Rogers, M.W., and Chapman, D.C., 2021, Decision analysis of barrier placement and targeted removal to control invasive carp in the Tennessee River Basin: U.S.",0.98
REL_42B3E5ED81A6B412,DOC012,document_mentions_species,silver carp,DOC012,DOC012_CHUNK_0015,26-29,"non- physical barrier to silver carp and bighead carp: Fisheries Management and Ecology, v.",0.98
REL_12EF0CE012B2D9FC,DOC012,document_mentions_location,Great Lakes,DOC012,DOC012_CHUNK_0016,28-30,"Key U.S.-Based Organizations, Committees, and Groups Supporting Invasive Carp Research • Invasive Carp Regional Coordinating Committee: ht tp://invas ivecarp.us • Great Lakes Fishery Commission: http://glfc.org • Great Lakes Grass Carp Advisory Committee (of the Great Lakes Fishery Commission) • Mississippi Interstate Cooperative Resource Association: http:// www.micrar ivers.org/ Appendix 2.",0.98
REL_D18FA8559560DDA0,DOC012,document_mentions_location,Illinois,DOC012,DOC012_CHUNK_0016,28-30,"Battaglin, W., Duncker, J., Terrio, P., Bradley, P., Barber, L., and DeCicco, L., 2020, Evaluating the potential role of bioactive chemicals on the distribution of inva- sive Asian carp upstream and downstream from river mile 278 in the Illinois waterway: Science of the Total Environment, v.",0.98
REL_F0B1C3421FB18969,DOC012,document_mentions_location,North America,DOC012,DOC012_CHUNK_0016,28-30,"Baerwaldt, K., Benson, A., and Irons, K., 2014, Asian carp distribution in North America: Asian Carp Regional Coordinating Committee, 8 p., htt p://invasi vecarp.us/ Documents/ ACDistribution.pdf.",0.98
REL_3A41BFDEC39FDEB2,DOC012,document_mentions_location,United States,DOC012,DOC012_CHUNK_0016,28-30,"Key U.S.-Based Organizations, Committees, and Groups Supporting Invasive Carp Research • Invasive Carp Regional Coordinating Committee: ht tp://invas ivecarp.us • Great Lakes Fishery Commission: http://glfc.org • Great Lakes Grass Carp Advisory Committee (of the Great Lakes Fishery Commission) • Mississippi Interstate Cooperative Resource Association: http:// www.micrar ivers.org/ Appendix 2.",0.98
REL_15719643A9C36448,DOC012,document_mentions_species,bighead carp,DOC012,DOC012_CHUNK_0016,28-30,"Amberg, J.J., Schreier, T.M., and Gaikowski, M.P., 2012, Molecular responses differ between sensitive silver carp and tolerant bighead carp and bigmouth buffalo exposed to rotenone: Fish Physiology and Biochemistry, v.",0.98
REL_6A4C6F2AF83E9176,DOC012,document_mentions_species,grass carp,DOC012,DOC012_CHUNK_0016,28-30,"Key U.S.-Based Organizations, Committees, and Groups Supporting Invasive Carp Research • Invasive Carp Regional Coordinating Committee: ht tp://invas ivecarp.us • Great Lakes Fishery Commission: http://glfc.org • Great Lakes Grass Carp Advisory Committee (of the Great Lakes Fishery Commission) • Mississippi Interstate Cooperative Resource Association: http:// www.micrar ivers.org/ Appendix 2.",0.98
REL_61A72AF6E3812518,DOC012,document_mentions_species,invasive carp,DOC012,DOC012_CHUNK_0016,28-30,"Survey Invasive Carp Strategic Framework, 2023–27 Appendix 1.",0.98
REL_C35A9B9D6EE7DC2D,DOC012,document_mentions_species,silver carp,DOC012,DOC012_CHUNK_0016,28-30,"Geological Survey Information Products on Invasive Carp, 2011–22 Amberg, J.J., Grace McCalla, S., Monroe, E., Lance, R., Baerwaldt, K., and Gaikowski, M.P., 2015, Improving efficiency and reliability of environmental DNA analysis for silver carp: Journal of Great Lakes Research, v.",0.98
REL_65811E2793A70356,DOC012,document_mentions_location,Canada,DOC012,DOC012_CHUNK_0017,29-30,"Cudmore, B., Mandrak, N.E., Dettmers, J.M., Chapman, D.C., and Kolar, C.S., 2012, Binational ecological risk assessment of bigheaded carps (Hypophthalmichthys spp.) for the Great Lakes Basin: Ottawa, Ontario, Canada, DFO Canadian Science Advisory Secretariat Research Document, 63 p., https ://pubs.er .usgs.gov/ publication/ 70039013.",0.98
REL_989383BBED76DEF9,DOC012,document_mentions_location,Great Lakes,DOC012,DOC012_CHUNK_0017,29-30,"Geological Survey Invasive Carp Strategic Framework, 2023–27 Chapman, D.C., Benson, A., Embke, H.S., King, N.R., Kočovský, P., Lewis, T.D., and Mandrak, N.E., 2021, Status of the major aquaculture carps of China in the Laurentian Great Lakes Basin: Journal of Great Lakes Research, v.",0.98
REL_26238DA7A80C39D6,DOC012,document_mentions_location,Illinois,DOC012,DOC012_CHUNK_0017,29-30,"Coulter, A.A., Brey, M.K., Lubejko, M., Kallis, J.L., Coulter, D.P., Glover, D.C., Whitledge, G.W., and Garvey, J.E., 2018, Multistate models of bigheaded carps in the Illinois River reveal spatial dynamics of invasive spe- cies: Biological Invasions, v.",0.98
REL_A0279195E5BC8969,DOC012,document_mentions_location,North America,DOC012,DOC012_CHUNK_0017,29-30,"1 of Chapman, D.C., and Hoff, M.H., eds., Invasive Asian Carps in North America: Bethesda, Md., American Fisheries Society Symposium 74, p.",0.98
REL_2C314A0B30D89607,DOC012,document_mentions_location,United States,DOC012,DOC012_CHUNK_0017,29-30,"Human Dimensions for Predictive Management of Bighead and Silver Carps in the United States: Reviews in Fisheries Science & Aquaculture, v.",0.98
REL_E2E0A8D605C9800D,DOC012,document_mentions_species,bighead carp,DOC012,DOC012_CHUNK_0017,29-30,"Chapman, D.C., Milardi, M., and Mann, F.A., 2019, Ligation and division of ductus deferens does not produce long term sterility in most bighead carp or grass carp.",0.98
REL_39EE69069A78FE73,DOC012,document_mentions_species,grass carp,DOC012,DOC012_CHUNK_0017,29-30,"Chapman, D.C., Davis, J.J., Jenkins, J.A., Kocovsky, P.M., Miner, J.G., Farver, J., and Jackson, P.R., 2013, First evi- dence of grass carp recruitment in the Great Lakes Basin: Journal of Great Lakes Research, v.",0.98
REL_9D8A5C8B5DE3CD96,DOC012,document_mentions_species,invasive carp,DOC012,DOC012_CHUNK_0017,29-30,"Geological Survey Invasive Carp Strategic Framework, 2023–27 Chapman, D.C., Benson, A., Embke, H.S., King, N.R., Kočovský, P., Lewis, T.D., and Mandrak, N.E., 2021, Status of the major aquaculture carps of China in the Laurentian Great Lakes Basin: Journal of Great Lakes Research, v.",0.98
REL_845FBD1D7D2B1753,DOC012,document_mentions_species,silver carp,DOC012,DOC012_CHUNK_0017,29-30,"Chapman, D.C., and George, A.E., 2011, Developmental rate and behavior of early life stages of bighead and silver carp: U.S.",0.98
REL_B5F493E551E9DF4B,DOC012,document_mentions_location,Great Lakes,DOC012,DOC012_CHUNK_0018,30-31,"Cupp, A.R., Lopez, A.K., Smerud, J.R., Tix, J.A., Rivera, J.M., Swyers, N.M., Brey, M.K., Woodley, C.M., Smith, D.L., and Gaikowski, M.P., 2021, Telemetry evaluation of carbon dioxide as a behavioral deterrent for invasive carps: Journal of Great Lakes Research, v.",0.98
REL_6E6F1A1A197C5730,DOC012,document_mentions_location,Illinois,DOC012,DOC012_CHUNK_0018,30-31,"Davis, J.J., Jackson, P.R., Engel, F.L., LeRoy, J.Z., Neeley, R.N., Finney, S.T., and Murphy, E.A., 2016, Entrainment, retention, and transport of freely swimming fish in junction gaps between commercial barges operating on the Illinois Waterway: Journal of Great Lakes Research, v.",0.98
REL_50C8BFC109E77197,DOC012,document_mentions_location,Missouri,DOC012,DOC012_CHUNK_0018,30-31,"Deters, J.E., Chapman, D.C., and McElroy, B., 2013, Location and timing of Asian carp spawning in the Lower Missouri River: Environmental Biology of Fishes, v.",0.98
REL_241534135AE57055,DOC012,document_mentions_location,North America,DOC012,DOC012_CHUNK_0018,30-31,"Geological Survey Information Products on Invasive Carp, 2011–22 23 Cupp, A.R., Smerud, J.R., Tix, J.A., Rivera, J.M., Kageyama, S.A., Merkes, C.M., Erickson, R.A., Amberg, J.J., and Gaikowski, M.P., 2018, Assessment of carbon dioxide piscicide treatments: North American Journal of Fisheries Management, v.",0.98
REL_E1B0B1616E3C0D58,DOC012,document_mentions_location,United States,DOC012,DOC012_CHUNK_0018,30-31,U.S.,0.98
REL_408C896D468A4CE8,DOC012,document_mentions_species,bighead carp,DOC012,DOC012_CHUNK_0018,30-31,"and Amberg, J.J., 2017, Responses of inva- sive silver and bighead carp to a carbon dioxide barrier in outdoor ponds: Canadian Journal of Fisheries and Aquatic Sciences, v.",0.98
REL_C90E2603CC119D6D,DOC012,document_mentions_species,grass carp,DOC012,DOC012_CHUNK_0018,30-31,"Embke, H.S., Kočovský, P.M., Richter, C.A., Pritt, J.J., Mayer, C.M., and Qian, S.S., 2016, First direct confirma- tion of grass carp spawning in a Great Lakes tributary: Journal of Great Lakes Research, v.",0.98
REL_351F5B5317D331AA,DOC012,document_mentions_species,invasive carp,DOC012,DOC012_CHUNK_0018,30-31,"Geological Survey Information Products on Invasive Carp, 2011–22 23 Cupp, A.R., Smerud, J.R., Tix, J.A., Rivera, J.M., Kageyama, S.A., Merkes, C.M., Erickson, R.A., Amberg, J.J., and Gaikowski, M.P., 2018, Assessment of carbon dioxide piscicide treatments: North American Journal of Fisheries Management, v.",0.98
REL_99626213DA8170F5,DOC012,document_mentions_location,Canada,DOC012,DOC012_CHUNK_0019,31-32,"Fisheries and Oceans Canada [DFO], 2017, ecological risk assessment of Grass Carp (Ctenopharyngodon idella) for the Great Lakes Basin: DFO Canadian Science Advisory Secretariat Science Advisory Report 2016/057, 29 p., https:/ /publicati ons.gc.ca/ collections/ collection_ 2017/ mpo- dfo/ Fs70- 6- 2016- 057- eng.pdf.",0.98
REL_96D1D14A684C32B5,DOC012,document_mentions_location,Great Lakes,DOC012,DOC012_CHUNK_0019,31-32,"Erickson, R.A., Merkes, C.M., Jackson, C., Goforth, R.R., and Amberg, J.J., 2017, Seasonal trends in eDNA detection and occupancy of bigheaded carps: Journal of Great Lakes Research, v.",0.98
REL_87D9E730A2284A5E,DOC012,document_mentions_location,North America,DOC012,DOC012_CHUNK_0019,31-32,"Geological Survey Invasive Carp Strategic Framework, 2023–27 Fischer, J.L., Nathan, L.R., Buszkiewicz, J., Colm, J., Drake, D.A.R., DuFour, M.R., Kočovský, P.M., Marson, D., Smyth, E.R.B., Young, R., and Robinson, K.F., 2022, Using surrogate taxa to inform response methods for invasive Grass Carp in the Laurentian Great Lakes: North American Journal of Fisheries Management, v.",0.98
REL_FA1E091154E6AF4A,DOC012,document_mentions_location,United States,DOC012,DOC012_CHUNK_0019,31-32,1.0): U.S.,0.98
REL_F0516D87DBA0F29A,DOC012,document_mentions_species,grass carp,DOC012,DOC012_CHUNK_0019,31-32,"Geological Survey Invasive Carp Strategic Framework, 2023–27 Fischer, J.L., Nathan, L.R., Buszkiewicz, J., Colm, J., Drake, D.A.R., DuFour, M.R., Kočovský, P.M., Marson, D., Smyth, E.R.B., Young, R., and Robinson, K.F., 2022, Using surrogate taxa to inform response methods for invasive Grass Carp in the Laurentian Great Lakes: North American Journal of Fisheries Management, v.",0.98
REL_248AE11BBF293DA0,DOC012,document_mentions_species,invasive carp,DOC012,DOC012_CHUNK_0019,31-32,"Geological Survey Invasive Carp Strategic Framework, 2023–27 Fischer, J.L., Nathan, L.R., Buszkiewicz, J., Colm, J., Drake, D.A.R., DuFour, M.R., Kočovský, P.M., Marson, D., Smyth, E.R.B., Young, R., and Robinson, K.F., 2022, Using surrogate taxa to inform response methods for invasive Grass Carp in the Laurentian Great Lakes: North American Journal of Fisheries Management, v.",0.98
REL_A6871795332B2BD5,DOC012,document_mentions_species,silver carp,DOC012,DOC012_CHUNK_0019,31-32,"Garcia, T., Zuniga Zamalloa, C., Jackson, P.R., Murphy, E.A., and Garcia, M.H., 2015, A laboratory investiga- tion of the suspension, transport, and settling of silver carp eggs using synthetic surrogates: PLoS One, v.",0.98
REL_9AC2DA5465D4C244,DOC012,document_mentions_location,Great Lakes,DOC012,DOC012_CHUNK_0020,32-33,"Jenkins, J.A., Chauvin, M.D., Johnson, D., Brown, B.L., Bailey, J., Kelly, A.M., and Kinter, B.T., 2019, Defensible standardized ploidy assessments for Grass Carp (Ctenopharyngodon idella, Cyprinidae) intercepted from the commercial supply chain: Journal of Great Lakes Research, v.",0.98
REL_4EB5E050F10D86DE,DOC012,document_mentions_location,Illinois,DOC012,DOC012_CHUNK_0020,32-33,"Geological Survey Information Products on Invasive Carp, 2011–22 25 Harrison, T.J., Hop, K.D., Hlavacek, E., and Knights, B.C., 2020, USGS Illinois River monitoring and evaluation, in Monitoring and Response Workgroup, ed., 2020 Asian carp monitoring and response plan: Asian Carp Regional Coordinating Committee, p.",0.98
REL_71D81EB3B4A7A401,DOC012,document_mentions_location,Mississippi River Basin,DOC012,DOC012_CHUNK_0020,32-33,"Hunter, M.E., and Nico, L.G., 2015, Genetic analysis of invasive Asian Black Carp (Mylopharyngodon piceus) in the Mississippi River Basin—Evidence for multiple introductions: Biological Invasions, v.",0.98
REL_8F4ADD00E454E924,DOC012,document_mentions_location,Missouri,DOC012,DOC012_CHUNK_0020,32-33,"Hayer, C.-A., Bayless, M.F., Richter, C.A., George, A.E., and Chapman, D.C., 2021, Grass carp reproduction in small tributaries of Truman Reservoir, Missouri—Implications for establishment in novel habitats: North American Journal of Fisheries Management, accepted article published June 30, 2021, https://doi.org/ 10.1002/ nafm.10670.",0.98
REL_A5774D863A01644E,DOC012,document_mentions_location,North America,DOC012,DOC012_CHUNK_0020,32-33,"Guan, X., Monroe, E.M., Bockrath, K.D., Mize, E.L., Rees, C.B., Lindsay, D.L., Baerwaldt, K.L., Nico, L.G., and Lance, R.F., 2019, Environmental DNA assays for invasive populations of Black Carp in North America: Transactions of the American Fisheries Society, v.",0.98
REL_156467BD5ED1420A,DOC012,document_mentions_location,United States,DOC012,DOC012_CHUNK_0020,32-33,U.S.,0.98
REL_6C83AAEA60A2C41E,DOC012,document_mentions_species,bighead carp,DOC012,DOC012_CHUNK_0020,32-33,"George, A.E., Garcia, T., and Chapman, D.C., 2017, Comparison of size, terminal fall velocity, and density of bighead carp, silver carp, and grass carp eggs for use in drift modeling: Transactions of the American Fisheries Society, v.",0.98
REL_410C39720066F2B0,DOC012,document_mentions_species,black carp,DOC012,DOC012_CHUNK_0020,32-33,"Guan, X., Monroe, E.M., Bockrath, K.D., Mize, E.L., Rees, C.B., Lindsay, D.L., Baerwaldt, K.L., Nico, L.G., and Lance, R.F., 2019, Environmental DNA assays for invasive populations of Black Carp in North America: Transactions of the American Fisheries Society, v.",0.98
REL_B0679E371B8F2A42,DOC012,document_mentions_species,common carp,DOC012,DOC012_CHUNK_0020,32-33,"Hundt, P.J., Amberg, J., Sauey, B., Vacura, K., and Bajer, P.G., 2020, Tests in a semi-natural environment suggest that bait and switch strategy could be used to control invasive Common Carp: Management of Biological Invasions, v.",0.98
REL_76B366830AE6CD4C,DOC012,document_mentions_species,grass carp,DOC012,DOC012_CHUNK_0020,32-33,"George, A.E., and Chapman, D.C., 2015, Embryonic and larval development and early behavior in grass carp, Ctenopharyngodon idella—Implications for recruitment in rivers: PLoS One, v.",0.98
REL_827F26A438E7E8B7,DOC012,document_mentions_species,invasive carp,DOC012,DOC012_CHUNK_0020,32-33,"Geological Survey Information Products on Invasive Carp, 2011–22 25 Harrison, T.J., Hop, K.D., Hlavacek, E., and Knights, B.C., 2020, USGS Illinois River monitoring and evaluation, in Monitoring and Response Workgroup, ed., 2020 Asian carp monitoring and response plan: Asian Carp Regional Coordinating Committee, p.",0.98
REL_A1FB9162B186DC5C,DOC012,document_mentions_species,silver carp,DOC012,DOC012_CHUNK_0020,32-33,"D.C., 2013, Aspects of embryonic and larval development in big- head carp Hypophthalmichthys nobilis and silver carp Hypophthalmichthys molitrix: PLoS One, v.",0.98
REL_117AEF64AD60719C,DOC012,document_mentions_location,Great Lakes,DOC012,DOC012_CHUNK_0021,33-34,"B.T., 2019, Defensible standardized ploidy assessments for Grass Carp (Ctenopharyngodon idella, Cyprinidae) intercepted from the commercial supply chain: Journal of Great Lakes Research, v.",0.98
REL_7C284DB4227AE20B,DOC012,document_mentions_location,Illinois,DOC012,DOC012_CHUNK_0021,33-34,"Kay, R.T., Mills, P.C., and Jackson, P.R., 2016, Geology, hydrology, water quality, and potential for interbasin invasive-species spread by way of the groundwater pathway near Lemont, Illinois: U.S.",0.98
REL_A784BF7CE470C01C,DOC012,document_mentions_location,North America,DOC012,DOC012_CHUNK_0021,33-34,"Kroboth, P.T., Cox, C.L., Chapman, D.C., and Whitledge, G.W., 2019, Black Carp in North America—A description of range, habitats, time of year, and methods of reported captures: North American Journal of Fisheries Management, v.",0.98
REL_F4271C438BFEFA8E,DOC012,document_mentions_location,United States,DOC012,DOC012_CHUNK_0021,33-34,"Croix River, Minnesota and Wisconsin, United States: PLoS One, v.",0.98
REL_34A3D2A1CF313211,DOC012,document_mentions_species,bighead carp,DOC012,DOC012_CHUNK_0021,33-34,"Klymus, K.E., Richter, C.A., Chapman, D.C., and Paukert, C., 2015, Quantification of eDNA shedding rates from invasive bighead carp Hypophthalmichthys nobilis and silver carp Hypophthalmichthys molitrix: Biological Conservation, v.",0.98
REL_302DB03147927266,DOC012,document_mentions_species,black carp,DOC012,DOC012_CHUNK_0021,33-34,"Kroboth, P.T., Chapman, D.C., Hrabik, R.A., and Neely, D.A., 2019, Characteristics for the external identification of Black Carp from Grass Carp: Journal of Fish and Wildlife Management, v.",0.98
REL_2E0FF6A8EBF6D116,DOC012,document_mentions_species,grass carp,DOC012,DOC012_CHUNK_0021,33-34,"B.T., 2019, Defensible standardized ploidy assessments for Grass Carp (Ctenopharyngodon idella, Cyprinidae) intercepted from the commercial supply chain: Journal of Great Lakes Research, v.",0.98
REL_3A8825C3C9418B1A,DOC012,document_mentions_species,invasive carp,DOC012,DOC012_CHUNK_0021,33-34,"Jensen, N.R., Amberg, J.J., Luoma, J.A., Walleser, L.R., and Gaikowski, M.P., 2012, Assessing consumption of bioac- tive micro-particles by filter-feeding Asian carp: Journal of Aquaculture Research & Development, v.",0.98
REL_C9BB828CA511DD70,DOC012,document_mentions_species,silver carp,DOC012,DOC012_CHUNK_0021,33-34,"King, T.L., Eackles, M.S., and Chapman, D.C., 2011, Tools for assessing kinship, population structure, phylogeography, and interspecific hybridization in Asian carps invasive to the Mississippi River, USA—Isolation and characterization of novel tetranucleotide microsatellite DNA loci in silver carp Hypophthalmichthys molitrix: Conservation Genetics Resources, v.",0.98
REL_0642EED25A0CC210,DOC012,document_mentions_location,Great Lakes,DOC012,DOC012_CHUNK_0022,34-35,"LeRoy, J.Z., Davis, J.J., Shanks, M.R., Jackson, P.R., Murphy, E.A., Baxter, C.L., Trovillion, J.C., and McInerney, M.K., 2019, Efficacy of increasing discharge to reduce tow- mediated fish passage across an electric dispersal barrier system in a confined channel: Journal of Great Lakes Research, v.",0.98
REL_22DD6279EC597963,DOC012,document_mentions_location,Illinois,DOC012,DOC012_CHUNK_0022,34-35,"Lampo, E.G., Knights, B.C., Vallazza, J.M., Anderson, C.A., Rechkemmer, W.T., Solomon, L.E., Casper, A.F., Pendleton, R.M., and Lamer, J.T., 2017, Using pharyn- geal teeth and chewing pads to estimate juvenile Silver Carp total length in the La Grange Reach, Illinois River: North American Journal of Fisheries Management, v.",0.98
REL_9170E4C07DFBA498,DOC012,document_mentions_location,North America,DOC012,DOC012_CHUNK_0022,34-35,"of reported captures: North American Journal of Fisheries Management, v.",0.98
REL_8C2094646FB5C79C,DOC012,document_mentions_location,United States,DOC012,DOC012_CHUNK_0022,34-35,U.S.,0.98
REL_D7D4266A86E0FD83,DOC012,document_mentions_species,bighead carp,DOC012,DOC012_CHUNK_0022,34-35,"Long, J.M., Liang, Y ., Shoup, D.E., Dzialowski, A.R., and Bidwell, J.R., 2014, GIS-based rapid-assessment of bighead carp Hypophthalmichthys nobilis (Richardson, 1845) suitability in reservoirs: Management of Biological Invasions, v.",0.98
REL_382D6E4445BA8917,DOC012,document_mentions_species,invasive carp,DOC012,DOC012_CHUNK_0022,34-35,"Larson, J.H., Grace McCalla, S., Chapman, D.C., Rees, C., Knights, B.C., Vallazza, J.M, George, A.E., Richardson, W.B., and Amberg, J., 2016, Genetic analysis shows that morphology alone cannot distinguish Asian carp eggs from those of other cyprinid species: North American Journal of Fisheries Management, v.",0.98
REL_FBD5247AF6923903,DOC012,document_mentions_species,silver carp,DOC012,DOC012_CHUNK_0022,34-35,"Lampo, E.G., Knights, B.C., Vallazza, J.M., Anderson, C.A., Rechkemmer, W.T., Solomon, L.E., Casper, A.F., Pendleton, R.M., and Lamer, J.T., 2017, Using pharyn- geal teeth and chewing pads to estimate juvenile Silver Carp total length in the La Grange Reach, Illinois River: North American Journal of Fisheries Management, v.",0.98
REL_EDAD6F0529D79D04,DOC012,document_mentions_location,Great Lakes,DOC012,DOC012_CHUNK_0023,35-36,"Geological Survey Invasive Carp Strategic Framework, 2023–27 Murphy, E.A., and Jackson, P.R., 2013, Hydraulic and water- quality data collection for the investigation of Great Lakes tributaries for Asian carp spawning and egg-transport suit- ability: U.S.",0.98
REL_83EA16096362192E,DOC012,document_mentions_location,Illinois,DOC012,DOC012_CHUNK_0023,35-36,"Murphy, E.A., Garcia, T., Jackson, P.R., and Duncker, J.J., 2016, Simulation of hypothetical Asian carp egg and lar- vae development and transport in the Lockport, Brandon Road, Dresden Island, and Marseilles Pools of the Illinois Waterway by use of the Fluvial Egg Drift Simulator (FluEgg) model: U.S.",0.98
REL_6BB5D4D07D512D77,DOC012,document_mentions_location,Louisiana,DOC012,DOC012_CHUNK_0023,35-36,"Nico, L., Demopoulos, A., Gualtieri, D., and Wieser, C., 2011, Use of stable isotopes and mercury to assess tro- phic positions of black carp and other large fishes in the Red-Atchafalaya River system, Louisiana, USA, chap.",0.98
REL_9FF4DA73E1A6706C,DOC012,document_mentions_location,Missouri,DOC012,DOC012_CHUNK_0023,35-36,"Orazio, C.E., Chapman, D.C., May, T.W., Meadows, J.C., Walther, M.J., Echols, K.R., Deters, J.E., and Dierenfeld, E.S., 2011, Evaluation of environmental contaminants and elements in bigheaded carps of the Missouri River at Easley, Missouri, USA, chap.",0.98
REL_249D620DB9FF35B6,DOC012,document_mentions_location,North America,DOC012,DOC012_CHUNK_0023,35-36,"8 of Chapman, D.C., and Hoff, M.H., eds., Invasive Asian Carps in North America: Bethesda, Md., American Fisheries Society Symposium 74, p.",0.98
REL_66DC593A23075625,DOC012,document_mentions_location,United States,DOC012,DOC012_CHUNK_0023,35-36,"Murphy, E.A., Garcia, T., Jackson, P.R., and Duncker, J.J., 2016, Simulation of hypothetical Asian carp egg and lar- vae development and transport in the Lockport, Brandon Road, Dresden Island, and Marseilles Pools of the Illinois Waterway by use of the Fluvial Egg Drift Simulator (FluEgg) model: U.S.",0.98
REL_E044349CA156B808,DOC012,document_mentions_species,bighead carp,DOC012,DOC012_CHUNK_0023,35-36,"Milardi, M., Chapman, D., Lanzoni, M., Long, J.M., and Castaldelli, G., 2017, First evidence of bighead carp wild recruitment in Western Europe, and its relation to hydrology and temperature: PLoS One, v.",0.98
REL_7CF0B00D102E9578,DOC012,document_mentions_species,black carp,DOC012,DOC012_CHUNK_0023,35-36,"Nico, L., Demopoulos, A., Gualtieri, D., and Wieser, C., 2011, Use of stable isotopes and mercury to assess tro- phic positions of black carp and other large fishes in the Red-Atchafalaya River system, Louisiana, USA, chap.",0.98
REL_94A214E8E313AD61,DOC012,document_mentions_species,common carp,DOC012,DOC012_CHUNK_0023,35-36,"Poole, J.R., Sauey, B.W., Amberg, J.J., and Bajer, P.G., 2018, Assessing the efficacy of corn-based bait contain- ing antimycin-a to control common carp populations using laboratory and pond experiments: Biological Invasions, v.",0.98
REL_95FA376882657F5A,DOC012,document_mentions_species,grass carp,DOC012,DOC012_CHUNK_0023,35-36,"Papoulias, D.M., Candrl, J., Jenkins, J.A., and Tillitt, D.E., 2011, Verification of ploidy and reproductive potential in triploid black carp and grass carp, chap.",0.98
REL_BBA16915F9D9775D,DOC012,document_mentions_species,invasive carp,DOC012,DOC012_CHUNK_0023,35-36,"Murphy, E.A., Garcia, T., Jackson, P.R., and Duncker, J.J., 2016, Simulation of hypothetical Asian carp egg and lar- vae development and transport in the Lockport, Brandon Road, Dresden Island, and Marseilles Pools of the Illinois Waterway by use of the Fluvial Egg Drift Simulator (FluEgg) model: U.S.",0.98
REL_AAA617A4ED82B530,DOC012,document_mentions_species,silver carp,DOC012,DOC012_CHUNK_0023,35-36,"Murchy, K.A., Cupp, A.R., Amberg, J.J., Vetter, B.J., Fredricks, K.T., Gaikowski, M.P., and Mensinger, A.F., 2017, Potential implications of acoustic stimuli as a non- physical barrier to silver carp and bighead carp: Fisheries Management and Ecology, v.",0.98
REL_032C8876273EC184,DOC012,document_mentions_location,Great Lakes,DOC012,DOC012_CHUNK_0024,36-37,"Robinson, K.F., DuFour, M., Jones, M., Herbst, S., Newcomb, T., Boase, J.C., Brenden, T., Chapman, D., Dettmers, J., Francis, J., Hartman, T., Kočovský, P., Locke, B., Mayer, C., and Tyson, J., 2021, Using decision analysis to col- laboratively respond to invasive species threats—A case study of Lake Erie grass carp (Ctenopharyngodon idella): Journal of Great Lakes Research, v.",0.98
REL_1288179638BEB318,DOC012,document_mentions_location,North America,DOC012,DOC012_CHUNK_0024,36-37,"North America: Bethesda, Md., American Fisheries Society Symposium 74, p.",0.98
REL_F146BAC2C0EA60E0,DOC012,document_mentions_location,United States,DOC012,DOC012_CHUNK_0024,36-37,"Post van der Burg, M., Smith, D.R., Cupp, A.R., Rogers, M.W., and Chapman, D.C., 2021, Decision analysis of barrier placement and targeted removal to control invasive carp in the Tennessee River Basin: U.S.",0.98
REL_D3BB9F1A1AEEB944,DOC012,document_mentions_species,bighead carp,DOC012,DOC012_CHUNK_0024,36-37,"Geological Survey Information Products on Invasive Carp, 2011–22 29 Putnam, J.G., Nelson, J., Leis, E.M., Erickson, R.A., Hubert, T.D., and Amberg, J.J., 2017, Using silver and bighead carp cell lines for the identification of a unique metabo- lite fingerprint from thiram-specific chemical exposure: Chemosphere, v.",0.98
REL_5F5093FF11AF7103,DOC012,document_mentions_species,black carp,DOC012,DOC012_CHUNK_0024,36-37,"Poulton, B.C., Bailey, J., Kroboth, P.T., George, A.E., and Chapman, D.C., 2021, Invasive black carp as a reservoir host for the freshwater mollusk parasite Aspidogaster conchicola—Further evidence of mollusk consumption and implications for parasite dispersal: Freshwater Mollusk Biology and Conservation, v.",0.98
REL_A247DE3C30BB159A,DOC012,document_mentions_species,common carp,DOC012,DOC012_CHUNK_0024,36-37,"Poole, J.R., Sauey, B.W., Amberg, J.J., and Bajer, P.G., 2018, Assessing the efficacy of corn-based bait contain- ing antimycin-a to control common carp populations using laboratory and pond experiments: Biological Invasions, v.",0.98
REL_FD5DFCB7B3DE9125,DOC012,document_mentions_species,grass carp,DOC012,DOC012_CHUNK_0024,36-37,"Prada, A.F., George, A.E., Stahlschmidt, B.H., Chapman, D.C., and Tinoco, R.O., 2018, Survival and drifting patterns of grass carp eggs and larvae in response to interactions with flow and sediment in a laboratory flume: PLoS One, v.",0.98
REL_FDC02C45735C19EF,DOC012,document_mentions_species,invasive carp,DOC012,DOC012_CHUNK_0024,36-37,"Post van der Burg, M., Smith, D.R., Cupp, A.R., Rogers, M.W., and Chapman, D.C., 2021, Decision analysis of barrier placement and targeted removal to control invasive carp in the Tennessee River Basin: U.S.",0.98
REL_D75B76C952CA0F9C,DOC012,document_mentions_species,silver carp,DOC012,DOC012_CHUNK_0024,36-37,"Prechtel, A.R., Coulter, A.A., Etchison, L., Jackson, P.R., and Goforth, R.R., 2018, Range estimates and habitat use of invasive Silver Carp (Hypophthalmichthys moli- trix)—Evidence of sedentary and mobile individuals: Hydrobiologia, v.",0.98
REL_6EA6CD943131B82E,invasive species,threat_affects_species,grass carp,DOC012,DOC012_CHUNK_0024,36-37,"Robinson, K.F., DuFour, M., Jones, M., Herbst, S., Newcomb, T., Boase, J.C., Brenden, T., Chapman, D., Dettmers, J., Francis, J., Hartman, T., Kočovský, P., Locke, B., Mayer, C., and Tyson, J., 2021, Using decision analysis to col- laboratively respond to invasive species threats—A case study of Lake Erie grass carp (Ctenopharyngodon idella): Journal of Great Lakes Research, v.",0.82
REL_A1A03C9D8D9288F4,DOC012,document_mentions_location,Great Lakes,DOC012,DOC012_CHUNK_0025,37-38,"Vetter, B.J., Murchy, K.A., Cupp, A.R., Amberg, J.J., Gaikowski, M.P., and Mensinger, A.F., 2017, Acoustic deterrence of bighead carp (Hypophthalmichthys nobilis) to a broadband sound stimulus: Journal of Great Lakes Research, v.",0.98
REL_081A9837E1D104F7,DOC012,document_mentions_location,Louisiana,DOC012,DOC012_CHUNK_0025,37-38,"Thomas, R.G., Jenkins, J.A., and David, J., 2011, Occurrence and distribution of Asian carps in Louisiana, chap.",0.98
REL_EE130D6F2FB10A5D,DOC012,document_mentions_location,Mississippi River Basin,DOC012,DOC012_CHUNK_0025,37-38,"Sullivan, C.J., Weber, M.J., Pierce, C.L., Wahl, D.H., Phelps, Q.E., Camacho, C.A., and Colombo, R.E., 2018, Factors regulating year‐class strength of Silver Carp throughout the Mississippi River basin: Transactions of the American Fisheries Society, v.",0.98
REL_4D0E8B99A4AD53A3,DOC012,document_mentions_location,Missouri,DOC012,DOC012_CHUNK_0025,37-38,"Wang, J., Chapman, D., Xu, J., Wang, Y ., and Gu, B., 2018, Isotope niche dimension and trophic overlap between bigheaded carps and native filter-feeding fish in the lower Missouri River, USA: PLoS One, v.",0.98
REL_88E6417FEA7921B1,DOC012,document_mentions_location,North America,DOC012,DOC012_CHUNK_0025,37-38,"operation in an enclosed shallow pond: North American Journal of Fisheries Management, v.",0.98
REL_CA911E086270D9BF,DOC012,document_mentions_location,United States,DOC012,DOC012_CHUNK_0025,37-38,"Schreier, T.M., and Hubert, T.D., 2015, Determination of the acute toxicity of isoniazid to three invasive carp species and rainbow trout in static exposures: U.S.",0.98
REL_F96320BD47BCE0B6,DOC012,document_mentions_species,bighead carp,DOC012,DOC012_CHUNK_0025,37-38,"Vetter, B.J., Murchy, K.A., Cupp, A.R., Amberg, J.J., Gaikowski, M.P., and Mensinger, A.F., 2017, Acoustic deterrence of bighead carp (Hypophthalmichthys nobilis) to a broadband sound stimulus: Journal of Great Lakes Research, v.",0.98
REL_0E370E0F885A157C,DOC012,document_mentions_species,black carp,DOC012,DOC012_CHUNK_0025,37-38,"Whitledge, G.W., Kroboth, P.T., Chapman, D.C., Phelps, Q.E., Sleeper, W., Bailey, J., and Jenkins, J.A., 2022, Establishment of invasive black carp (Mylopharyngodon piceus) in the Mississippi River basin—Identifying sources and year classes contributing to",0.98
REL_1FBF3896C2616D63,DOC012,document_mentions_species,grass carp,DOC012,DOC012_CHUNK_0025,37-38,"Tinoco, R.O., Prada, A.F., George, A.E., Stahlschmidt, B.H., Jackson, P.R., and Chapman, D.C., 2022, Identifying tur- bulence features hindering swimming capabilities of grass carp larvae (Ctenopharyngodon idella) through submerged vegetation: Journal of Ecohydraulics, v.",0.98
REL_E11A1887B7C346D5,DOC012,document_mentions_species,invasive carp,DOC012,DOC012_CHUNK_0025,37-38,"Schreier, T.M., and Hubert, T.D., 2015, Determination of the acute toxicity of isoniazid to three invasive carp species and rainbow trout in static exposures: U.S.",0.98
REL_5DD0E4A5C5D00C53,DOC012,document_mentions_species,silver carp,DOC012,DOC012_CHUNK_0025,37-38,"Sullivan, C.J., Camacho, C.A., Weber, M.J., and Pierce, C.L., 2017, Intra‐annual variability of Silver Carp popu- lations in the Des Moines River, USA: North American Journal of Fisheries Management, v.",0.98
REL_20DE2397D573F8CC,DOC012,document_mentions_location,Great Lakes,DOC012,DOC012_CHUNK_0026,38-40,"Wittmann, M.E., Jerde, C.L., Howeth, J.G., Maher, S.P., Deines, A.M., Jenkins, J.A., Whitledge, G.W., Burbank, S.R., Chadderton, W.L., Mahon, A.R., Tyson, J.T., Gantz, C.A., Keller, R.P., Drake, J.M., and Lodge, D.M., 2014, Grass carp in the Great Lakes region—Establishment potential, expert perceptions, and re-evaluation of experi- mental evidence of ecological impact: Canadian Journal of Fisheries and Aquatic Scie…",0.98
REL_B1D10D5519842795,DOC012,document_mentions_location,Illinois,DOC012,DOC012_CHUNK_0026,38-40,"Zhu, Z., Motta, D., Jackson, P.R., and Garcia, M.H., 2017, Numerical modeling of simultaneous tracer release and piscicide treatment for invasive species control in the Chicago Sanitary and Ship Canal, Chicago, Illinois: Environmental Fluid Mechanics, v.",0.98
REL_65862139E909737D,DOC012,document_mentions_location,Maryland,DOC012,DOC012_CHUNK_0026,38-40,"Geological Survey (USGS) except where indicated. p. iv Removal of silver carp and bighead carp, Creve Coeur Lake, Maryland Heights, Missouri. p. vi A grass carp about to be released in the Mississippi River after being implanted with an acoustic transmitter to allow tracking of its movements. p.",0.98
REL_C144520B5E32EF9A,DOC012,document_mentions_location,Mississippi River Basin,DOC012,DOC012_CHUNK_0026,38-40,"Whitledge, G.W., Kroboth, P.T., Chapman, D.C., Phelps, Q.E., Sleeper, W., Bailey, J., and Jenkins, J.A., 2022, Establishment of invasive black carp (Mylopharyngodon piceus) in the Mississippi River basin—Identifying sources and year classes contributing to recruitment: Biological Invasions, v.",0.98
REL_CE2B92C6F968CA2B,DOC012,document_mentions_location,Missouri,DOC012,DOC012_CHUNK_0026,38-40,"Geological Survey (USGS) except where indicated. p. iv Removal of silver carp and bighead carp, Creve Coeur Lake, Maryland Heights, Missouri. p. vi A grass carp about to be released in the Mississippi River after being implanted with an acoustic transmitter to allow tracking of its movements. p.",0.98
REL_9A2FB70CE31A2A44,DOC012,document_mentions_location,United States,DOC012,DOC012_CHUNK_0026,38-40,"For more information about this report, contact: Biological Threats and Invasive Species Research Program h ttps://www .usgs.gov/ mission- areas/ ecosystems/ biological- threats- and- invasive- species- research- program Publishing support provided by the Reston and Pembroke Publishing Service Centers Photographs All photographs by the U.S.",0.98
REL_1F827D2478C1AED8,DOC012,document_mentions_species,bighead carp,DOC012,DOC012_CHUNK_0026,38-40,"Whitledge, G.W., Knights, B., Vallazza, J., Larson, J., Weber, M.J., Lamer, J.T., Phelps, Q.E., and Norman, J.D., 2019, Identification of bighead carp and silver carp early-life environments and inferring Lock and Dam 19 passage in the Upper Mississippi River—Insights from otolith chem- istry: Biological Invasions, v.",0.98
REL_4BF8357AD7A13D59,DOC012,document_mentions_species,black carp,DOC012,DOC012_CHUNK_0026,38-40,"Whitledge, G.W., Kroboth, P.T., Chapman, D.C., Phelps, Q.E., Sleeper, W., Bailey, J., and Jenkins, J.A., 2022, Establishment of invasive black carp (Mylopharyngodon piceus) in the Mississippi River basin—Identifying sources and year classes contributing to recruitment: Biological Invasions, v.",0.98
REL_9FB45D086D87505B,DOC012,document_mentions_species,grass carp,DOC012,DOC012_CHUNK_0026,38-40,"Wittmann, M.E., Jerde, C.L., Howeth, J.G., Maher, S.P., Deines, A.M., Jenkins, J.A., Whitledge, G.W., Burbank, S.R., Chadderton, W.L., Mahon, A.R., Tyson, J.T., Gantz, C.A., Keller, R.P., Drake, J.M., and Lodge, D.M., 2014, Grass carp in the Great Lakes region—Establishment potential, expert perceptions, and re-evaluation of experi- mental evidence of ecological impact: Canadian Journal of Fisheries and Aquatic Scie…",0.98
REL_8D4B36BBE85F308F,DOC012,document_mentions_species,invasive carp,DOC012,DOC012_CHUNK_0026,38-40,"Ye, L., Amberg, J., Chapman, D., Gaikowski, M., and Liu, W.-T., 2014, Fish gut microbiota analysis differentiates physiology and behavior of invasive Asian carp and indig- enous American fish: The ISME Journal, v.",0.98
REL_910B4584E06A0766,DOC012,document_mentions_species,silver carp,DOC012,DOC012_CHUNK_0026,38-40,"Whitledge, G.W., Knights, B., Vallazza, J., Larson, J., Weber, M.J., Lamer, J.T., Phelps, Q.E., and Norman, J.D., 2019, Identification of bighead carp and silver carp early-life environments and inferring Lock and Dam 19 passage in the Upper Mississippi River—Insights from otolith chem- istry: Biological Invasions, v.",0.98
REL_EF8A2CF11E6D119A,DOC013,document_mentions_location,Missouri,DOC013,DOC013_CHUNK_0001,1-4,"Red Cockaded Woodpecker insert installation/AL DWFF Collared Lizard/Christine Clinger, NV DOW Weighing a bobcat/IADNR Milkweed survey/Missouri Department of Conservation State Wildlife Action Plans4 Wildlife Action Plans: A Bold New Direction for Conservation he wildlife action plans repre- sent a collective vision for the future of conservation.",0.98
REL_92374305C04997FD,DOC013,document_mentions_location,United States,DOC013,DOC013_CHUNK_0001,1-4,"Dale Hall, Director U.S.",0.98
REL_538C77684199D2EA,DOC013,document_mentions_location,Florida,DOC013,DOC013_CHUNK_0002,4-6,"From densely populated states like New Hampshire to the big sky country of Montana, and from the coasts of Florida to California, conserving high quality habitat, restoring degraded lands and waters, and removing invasive species are among the top priorities for conservation.",0.98
REL_E7166D0439F03702,DOC013,document_mentions_location,United States,DOC013,DOC013_CHUNK_0002,4-6,States worked closely through the Association of Fish and Wildlife Agencies and the U.S.,0.98
REL_749428E0E98635BB,DOC013,document_mentions_species,bald eagle,DOC013,DOC013_CHUNK_0002,4-6,"Taking the timely next steps to adequately fund these wildlife action plans is crucial in order to achieve the goal of preventing wildlife from becoming endangered. “The state wildlife action plans are setting the stage for a bold and ambitious new direction for conservation of species and habitats. ” – Ron Regan, Wildlife Director, Vermont Fish and Wildlife Department and Chair, Association of Fish and Wildlife Age…",0.98
REL_20F57CDD8C8449B8,DOC013,document_mentions_location,North America,DOC013,DOC013_CHUNK_0003,6-7,"This tremendous eff ort has illuminated a national need that calls for securing additional fund- ing and exemplifi es our leadership role in North American conservation. ” –Ed Parker, Chief, Bureau of Natural Resources, Connecticut Department of Environmental Protection; member of the National Advisory Acceptance Team; Vice-President of the Association Fish and Wildlife Agencies Riparian planting/Idaho DFG T Working…",0.98
REL_989895A69EE42562,DOC013,document_mentions_species,bald eagle,DOC013,DOC013_CHUNK_0003,6-7,This combined eff ort has resulted in the successful recovery of many treasured species such as the bald eagle and peregrine falcon.,0.98
REL_2FB194F086BC3BA2,DOC013,document_mentions_species,white-tailed deer,DOC013,DOC013_CHUNK_0003,6-7,"Herds of bison, antelope and elk on the open plains almost vanished, white-tailed deer fell to one or two percent of their original numbers, fl ocks of wild turkey were scarce, and lakes once abundant with waterfowl fell silent.",0.98
REL_2521E6747C31B948,DOC013,document_mentions_location,United States,DOC013,DOC013_CHUNK_0004,7-8,"Both programs provide fund- ing to state wildlife agencies for on-the- ground conservation projects and wildlife conservation planning aimed at prevent- ing wildlife from becoming endangered, and both are administered by the U.S.",0.98
REL_5B686879F7CD0DC4,DOC013,document_mentions_location,United States,DOC013,DOC013_CHUNK_0005,8-10,"eff ective and will give taxpayers the biggest bang for the buck. ” – Amelia Orton-Palmer, Biologist, U.S.",0.98
REL_11CEBDFC4673BBC4,DOC013,document_mentions_location,Canada,DOC013,DOC013_CHUNK_0006,10-11,The Association also represents many provinces of Canada and Mexico.,0.98
REL_504ED7ED738D0AFA,DOC013,document_mentions_location,North America,DOC013,DOC013_CHUNK_0006,10-11,"Tell them what to do and they will surprise you with their ingenuity. ” – George Patton, General, United States Army The Association of Fish and Wildlife Agencies’ mission is to serve as the voice of ﬁ sh and wildlife agencies by helping to foster a deep appreciation and understanding for the public management and conservation of the ﬁ sh, wildlife, and natural communities that represent the diversity of North Ameri…",0.98
REL_090E6F9AECA78329,DOC013,document_mentions_location,United States,DOC013,DOC013_CHUNK_0006,10-11,"In 2003, the Association and the U.S.",0.98
REL_339724F755FCDC50,DOC013,document_mentions_location,Canada,DOC013,DOC013_CHUNK_0007,11-13,The Association also represents many provinces of Canada and Mexico.,0.98
REL_1AEB597751FF57C4,DOC013,document_mentions_location,Florida,DOC013,DOC013_CHUNK_0007,11-13,"In Action: Building on Florida’s Existing Eff orts The Florida Fish and Wildlife Conserva- tion Commission is a leader in conduct- ing species assessments and adopting systematic, landscape-based designs to protect connections among important habitats and maintain important natural processes.",0.98
REL_30D58AA65F0B0488,DOC013,document_mentions_location,United States,DOC013,DOC013_CHUNK_0007,11-13,"Today, more than 100 years since their ﬁ rst meeting, the Association of Fish and Wildlife Agencies includes all 56 states and territories, and the federal agencies of the United States.",0.98
REL_BA395E792C09E640,DOC013,document_mentions_location,North America,DOC013,DOC013_CHUNK_0008,13-14,Plans consulted by wildlife agencies ranged from: • Existing Wildlife and Fish Management Plans • State Heritage Programs/Conservation Data Centers • Audubon Important Bird Areas • Regional Species At Risk Conservation Plans • Endangered Species Recovery Plans • Existing Wildlife Diversity Strategic Plans • Partners in Flight Bird Conservation Plans • The Nature Conservancy’s Ecoregional Assessments • North American…,0.98
REL_883904C7561215B8,DOC013,document_mentions_location,Missouri,DOC013,DOC013_CHUNK_0009,14-16,"Habitat is the common ground for biologists, land managers, agencies and the public to work together to conserve wildlife. ” – Dennis Figg, Wildlife Programs Supervisor, Missouri Department of Conservation Tennessee River Watershed mussels/VA Department of Game and Inland Fisheries State Wildlife Action Plans16 In Action: Identifying Priority Habitats for Mississippi’s Wildlife Mississippi approached its habitat cla…",0.98
REL_4E77A170D43B3D16,DOC013,document_mentions_location,Illinois,DOC013,DOC013_CHUNK_0010,15-17,"To lay groundwork for practical, eff ective conservation actions, the state wildlife action plans undertook an exhaustive assessment of the threats aff ecting species “For the fi rst time, Illinois has a road map for where wildlife and habitat conservation wants to go!",0.98
REL_A49D15E0AB4A5418,DOC013,document_mentions_location,Missouri,DOC013,DOC013_CHUNK_0010,15-17,"Wildlife Programs Supervisor, Missouri Department of Conservation Tennessee River Watershed mussels/VA Department of Game and Inland Fisheries State Wildlife Action Plans16 In Action: Identifying Priority Habitats for Mississippi’s Wildlife Mississippi approached its habitat classifi - cation based on diff erent planning needs in their wildlife action plan.",0.98
REL_A6C9A396EE23B1B7,DOC013,document_mentions_location,Illinois,DOC013,DOC013_CHUNK_0011,17-19,The Illinois wildlife action plan’s assessment of the challenges facing the state’s forest habitats illustrates the complexity of the issues facing this important habitat type.,0.98
REL_E4DF904E70FE3F8F,DOC013,document_mentions_location,Great Lakes,DOC013,DOC013_CHUNK_0012,18-20,In Action: Strategies to Prevent and Control Invasive Species in the Great Lakes Region Michigan’s wildlife action plan identifi es preventing and controlling invasive species as a high priority.,0.98
REL_78FA8AFBF6585F06,DOC013,document_mentions_species,zebra mussel,DOC013,DOC013_CHUNK_0012,18-20,"Control eff orts and monitoring for one problem species alone, zebra mussels, may cost millions over the next ten years.",0.98
REL_4F9DFB3C727CD734,DOC013,document_mentions_location,United States,DOC013,DOC013_CHUNK_0013,20-22,"Rohleder Working Together to Prevent Wildlife from Becoming Endangered 21 In Action: Pika Alert: Tracking Climate Change in Nevada Since the 1990s, this engaging denizen of the mountain peaks has disappeared from nine of 25 research sites in the moun- tains of Nevada, California and Oregon, according to a recent U.S.",0.98
REL_1D9DFAC2486D09AD,DOC013,document_mentions_location,Louisiana,DOC013,DOC013_CHUNK_0014,22-24,"T Pallid sturgeon/Louisiana DWF “Like the resource it seeks to protect, wild- life conservation must be dynamic, changing as conditions change, seeking always to become more eff ective. ” – Rachel Carson Working Together to Prevent Wildlife from Becoming Endangered 23 Adaptive Management: Learning by Doing There are many uncertainties in conserv- ing and managing wildlife.",0.98
REL_EEC15EBBFFC7CCFB,DOC013,document_mentions_species,pallid sturgeon,DOC013,DOC013_CHUNK_0014,22-24,"T Pallid sturgeon/Louisiana DWF “Like the resource it seeks to protect, wild- life conservation must be dynamic, changing as conditions change, seeking always to become more eff ective. ” – Rachel Carson Working Together to Prevent Wildlife from Becoming Endangered 23 Adaptive Management: Learning by Doing There are many uncertainties in conserv- ing and managing wildlife.",0.98
REL_6766A87DA73A827E,DOC013,document_mentions_location,Missouri,DOC013,DOC013_CHUNK_0016,25-26,In Action: Teaming Up to Clean Missouri’s Waters Missouri’s wildlife action plan identifi es Tumbling Creek Cave Ecosystem as one of its Conservation Opportunity Areas —landscapes where conservation actions will result in healthy habitats.,0.98
REL_8195CB2508349492,DOC013,document_mentions_location,United States,DOC013,DOC013_CHUNK_0016,25-26,The U.S.,0.98
REL_D2D47486CCC936F6,DOC013,document_mentions_location,United States,DOC013,DOC013_CHUNK_0017,26-28,The U.S.,0.98
REL_375B2FBC4E5F6AA7,DOC013,document_mentions_species,brook trout,DOC013,DOC013_CHUNK_0018,28-29,"State Wildlife Grants are helping fund improved culvert designs to allow fi sh passage—good news for lamprey and brook trout. “When wildlife conservation is integrated with transportation planning, wild- life, motorists and taxpayers all win.",0.98
REL_9365972FF00E37D5,DOC013,document_mentions_location,Arkansas,DOC013,DOC013_CHUNK_0019,29-31,"State Wildlife Grants Increases Capacity of States to Conserve Wildlife Diversity Louisiana Pine Snake/Louisiana DWF Camp Marydale joins the Natural Areas Registry Program/Louisiana DWF 30 Alabama Department of Conservation & Natural Resources (334) 242-3849, www.conservation.alabama.gov Alaska Department of Fish & Game (907) 465-614, www.adfg.state.ak.us Arizona Game & Fish Department (602) 789-3278, www.azgfd.com…",0.98
REL_7F93910283DBC5E4,DOC013,document_mentions_location,Florida,DOC013,DOC013_CHUNK_0019,29-31,"State Wildlife Grants Increases Capacity of States to Conserve Wildlife Diversity Louisiana Pine Snake/Louisiana DWF Camp Marydale joins the Natural Areas Registry Program/Louisiana DWF 30 Alabama Department of Conservation & Natural Resources (334) 242-3849, www.conservation.alabama.gov Alaska Department of Fish & Game (907) 465-614, www.adfg.state.ak.us Arizona Game & Fish Department (602) 789-3278, www.azgfd.com…",0.98
REL_490FB893CBEDCFC8,DOC013,document_mentions_location,Illinois,DOC013,DOC013_CHUNK_0019,29-31,"State Wildlife Grants Increases Capacity of States to Conserve Wildlife Diversity Louisiana Pine Snake/Louisiana DWF Camp Marydale joins the Natural Areas Registry Program/Louisiana DWF 30 Alabama Department of Conservation & Natural Resources (334) 242-3849, www.conservation.alabama.gov Alaska Department of Fish & Game (907) 465-614, www.adfg.state.ak.us Arizona Game & Fish Department (602) 789-3278, www.azgfd.com…",0.98
REL_D64684F6D472B0BA,DOC013,document_mentions_location,Iowa,DOC013,DOC013_CHUNK_0019,29-31,"State Wildlife Grants Increases Capacity of States to Conserve Wildlife Diversity Louisiana Pine Snake/Louisiana DWF Camp Marydale joins the Natural Areas Registry Program/Louisiana DWF 30 Alabama Department of Conservation & Natural Resources (334) 242-3849, www.conservation.alabama.gov Alaska Department of Fish & Game (907) 465-614, www.adfg.state.ak.us Arizona Game & Fish Department (602) 789-3278, www.azgfd.com…",0.98
REL_AEA2788DB93CE041,DOC013,document_mentions_location,Kansas,DOC013,DOC013_CHUNK_0019,29-31,"State Wildlife Grants Increases Capacity of States to Conserve Wildlife Diversity Louisiana Pine Snake/Louisiana DWF Camp Marydale joins the Natural Areas Registry Program/Louisiana DWF 30 Alabama Department of Conservation & Natural Resources (334) 242-3849, www.conservation.alabama.gov Alaska Department of Fish & Game (907) 465-614, www.adfg.state.ak.us Arizona Game & Fish Department (602) 789-3278, www.azgfd.com…",0.98
REL_2DDA356623240867,DOC013,document_mentions_location,Louisiana,DOC013,DOC013_CHUNK_0019,29-31,"State Wildlife Grants Increases Capacity of States to Conserve Wildlife Diversity Louisiana Pine Snake/Louisiana DWF Camp Marydale joins the Natural Areas Registry Program/Louisiana DWF 30 Alabama Department of Conservation & Natural Resources (334) 242-3849, www.conservation.alabama.gov Alaska Department of Fish & Game (907) 465-614, www.adfg.state.ak.us Arizona Game & Fish Department (602) 789-3278, www.azgfd.com…",0.98
REL_B5FBC8A9C6179FB8,DOC013,document_mentions_location,Maryland,DOC013,DOC013_CHUNK_0019,29-31,"State Wildlife Grants Increases Capacity of States to Conserve Wildlife Diversity Louisiana Pine Snake/Louisiana DWF Camp Marydale joins the Natural Areas Registry Program/Louisiana DWF 30 Alabama Department of Conservation & Natural Resources (334) 242-3849, www.conservation.alabama.gov Alaska Department of Fish & Game (907) 465-614, www.adfg.state.ak.us Arizona Game & Fish Department (602) 789-3278, www.azgfd.com…",0.98
REL_16D33EEDB674BE99,DOC013,document_mentions_location,Missouri,DOC013,DOC013_CHUNK_0019,29-31,"State Wildlife Grants Increases Capacity of States to Conserve Wildlife Diversity Louisiana Pine Snake/Louisiana DWF Camp Marydale joins the Natural Areas Registry Program/Louisiana DWF 30 Alabama Department of Conservation & Natural Resources (334) 242-3849, www.conservation.alabama.gov Alaska Department of Fish & Game (907) 465-614, www.adfg.state.ak.us Arizona Game & Fish Department (602) 789-3278, www.azgfd.com…",0.98
REL_C79D2F11447A8CC3,DOC013,document_mentions_location,United States,DOC013,DOC013_CHUNK_0020,30-33,"Management: A variety of state and federal agencies, including the Alabama Department of Conservation and Natural Resources, the Alabama Forestry Com- mission, U.S.",0.98
REL_13F90570C50FA68F,DOC013,document_mentions_location,United States,DOC013,DOC013_CHUNK_0021,33-36,"It contains over a third of the United States’ coast and, with over 3 mil- lion lakes and exten- sive wetlands, nearly half the nation’s surface waters.",0.98
REL_D32C53C82FE26509,DOC013,document_mentions_location,Arkansas,DOC013,DOC013_CHUNK_0026,41-43,"NW, Suite 725 Washington, DC 20001 Tel: 202.624.7890 chadwick@ﬁ shwildlife.org www.teaming.com • www.ﬁ shwildlife.org Arizona Wildlife Action Plan Nativ e ﬁ sh st udy/Arizon a 43 Arkansas snapshot Geography: Arkansas is a study in contrasts, with dramatic mountains in the Ouachitas, vast alluvial plains in the Mississippi River delta, and deep, rich hollows in the Boston and Ozark mountains.",0.98
REL_D2833535CDE12803,DOC013,document_mentions_location,Arkansas,DOC013,DOC013_CHUNK_0027,43-45,Primary challenges to conserving wildlife in Arkansas The Arkansas action plan identiﬁ es 18 categories of threats facing wild Arkansas Wildlife Action Plan “I have supported full funding for State Wildlife Grants in past ap- propriation cycles and we are proud to have a wildlife champion like Sena- tor Lincoln in the Arkansas delegation.,0.98
REL_24CA31C0DD1780EB,DOC013,document_mentions_species,lake sturgeon,DOC013,DOC013_CHUNK_0027,43-45,"Lower Mississippi River Bottomland habitat/AGFC 45 Highlight habitats Wildlife (examples) Issue (examples) Action (examples) Natural, large pools of water Lake sturgeon • Commercial harvest • Habitat destruction • Dams • Restrict commercial harvest in Mississippi River • Reintroduce sturgeon to appropriate habitat • Restore ﬁ sh passage in dammed rivers Prairies, glades, pasture and woodland Painted bunting • Cowbir…",0.98
REL_B47DC5733194BE14,lake sturgeon,species_uses_habitat,prairie,DOC013,DOC013_CHUNK_0027,43-45,"Lower Mississippi River Bottomland habitat/AGFC 45 Highlight habitats Wildlife (examples) Issue (examples) Action (examples) Natural, large pools of water Lake sturgeon • Commercial harvest • Habitat destruction • Dams • Restrict commercial harvest in Mississippi River • Reintroduce sturgeon to appropriate habitat • Restore ﬁ sh passage in dammed rivers Prairies, glades, pasture and woodland Painted bunting • Cowbir…",0.84
REL_216E61D2F4EC712F,habitat loss,threat_affects_species,lake sturgeon,DOC013,DOC013_CHUNK_0027,43-45,"Lower Mississippi River Bottomland habitat/AGFC 45 Highlight habitats Wildlife (examples) Issue (examples) Action (examples) Natural, large pools of water Lake sturgeon • Commercial harvest • Habitat destruction • Dams • Restrict commercial harvest in Mississippi River • Reintroduce sturgeon to appropriate habitat • Restore ﬁ sh passage in dammed rivers Prairies, glades, pasture and woodland Painted bunting • Cowbir…",0.82
REL_CD00A33210530BF7,pollution,threat_affects_species,lake sturgeon,DOC013,DOC013_CHUNK_0027,43-45,"Lower Mississippi River Bottomland habitat/AGFC 45 Highlight habitats Wildlife (examples) Issue (examples) Action (examples) Natural, large pools of water Lake sturgeon • Commercial harvest • Habitat destruction • Dams • Restrict commercial harvest in Mississippi River • Reintroduce sturgeon to appropriate habitat • Restore ﬁ sh passage in dammed rivers Prairies, glades, pasture and woodland Painted bunting • Cowbir…",0.82
REL_8A44003156EA3A7B,DOC013,document_mentions_location,Arkansas,DOC013,DOC013_CHUNK_0028,45-47,"Newman, Forest Supervisor, Ouachita National Forest State Contact David Goad Deputy Director Arkansas Game & Fish Commission 2 Natural Resources Drive Little Rock, AR 72205 Tel: 501.223.6308 dgoad@agfc.state.ar.us www.WildlifeArkansas.com Assn. of Fish & Wildlife Agencies David Chadwick Wildlife Diversity Associate 444 North Capitol St., NW Suite 725 Washington D.C., 20001 Tel: 202.624.7890 chadwick@ﬁ shwildlife.org…",0.98
REL_7382E25E910D98DF,DOC013,document_mentions_location,Arkansas,DOC013,DOC013_CHUNK_0032,52-55,"Thus, it is truly a strategy for all of Colorado. ” - Russell George, Executive Director, Colorado Department of Natural Resources Colorado Wildlife Action Plan CO Division of Wildlife 54 Key Habitats Wildlife (examples) Issue (examples) Action (examples) Shortgrass prairie Total occupied habitat: 631,000 acres Black-tailed prairie dog, Swift fox, Mountain plover, Burrowing owl, Ferruginous hawk, Lesser prairie chic…",0.98
REL_7167593ECBDAED15,DOC013,document_mentions_species,greater prairie-chicken,DOC013,DOC013_CHUNK_0032,52-55,"Thus, it is truly a strategy for all of Colorado. ” - Russell George, Executive Director, Colorado Department of Natural Resources Colorado Wildlife Action Plan CO Division of Wildlife 54 Key Habitats Wildlife (examples) Issue (examples) Action (examples) Shortgrass prairie Total occupied habitat: 631,000 acres Black-tailed prairie dog, Swift fox, Mountain plover, Burrowing owl, Ferruginous hawk, Lesser prairie chic…",0.98
REL_769F117C844D9D2F,greater prairie-chicken,species_uses_habitat,prairie,DOC013,DOC013_CHUNK_0032,52-55,"Thus, it is truly a strategy for all of Colorado. ” - Russell George, Executive Director, Colorado Department of Natural Resources Colorado Wildlife Action Plan CO Division of Wildlife 54 Key Habitats Wildlife (examples) Issue (examples) Action (examples) Shortgrass prairie Total occupied habitat: 631,000 acres Black-tailed prairie dog, Swift fox, Mountain plover, Burrowing owl, Ferruginous hawk, Lesser prairie chic…",0.84
REL_F04116804572A143,DOC013,document_mentions_species,bald eagle,DOC013,DOC013_CHUNK_0033,54-56,"Wildlife: Connecticut is home to a variety of terrestrial, freshwater, estuarine, and marine species, including black bears, bog turtles, bald eagles and burbots.",0.98
REL_95555CE446BFE914,DOC013,document_mentions_location,United States,DOC013,DOC013_CHUNK_0034,56-58,"For this reason, implementation of these actions will be coordinated with key partners, including the U.S.",0.98
REL_032ED317897E30B9,DOC013,document_mentions_location,North America,DOC013,DOC013_CHUNK_0035,58-60,"Here, millions of spawn- ing horseshoe crabs are followed by thousands of migrating sandpipers and plovers that feast on crab eggs, making the Bay one of the largest migratory shorebird stopovers in eastern North America.",0.98
REL_17A4D5DFA49AE04D,DOC013,document_mentions_location,United States,DOC013,DOC013_CHUNK_0035,58-60,"For this reason, implementation of these actions will be coordinated with key partners, including the U.S.",0.98
REL_D7371D810CE03A47,DOC013,document_mentions_location,Canada,DOC013,DOC013_CHUNK_0036,60-63,Tidal High Marshes • Four-spotted pennant (dragonﬂ y) • Rare skipper (butterﬂ y) • Black rail • Overgrazing by snow geese and resident Canada geese • Excessive nutrients from agricultural runoff •Sea level rise • Increase goose harvest on public and private lands as necessary to reduce impacts. • Work with the Department of Agriculture and the Tributary Action Teams to promote the use of Best Management Practices fo…,0.98
REL_950094C62A07EE60,DOC013,document_mentions_species,Canada goose,DOC013,DOC013_CHUNK_0036,60-63,Tidal High Marshes • Four-spotted pennant (dragonﬂ y) • Rare skipper (butterﬂ y) • Black rail • Overgrazing by snow geese and resident Canada geese • Excessive nutrients from agricultural runoff •Sea level rise • Increase goose harvest on public and private lands as necessary to reduce impacts. • Work with the Department of Agriculture and the Tributary Action Teams to promote the use of Best Management Practices fo…,0.98
REL_3E0778BF2CF4A21E,Canada goose,species_uses_habitat,marsh,DOC013,DOC013_CHUNK_0036,60-63,Tidal High Marshes • Four-spotted pennant (dragonﬂ y) • Rare skipper (butterﬂ y) • Black rail • Overgrazing by snow geese and resident Canada geese • Excessive nutrients from agricultural runoff •Sea level rise • Increase goose harvest on public and private lands as necessary to reduce impacts. • Work with the Department of Agriculture and the Tributary Action Teams to promote the use of Best Management Practices fo…,0.84
REL_A925778FC9450CEB,DOC013,document_mentions_location,Canada,DOC013,DOC013_CHUNK_0037,62-64,"For example, an overpopulation of resi- dent Canada Geese is putting a strain on the District’s wet- land habitats.",0.98
REL_32F2841534E37F01,DOC013,document_mentions_species,Canada goose,DOC013,DOC013_CHUNK_0037,62-64,"For example, an overpopulation of resi- dent Canada Geese is putting a strain on the District’s wet- land habitats.",0.98
REL_088AAECEF00C725E,DOC013,document_mentions_location,Florida,DOC013,DOC013_CHUNK_0038,64-67,"NW, Suite 725 Washington, DC 20001 Tel: 202.624.7890 chadwick@ﬁ shwildlife.org www.teaming.com • www.ﬁ shwildlife.org Herring Day/DCFWD District of Columbia Wildlife Action Plan 67 Florida snapshot Geography: Florida’s vast array of native wildlife depends upon highly productive and often delicate natural systems that range from the tropical coral reefs of the Keys and the Everglades’ “river of grass” to the crystal…",0.98
REL_E728B12E98FEA401,DOC013,document_mentions_species,bald eagle,DOC013,DOC013_CHUNK_0038,64-67,"The rest occurs largely on city parks, residential yards and schoolyards. • Bald eagle • Wood thrush (the “District bird”) • Gray fox • Wood turtle • American toad • Spotted salamander • Appalachian grizzled skipper • Invasive/ alien species • Recreation • Fully fund the Exotic Plants Management Team and implement the team District-wide. • Maximize use of existing recreational areas.",0.98
REL_82FD54A1BE054CE6,DOC013,document_mentions_species,mallard,DOC013,DOC013_CHUNK_0038,64-67,"District of Columbia Wildlife Action Plan Recommended actions to conserve DC’s wildlife Mallards/USFWS 65 66 Kingman Wetlands/DCFWD State Contact Mary Pfaffko, Wildlife Biologist DC Fisheries & Wildlife Division 51 N Street, NE Washington, DC 20002 Tel: 202.262.8710 Mary.pfaffko@dc.gov doh.dc.gov/doh/cwpview,a,1374,q,601604.asp Assn. of Fish & Wildlife Agencies David Chadwick Wildlife Diversity Associate 444 North C…",0.98
REL_9AA7CEB5B15BE536,DOC013,document_mentions_species,wood duck,DOC013,DOC013_CHUNK_0038,64-67,Rivers and streams Ownership: The District has jurisdiction over waterbodies. • Bald eagle • Wood duck • American shad • Sturgeon • American mink • Spotted turtle • Bullfrog • Dwarf wedgemussel Sedementation and changes to the hydrologic regime. • Promote best management practices for all District of Columbia projects. • Work with outside agencies and developers to mitigate impacts to the watershed.,0.98
REL_4A95C7CF5CFDEB75,DOC013,document_mentions_location,Florida,DOC013,DOC013_CHUNK_0039,67-69,Florida’s Wildlife Ac- tion Plan provides a strategic framework to support the state’s native wildlife and natural habitats.,0.98
REL_FBEF88080C0D128E,DOC013,document_mentions_location,Florida,DOC013,DOC013_CHUNK_0040,68-71,"Investing in Florida’s wildlife action plan now will help conserve ﬁ sh, wildlife and natural areas for future generations to enjoy. ” – John Baughman, Executive Vice President, Association of Fish and Wildlife Agencies 69 Florida’s Wildlife Legacy Initiative Highlight habitats Wildlife (examples) Issue (examples) Action (examples) Scrub Ownership: Approx.",0.98
REL_204875980419A25C,DOC013,document_mentions_location,United States,DOC013,DOC013_CHUNK_0040,68-71,"Hamilton, Southeast Regional Director for the U.S.",0.98
REL_CB0866207AE19EC4,DOC013,document_mentions_species,lake sturgeon,DOC013,DOC013_CHUNK_0042,72-75,"Through the development of this conservation strategy, Georgia DNR and its conserva- tion partners have indicated their com- mitment to maintain the natural heritage of this great state. ” - Noel Holcomb, Commissioner, Georgia Department of Natural Resources Stocking Lake Sturgeon/Georgia DNR 75 Hawai’i snapshot Geography: The Hawaiian Islands are the most isolated archipelago in the world, situated more than 3200 k…",0.98
REL_1528372BEB854048,DOC013,document_mentions_location,United States,DOC013,DOC013_CHUNK_0043,75-77,"Landscape: Hawai‘i is often referred to as the extinction capital of the United States, possessing one-third of the species federally listed as endangered.",0.98
REL_0D8BABD5264B3BB5,DOC013,document_mentions_location,Canada,DOC013,DOC013_CHUNK_0047,84-86,"Game animals like white-tailed deer, wild turkeys, and Canada geese are doing well, while bobwhite are not.",0.98
REL_F34D556AA6E22EEA,DOC013,document_mentions_location,Illinois,DOC013,DOC013_CHUNK_0047,84-86,"287.2747 charris@idfg.idaho.gov http://ﬁ shandgame.idaho.gov/CDC/ Recommended actions to conserve Idaho’s wildlife Assn of Fish & Wildlife Agencies David Chadwick Wildlife Diversity Associate 444 North Capitol St., NW Suite 725 Washington D.C., 20001 Tel: 202.624.7890 chadwick@ﬁ shwildlife.org www.teaming.com • www.ﬁ shwildlife.org Idaho Comprehensive Wildlife Conservation Strategy 85 Illinois snapshot Landscape: Il…",0.98
REL_0F4EAE2B360F757D,DOC013,document_mentions_location,Iowa,DOC013,DOC013_CHUNK_0047,84-86,"287.2747 charris@idfg.idaho.gov http://ﬁ shandgame.idaho.gov/CDC/ Recommended actions to conserve Idaho’s wildlife Assn of Fish & Wildlife Agencies David Chadwick Wildlife Diversity Associate 444 North Capitol St., NW Suite 725 Washington D.C., 20001 Tel: 202.624.7890 chadwick@ﬁ shwildlife.org www.teaming.com • www.ﬁ shwildlife.org Idaho Comprehensive Wildlife Conservation Strategy 85 Illinois snapshot Landscape: Il…",0.98
REL_27F7C5ED4F2CD41D,DOC013,document_mentions_species,Canada goose,DOC013,DOC013_CHUNK_0047,84-86,"Game animals like white-tailed deer, wild turkeys, and Canada geese are doing well, while bobwhite are not.",0.98
REL_7180F854604A2669,DOC013,document_mentions_species,bald eagle,DOC013,DOC013_CHUNK_0047,84-86,"Wildlife highlights: Bald eagles and river otters, once endangered, now thrive.",0.98
REL_CA8D82DB6A86845D,DOC013,document_mentions_species,white-tailed deer,DOC013,DOC013_CHUNK_0047,84-86,"Game animals like white-tailed deer, wild turkeys, and Canada geese are doing well, while bobwhite are not.",0.98
REL_6B91435B0F45E6E3,DOC013,document_mentions_location,Great Lakes,DOC013,DOC013_CHUNK_0048,85-88,"Now , Asian carp account for 90 percent of the biomass in some pools of the Illinois River and are threatening to invade the Great Lakes.",0.98
REL_D1698DE383B4CB34,DOC013,document_mentions_location,Illinois,DOC013,DOC013_CHUNK_0048,85-88,"A pro-active plan will be more cost-effective than waiting until wildlife becomes more rare and more difﬁ cult to protect. ” – Sam Flood, Acting Director of the Illinois Department of Natural Resources King Rail/USFWS 86 Illinois Wildlife Action Plan wildlife, and opportunities for outdoor recreation.",0.98
REL_35156B01603F4052,DOC013,document_mentions_species,invasive carp,DOC013,DOC013_CHUNK_0048,85-88,"For example, Asian carp escaped from ﬁ sh farms into the Mississippi River system.",0.98
REL_359826E5B934E39E,DOC013,document_mentions_location,Illinois,DOC013,DOC013_CHUNK_0049,87-90,"Campaign - Improving wild- life habitat, ecological integrity, and economic value of the state’s forests and savannas with through appropriate, sustainable forestry practices Wetlands Campaign - Restoring and enhancing wetlands for wildlife habitat, reduced ﬂ ooding, and improved water quality Streams Campaign - Reduce sedimenta- tion and enhance biodiversity by pro- tecting riparian areas, stabilizing stream banks,…",0.98
REL_999BEEA62C923278,DOC013,document_mentions_location,United States,DOC013,DOC013_CHUNK_0049,87-90,"We all recognize that healthy wildlife popu- lations, functioning natural systems and clean water go hand-in-hand with our own health and quality of life. ” – Jeff Walk, Developer/Author of the Illinois Wildlife Action Plan, Illinois Department of Natural Resources E/T Prairie Chickens/Adele Hodde, IDNR E/T Eastern Massasauga/Scott Ballard, IDNR Barn Owl/IDNR “To conserve low and declining populations that are indic…",0.98
REL_C4D4E032872B8801,DOC013,document_mentions_species,bald eagle,DOC013,DOC013_CHUNK_0049,87-90,"Wildlife: Recovering populations of ot- ters, bald eagles and nesting osprey once again inhabit Indiana’s streams, rivers and lakes.",0.98
REL_394C73C6F0694966,DOC013,document_mentions_location,Iowa,DOC013,DOC013_CHUNK_0050,90-93,"NW, Suite 725 Washington, DC 20001 Tel: 202.624.7890 chadwick@ﬁ shwildlife.org www.teaming.com • www.ﬁ shwildlife.org Franklin Ground Squirrel in trap/Indiana Franklin Ground Squirrel/Indiana Indiana Comprehensive Wildlife Strategy 93 Iowa snapshot Landscape: At the heart of Ameri- ca’s farmbelt, Iowa’s agricultural reputation is reﬂ ected in a land- scape of row crops and livestock.",0.98
REL_107D505884C311E9,DOC013,document_mentions_species,brook trout,DOC013,DOC013_CHUNK_0050,90-93,Wildlife highlights: Prairie-chickens boom in southwestern grasslands; brook trout ﬂ ash in northeastern coldwater streams; eastern massasaugas sun on southeastern river ﬂ oodplains; black terns hover above northern pothole wetlands; regal fritillaries forage in the western Loess Hills prairies; and one of the largest wintering,0.98
REL_699776BAAC65CC54,DOC013,document_mentions_species,lake sturgeon,DOC013,DOC013_CHUNK_0050,90-93,Lake sturgeon/Indiana Wildlife Total Number of Species of Greatest Conservation Need* State Special Concern State Endangered Federal Threatened or Endangered or Candidate ** Mammals 22 15 7 2 Birds 40 12 28 5 Reptiles 18 2 16 2 Amphibians 10 5 5 Fish 25 15 10 Mussels 24 9 15 12 Snails 2 2 Crayﬁ sh 2 1 1 Other arthropods and invertebrates 129 48 81 3 Totals 272 109 163 24 * Indiana’s Species of Greatest Conservation…,0.98
REL_83ECF1A045537F63,DOC013,document_mentions_location,Iowa,DOC013,DOC013_CHUNK_0051,93-95,Iowa Wildlife Action Plan What is a wildlife action plan?,0.98
REL_4C9CEFF735304C09,DOC013,document_mentions_species,bald eagle,DOC013,DOC013_CHUNK_0051,93-95,Wildlife highlights: Prairie-chickens boom in southwestern grasslands; brook trout ﬂ ash in northeastern coldwater streams; eastern massasaugas sun on southeastern river ﬂ oodplains; black terns hover above northern pothole wetlands; regal fritillaries forage in the western Loess Hills prairies; and one of the largest wintering bald eagle popula- tions south of Alaska spreads out along Iowa’s rivers every December t…,0.98
REL_3F30C30EE2470CF6,DOC013,document_mentions_species,brook trout,DOC013,DOC013_CHUNK_0051,93-95,Wildlife highlights: Prairie-chickens boom in southwestern grasslands; brook trout ﬂ ash in northeastern coldwater streams; eastern massasaugas sun on southeastern river ﬂ oodplains; black terns hover above northern pothole wetlands; regal fritillaries forage in the western Loess Hills prairies; and one of the largest wintering bald eagle popula- tions south of Alaska spreads out along Iowa’s rivers every December t…,0.98
REL_88BB14508F6C1235,DOC013,document_mentions_species,greater prairie-chicken,DOC013,DOC013_CHUNK_0051,93-95,"Species that have declined to near-disappearance include Greater prairie-chicken, regal fritillary (butter- ﬂ y), Franklin’s ground squirrel and Iowa Pleistocene snail.",0.98
REL_577A16AAA1023564,DOC013,document_mentions_location,Iowa,DOC013,DOC013_CHUNK_0052,94-97,Iowa Wildlife Action Plan Recommended actions to conserve Iowa’s wildlife Researchers measuring grassland songbird nesting cover/IDNR Native prarie wildﬂ ower production plots/IDNR Working together for Iowa’s wildlife The Iowa Department of Natural Re- sources invited more than 100 conser- vation partners to help create visions and strategies for Iowa’s plan.,0.98
REL_05238BA342ACE186,DOC013,document_mentions_location,Kansas,DOC013,DOC013_CHUNK_0052,94-97,"Ackelson, President, Iowa Natural Heritage Foundation Boone River critical habitat for rare ﬁ sh and forest bir ds/IDNR 97 Kansas snapshot Geography: From the woodlands and tall grass prairies of its eastern region to the shortgrass priaries of its western High Plains, Kansas is home to a diverse array of landscapes and habitats.",0.98
REL_E247F88EFDBD8CE3,DOC013,document_mentions_location,Kansas,DOC013,DOC013_CHUNK_0053,97-99,"Issues and strategies were then compiled for the top-ranked habitats within Conservation Regions, starting with those listed in the Kansas Wildlife Diversity Plan.",0.98
REL_9702054E5B25B069,DOC013,document_mentions_species,greater prairie-chicken,DOC013,DOC013_CHUNK_0053,97-99,"If we invest in conserving wildlife now, we can protect species for future generations and keep them off endangered species lists. ” – Mike Hayden, Former Governor and current Secretary of Kansas Department of Wildlife and Parks Wildlife Total number of species Species in need of conservation* Threatened/endangered listed species Mussels 53 43 11 Snails 18 3 2 Crayﬁ sh & Isopods 23 14 0 Planarian 1 1 0 Insects 611 n…",0.98
REL_651FB2A49E3A4095,DOC013,document_mentions_location,Kansas,DOC013,DOC013_CHUNK_0054,99-102,"Recommended actions to conserve Kansas’ wildlife Mixed grass prairie/Mike Blair 100 the species on the level of risk, and to as- sociate them with habitats.",0.98
REL_91E66632CFC2FC02,DOC013,document_mentions_location,Louisiana,DOC013,DOC013_CHUNK_0055,101-105,"NW, Suite 725 Washington, DC 20001 Tel: 202.624.7890 chadwick@ﬁ shwildlife.org www.teaming.com • www.ﬁ shwildlife.org Ohio River study/KDFWR Fishing/KDFWR Cumberland arrow darter/KDFWR 105 Louisiana snapshot Geography: Louisiana has 30% of the coastal wetlands found in the contigu- ous 48 states.",0.98
REL_B60397E4533103F8,DOC013,document_mentions_location,North America,DOC013,DOC013_CHUNK_0055,101-105,Wildlife: The largest wading bird colony in North America can be found at Miller’s,0.98
REL_62DBF3706F6F2065,DOC013,document_mentions_species,pallid sturgeon,DOC013,DOC013_CHUNK_0055,101-105,"If we can conserve and enhance the habitat for these species, we believe the quality of life for people will be enhanced as well. ” - Mark Cramer, Deputy Commissioner, Kentucky Department of Fish and Wildlife Resources 103 Highlight habitats Wildlife (examples) Issue (examples) Action (examples) Large Rivers (in Current) Fish: Pallid sturgeon, Alabama shad Mussels: Elephantear, Orangefoot Pimpleback • Construction/…",0.98
REL_64191F97FEB9F550,pallid sturgeon,species_uses_habitat,aquatic habitat,DOC013,DOC013_CHUNK_0055,101-105,"If we can conserve and enhance the habitat for these species, we believe the quality of life for people will be enhanced as well. ” - Mark Cramer, Deputy Commissioner, Kentucky Department of Fish and Wildlife Resources 103 Highlight habitats Wildlife (examples) Issue (examples) Action (examples) Large Rivers (in Current) Fish: Pallid sturgeon, Alabama shad Mussels: Elephantear, Orangefoot Pimpleback • Construction/…",0.84
REL_DD7762CC43BF4AB8,DOC013,document_mentions_location,Louisiana,DOC013,DOC013_CHUNK_0056,104-107,"NW, Suite 725 Washington, DC 20001 Tel: 202.624.7890 chadwick@ﬁ shwildlife.org www.teaming.com • www.ﬁ shwildlife.org Ohio River study/KDFWR Fishing/KDFWR Cumberland arrow darter/KDFWR 105 Louisiana snapshot Geography: Louisiana has 30% of the coastal wetlands found in the contigu- ous 48 states.",0.98
REL_75B48D58B79D4EC9,DOC013,document_mentions_location,North America,DOC013,DOC013_CHUNK_0056,104-107,"Wildlife: The largest wading bird colony in North America can be found at Miller’s Lake, which housed some 52,000 nesting pairs of egrets, herons, night her- ons, and other species in 2004.",0.98
REL_CE4140676C208C3A,DOC013,document_mentions_species,pallid sturgeon,DOC013,DOC013_CHUNK_0056,104-107,"400 13 Amphibians 52 15 Reptiles 82 30 Birds 400* 69 Mammals 70 18 Totals 240 *includes 160 breeding and 240 migrant species Wildlife highlights Pallid sturgeon, a species of conservation concern/LDWF 107 Louisiana Wildlife Action Plan Highlight habitats Wildlife (examples) Issue (examples) Action (examples) Eastern upland longleaf pine Forest Ownership: private and industrial timber companies Ornate chorus Frog, Br…",0.98
REL_F938BF54DDD04EE0,DOC013,document_mentions_location,Louisiana,DOC013,DOC013_CHUNK_0057,107-109,"Recommended actions to conserve Louisiana’s wildlife 108 Working together for Louisiana’s wildlife Committees of professional biologists within this and other state and federal agencies and universities, as well as from non-governmental organiza- tions and the public at large, developed the list of species of conservation concern for this plan.",0.98
REL_ACE9F37DA904F6D7,DOC013,document_mentions_location,Canada,DOC013,DOC013_CHUNK_0058,109-112,"The plan Maine Wildlife Action Plan Canada Lynx/Jennifer Vashon Eastern Box Turtle/Phillip deMaynadier 110 111 112 Maine Wildlife Action Plan targets species in greatest need of conser- vation while keeping “common species common.” The plan covers the entire state, from the coastline to the heights of Mt.",0.98
REL_000ECA5C7BDE946C,DOC013,document_mentions_species,bald eagle,DOC013,DOC013_CHUNK_0058,109-112,These proactive plans examine the health of wildlife and prescribe actions to conserve wildlife and vital habitat before they become more rare and more costly to protect. of bald eagles in the Northeast.,0.98
REL_08FCAD77D4E0C6F5,DOC013,document_mentions_location,Canada,DOC013,DOC013_CHUNK_0059,112-114,"Deciduous and Mixed Forests Canada warbler, Eastern box turtle, American burying beetle, Early hairstreak • Habitat fragmentation and stand conversion, development, predation and nest parasitism, contaminants, over collection/illegal collection • Develop speciﬁ c forest management guidelines for priority species. • Work with partners to conserve upland habitats for priority species.",0.98
REL_0BF1E7A7B90831F7,DOC013,document_mentions_location,Maryland,DOC013,DOC013_CHUNK_0060,114-116,"NW Suite 725 Washington, DC 20001 Tel: 202.624.7890 chadwick@ﬁ shwildlife.org www.teaming.com • www.ﬁ shwildlife.org Freshwater Mussel Surveys/Beth Swartz Maine Wildlife Action Plan 115 Maryland snapshot Geography: Maryland’s diverse land- scape is dominated by the Chesa- peake Bay, the nation’s largest estuary.",0.98
REL_3994EE4AD5A92033,DOC013,document_mentions_species,bald eagle,DOC013,DOC013_CHUNK_0060,114-116,Bald eagles de- pend on forests and open water.,0.98
REL_8723A959A9A6D67B,DOC013,document_mentions_species,brook trout,DOC013,DOC013_CHUNK_0060,114-116,"Brook trout inhabit clear, coldwater streams.",0.98
REL_5437A9BD8124ABD0,DOC013,document_mentions_location,Maryland,DOC013,DOC013_CHUNK_0061,116-121,"Maryland focuses on wildlife species with small or declining populations or other characteristics that may make them vulnerable (this includes legally recognized state-listed species) ** Threatened/endangered includes species listed under Maryland’s endangered species act as endangered, threatened, or species in need of conservation (which is a legal category). *** Includes about 206 species known to breed in Maryla…",0.98
REL_6C42DE775026EBCB,DOC013,document_mentions_location,United States,DOC013,DOC013_CHUNK_0061,116-121,"Part- ners included resource professionals from governmental agencies, colleges and universities, and conservation organizations, such as National Audu 118 119 120 Maryland Wildlife Diversity Conservation Plan bon Society, The Nature Conservancy, U.S.",0.98
REL_720B00F69C90AE4F,DOC013,document_mentions_species,bald eagle,DOC013,DOC013_CHUNK_0061,116-121,Floodplain Forests Ownership: mix of private/ public • Bald eagle • Hooded warbler • Eastern box turtle • Conversion to other land uses or forest types that result in habitat loss. • Forest pest species that may cause landscape level effects • Conserve large blocks of contiguous forest and maintain movement corridors. • Implement appropriate IPM practices to minimize effects of serious forest pests Maryland Wildlife…,0.98
REL_7A3C66D30704F883,bald eagle,species_uses_habitat,forest,DOC013,DOC013_CHUNK_0061,116-121,Floodplain Forests Ownership: mix of private/ public • Bald eagle • Hooded warbler • Eastern box turtle • Conversion to other land uses or forest types that result in habitat loss. • Forest pest species that may cause landscape level effects • Conserve large blocks of contiguous forest and maintain movement corridors. • Implement appropriate IPM practices to minimize effects of serious forest pests Maryland Wildlife…,0.84
REL_0AAEA2DBBBF95250,habitat loss,threat_affects_species,bald eagle,DOC013,DOC013_CHUNK_0061,116-121,Floodplain Forests Ownership: mix of private/ public • Bald eagle • Hooded warbler • Eastern box turtle • Conversion to other land uses or forest types that result in habitat loss. • Forest pest species that may cause landscape level effects • Conserve large blocks of contiguous forest and maintain movement corridors. • Implement appropriate IPM practices to minimize effects of serious forest pests Maryland Wildlife…,0.82
REL_1B4B341FB7C6EA8B,DOC013,document_mentions_location,Great Lakes,DOC013,DOC013_CHUNK_0063,122-125,"O’Leary CWCS Coordinator Massachusetts Division of Fisheries and Wildlife One Rabbit Hill Road Westborough, MA 01581 Tel: 508.792.7270 ex 171 John.oleary@state.ma.us www.mass.gov/masswildlife Parker River National Wildlife Refuge/USFWS Massachusetts Wildlife Action Plan 125 Michigan snapshot Landscape: Water dominates Michigan’s landscape–from the surrounding Great Lakes to 11,000 inland lakes and 36,000 miles of ri…",0.98
REL_11B45CC917B785C4,DOC013,document_mentions_species,bald eagle,DOC013,DOC013_CHUNK_0063,122-125,"We need to act now to preserve the sporting heritage for future genera- tions of hunters and anglers. ” – Mike Moss, President Massachusetts Sportsmen’s Council 123 Highlight habitats Wildlife (examples) Issue (examples) Action (examples) Connecticut and Merrimack Rivers Shortnose sturgeon Atlantic salmon Bald eagle Dwarf wedge mussel Flow alteration, bypass reaches, population fragmentation Continue ongoing anadrom…",0.98
REL_AAF211AF498E87B4,DOC013,document_mentions_location,Great Lakes,DOC013,DOC013_CHUNK_0064,125-127,"The Great Lakes region alone hosts more than 200, including plants like purple loosestrife and autumn olive, and animals such as the gypsy moth and zebra mussel.",0.98
REL_15A184CB0C310D70,DOC013,document_mentions_species,lake sturgeon,DOC013,DOC013_CHUNK_0064,125-127,"Lake sturgeon grace Michigan’s waters, which also provide a backdrop for the unexpected beauty of more than 40 species of native mussels.",0.98
REL_1CB55CAFB74FFA35,DOC013,document_mentions_species,zebra mussel,DOC013,DOC013_CHUNK_0064,125-127,"The Great Lakes region alone hosts more than 200, including plants like purple loosestrife and autumn olive, and animals such as the gypsy moth and zebra mussel.",0.98
REL_8FD7BA377A7E677F,DOC013,document_mentions_location,Great Lakes,DOC013,DOC013_CHUNK_0065,126-129,Great Lakes Nearshore Ownership: Public • Lake sturgeon • Channel darter • Mudpuppy • Invasive plants and animals • Dredging • Help stop the spread of invasive species and disease by improving ship ballast control practices. • Continue to work on limiting dredging to time periods that will avoid harming aquatic species during their breeding seasons.,0.98
REL_A605B140DB19E846,DOC013,document_mentions_location,North America,DOC013,DOC013_CHUNK_0065,126-129,"Suite 725 Washington D.C., 20001 Tel: 202.624.7890 chadwick@ﬁ shwildlife.org www.teaming.com • www.ﬁ shwildlife.org USFWS Michigan Wildlife Action Plan 129 Minnesota snapshot Geography: Minnesota lies at the center of North America where three major biomes meet: the prairie, the boreal forest and the eastern decidu- ous forest.",0.98
REL_AD0559DDA3356478,DOC013,document_mentions_species,lake sturgeon,DOC013,DOC013_CHUNK_0065,126-129,Great Lakes Nearshore Ownership: Public • Lake sturgeon • Channel darter • Mudpuppy • Invasive plants and animals • Dredging • Help stop the spread of invasive species and disease by improving ship ballast control practices. • Continue to work on limiting dredging to time periods that will avoid harming aquatic species during their breeding seasons.,0.98
REL_E09A0485EAA8D232,DOC013,document_mentions_species,zebra mussel,DOC013,DOC013_CHUNK_0065,126-129,Michigan Wildlife Action Plan Recommended actions to conserve Michigan’s wildlife Zebra Mussels/Michigan DNR Zebra Mussels/Michigan DNR 128 already destroyed millions of the state’s ash trees.,0.98
REL_0E0CCC5A5FF00A7F,disease,threat_affects_species,lake sturgeon,DOC013,DOC013_CHUNK_0065,126-129,Great Lakes Nearshore Ownership: Public • Lake sturgeon • Channel darter • Mudpuppy • Invasive plants and animals • Dredging • Help stop the spread of invasive species and disease by improving ship ballast control practices. • Continue to work on limiting dredging to time periods that will avoid harming aquatic species during their breeding seasons.,0.82
REL_162D120E6570AB86,fragmentation,threat_affects_species,lake sturgeon,DOC013,DOC013_CHUNK_0065,126-129,"Fragmentation can be especially harmful to migratory aquatic wildlife such as lake sturgeon, and animals that need large habitats, including songbirds like scarlet tanagers and meadowlarks, and mammals like the American marten.",0.82
REL_78E30C67F7F3FF88,invasive species,threat_affects_species,lake sturgeon,DOC013,DOC013_CHUNK_0065,126-129,Great Lakes Nearshore Ownership: Public • Lake sturgeon • Channel darter • Mudpuppy • Invasive plants and animals • Dredging • Help stop the spread of invasive species and disease by improving ship ballast control practices. • Continue to work on limiting dredging to time periods that will avoid harming aquatic species during their breeding seasons.,0.82
REL_D2AFC269FAD15231,DOC013,document_mentions_location,United States,DOC013,DOC013_CHUNK_0066,129-131,"Members of the partnership include the Minnesota Department of Natural Resources, the U.S.",0.98
REL_D61AE6CBDFC9B93C,DOC013,document_mentions_species,bald eagle,DOC013,DOC013_CHUNK_0066,129-131,"In a span of a few short months, each state ﬁ sh and wildlife agency has submitted an action plan that will move us into the next phase of caring for our natural resources, and making America a healthier place for wildlife and people. ” – Gene Merriam, Commissioner, Minnesota Department of Natural Resources Bald eagle/USFWS, S.",0.98
REL_4D08E10DCEF58DD9,DOC013,document_mentions_species,lake sturgeon,DOC013,DOC013_CHUNK_0066,129-131,"Minnesota has identiﬁ ed 292 species that have signiﬁ cant conservation need, including the Spruce Grouse, Karner blue but- terﬂ y, Lake sturgeon, Spectaclecase mussel, and the Eastern Timber wolf.",0.98
REL_509EF46ABAFF0250,DOC013,document_mentions_location,Gulf of Mexico,DOC013,DOC013_CHUNK_0067,130-135,"NW, Suite 725 Washington, DC 20001 Tel: 202.624.7890 chadwick@ﬁ shwildlife.org www.teaming.com www.ﬁ shwildlife.org Minnesota Wildlife Action Plan Ecological classiﬁ cation map of Minnesota 135 Mississippi snapshot Geography: Mississippi’s 47,716 square mile area includes 44 miles of coastline, 450 square miles of open water and ﬁ ve major river systems that empty into the Gulf of Mexico or the Missis- sippi River.",0.98
REL_7C382599BA71941F,DOC013,document_mentions_location,United States,DOC013,DOC013_CHUNK_0067,130-135,"We now look forward to contin- ued partnership with Minnesota, to help address priority actions identiﬁ ed in its plan. ” – Robyn Thorson, U.S.",0.98
REL_FD42A18C2BE1DC1D,DOC013,document_mentions_location,Gulf of Mexico,DOC013,DOC013_CHUNK_0068,135-136,"Wildlife: Lying directly above the geo- graphic center of the Gulf of Mexico, Mississippi is in the main ﬂ yway for transgulf bird migrants.",0.98
REL_B63E043A8B580241,DOC013,document_mentions_location,United States,DOC013,DOC013_CHUNK_0068,135-136,The U.S.,0.98
REL_B226C7DE9F3C5E18,DOC013,document_mentions_location,Missouri,DOC013,DOC013_CHUNK_0069,136-139,"NW, Suite 725 Washington, DC 20001 Tel: 202.624.7890 chadwick@ﬁ shwildlife.org www.teaming.com www.ﬁ shwildlife.org Black Skimmers/Bruce Reid Mississippi’s Comprehensive Wildlife Conservation Strategy 139 Missouri snapshot Few other states are as enriched as Mis- souri by the intersection of plants and animals represent- ing the vast prairies of the Great Plains, southwest deserts, southern swampy coastal plains, no…",0.98
REL_1813249F41B94578,DOC013,document_mentions_location,Missouri,DOC013,DOC013_CHUNK_0070,139-141,"To- day, much of north Missouri is used for crop agriculture and cattle graz- ing.",0.98
REL_BD5C875AD9DE4CA0,DOC013,document_mentions_location,Missouri,DOC013,DOC013_CHUNK_0071,140-143,"done on the ground for all species. ” –Roger Still, Executive Direc- tor, Audubon Missouri 141 Highlight habitats Wildlife Issues Actions Prairie: Golden Grasslands Conservation Opportunity Area Ownership: Mix of public/private • Prairie mole cricket • Grassland Crayﬁ sh • Northern crawﬁ sh frog • Bullsnake • Greater prairie- chicken • Upland sandpiper • Prairie vole • Habitat Fragmentation • Invasive plants Golden…",0.98
REL_66CCDD2A686EC3F0,DOC013,document_mentions_location,Missouri,DOC013,DOC013_CHUNK_0074,149-151,"Organizations included on the Partnership Team were: Audubon Nebraska • Ducks Unlimited Inc. • The Nebraska Natural Legacy Project Key Habitats Wildlife (examples) Issue (examples) Action (examples) Tallgrass Prairie Henslow’s sparrow, Plains Pocket mouse Massasauga (snake) Reduction of native plant diversity due to grazing and lack of ﬁ re Voluntary installation of planned grazing systems and controlled burning Mix…",0.98
REL_FB44F430CA46E4AB,DOC013,document_mentions_species,piping plover,DOC013,DOC013_CHUNK_0074,149-151,"Organizations included on the Partnership Team were: Audubon Nebraska • Ducks Unlimited Inc. • The Nebraska Natural Legacy Project Key Habitats Wildlife (examples) Issue (examples) Action (examples) Tallgrass Prairie Henslow’s sparrow, Plains Pocket mouse Massasauga (snake) Reduction of native plant diversity due to grazing and lack of ﬁ re Voluntary installation of planned grazing systems and controlled burning Mix…",0.98
REL_3BC27C055545264F,piping plover,species_uses_habitat,wetland,DOC013,DOC013_CHUNK_0074,149-151,"Organizations included on the Partnership Team were: Audubon Nebraska • Ducks Unlimited Inc. • The Nebraska Natural Legacy Project Key Habitats Wildlife (examples) Issue (examples) Action (examples) Tallgrass Prairie Henslow’s sparrow, Plains Pocket mouse Massasauga (snake) Reduction of native plant diversity due to grazing and lack of ﬁ re Voluntary installation of planned grazing systems and controlled burning Mix…",0.84
REL_AF6048C7897E5E24,DOC013,document_mentions_species,bald eagle,DOC013,DOC013_CHUNK_0079,158-161,"Brook ﬂ oater, Atlantic salmon, Shortnose sturgeon, Redﬁ n pickerel, Banded sunﬁ sh, Bald eagle Dams, culverts, and stream crossings fragment habitat and curtail spawning.",0.98
REL_5515EC8C960039C7,DOC013,document_mentions_location,United States,DOC013,DOC013_CHUNK_0080,160-162,"Wildlife highlights: New Jersey’s inland forests are home to resident bobcats, barred owls and timber rattlesnakes, and provide essential stopover habitat for most of the eastern U.S. migratory population of songbirds and raptors.",0.98
REL_FF74ED6D22663AAC,DOC013,document_mentions_species,bald eagle,DOC013,DOC013_CHUNK_0080,160-162,"These proactive plans examine the health of wildlife and prescribe actions to conserve wildlife and vital habitat before they become more rare and more costly to protect. the same time, the state’s Atlantic and Delaware Bay coastal habitats are home to bald eagles, northern harriers, black rails and piping plovers and are critical to millions of migratory raptors, waterfowl, shorebirds, butterﬂ ies, dragonﬂ ies, and…",0.98
REL_14917835A9315D1C,DOC013,document_mentions_location,Louisiana,DOC013,DOC013_CHUNK_0081,162-163,"Louisiana waterthrush) • Freshwater ﬁ sh • Wood turtle • Habitat loss, degradation,",0.98
REL_A216D54B44B9BA3A,DOC013,document_mentions_location,United States,DOC013,DOC013_CHUNK_0081,162-163,Wildlife highlights Eaglets/NJDEP 163New Jersey Wildlife Action Plan Highlight habitats W ildlife (examples) Issue (examples) Action (examples) Atlantic Coast- Beaches & Dunes Ownership: mix of private/public • Bobcat • Timber rattlesnake • Pine snake • Cerulean warbler • Black- throated green warbler • Impacts of beach nourishment projects • Develop beach management agreements with municipalities that address impac…,0.98
REL_22C86C922358D12B,DOC013,document_mentions_location,Louisiana,DOC013,DOC013_CHUNK_0082,163-165,"Louisiana waterthrush) • Freshwater ﬁ sh • Wood turtle • Habitat loss, degradation, and fragmentation • Lack of species and habitat data • Increase ﬁ sh passage through multiple bridge culverts w/ natural bottoms. • Increase the effective size and connectivity of open space in suburban landscape and reduce the inﬂ uence of developed edge through non- regulatory methods such as increased enrollment in landowner incen…",0.98
REL_EE20D1770FB5BA6C,DOC013,document_mentions_species,bald eagle,DOC013,DOC013_CHUNK_0084,166-167,"Western Great Plains Shortgrass Prairie Ownership: Mixed public and private. • Bald eagle • Scaled quail • Sandhill crane • Black-tailed prairie dog • Mule deer • Tiger salamander Changes in plant diversity and structure alter grassland habitats and wildlife species composition. • Work with land management agencies, private land managers, and the agriculture industry to identify and promote rangeland grazing systems…",0.98
REL_EA1585A1CB4B50D3,DOC013,document_mentions_location,Great Lakes,DOC013,DOC013_CHUNK_0085,167-169,"169 New York snapshot Geography: New York has a stunning array of natural resources from the Great Lakes to the Atlantic Ocean, and the heights of the Adirondack Mountains to the depths of the un- derwater Hudson Canyon.",0.98
REL_1F9DB2A4B8DEF59C,DOC013,document_mentions_species,American black duck,DOC013,DOC013_CHUNK_0086,169-171,"97 species statewide including: American black duck, Blue-winged teal, Ruddy duck, Black-crowned night- heron, Glossy ibis, Eastern spadefoot, Red-shouldered hawk, Devil crawﬁ sh, Yellow rail, Fowler’s toad, Southern leopard frog,",0.98
REL_4C5E9A4FA1655C4D,DOC013,document_mentions_species,bald eagle,DOC013,DOC013_CHUNK_0086,169-171,"Wildlife highlights 171 New York Comprehensive Wildlife Conservation Strategy Key Habitats Wildlife (examples) Issue (examples) Action (examples) Upland forests cover 60% of the states total land area Ownership: 72% of forest lands in the state are privately owned 85 Species statewide including: American burying beetle, Bald eagle, Barn owl, Spruce grouse, Tennessee warbler, Three-toed woodpecker, Black- crowned nig…",0.98
REL_9B96DFC71F31DB76,DOC013,document_mentions_species,American black duck,DOC013,DOC013_CHUNK_0087,171-172,"97 species statewide including: American black duck, Blue-winged teal, Ruddy duck, Black-crowned night- heron, Glossy ibis, Eastern spadefoot, Red-shouldered hawk, Devil crawﬁ sh, Yellow rail, Fowler’s toad, Southern leopard frog, Northern harrier, Sedge wren, Short-eared owl, Queen snake, Coal skink, Eastern massasauga, Black meadowhawk, Taper-tailed darner, Seaside golden borer moth, Northern red salamander, Sylva…",0.98
REL_065F1D266526D10C,DOC013,document_mentions_species,piping plover,DOC013,DOC013_CHUNK_0087,171-172,"Estuaries 86 species statewide including: Alewife, American black duck, American eel, American lobster, Atlantic silverside, Bay scallop, Eastern mud turtle, ﬁ ddler crab, Glossy ibis, Horseshoe crab, Lined seahorse, Menhaden, Northern diamondback terrapin, Northern puffer, Osprey, Oyster toadﬁ sh, Piping plover, Ribbed mussel, River otter, Saltmarsh sharp-tailed sparrow, Shortnose sturgeon, Tautog, Winter ﬂ ounder,…",0.98
REL_E5A778BFE0920ECD,American black duck,species_uses_habitat,estuary,DOC013,DOC013_CHUNK_0087,171-172,"Estuaries 86 species statewide including: Alewife, American black duck, American eel, American lobster, Atlantic silverside, Bay scallop, Eastern mud turtle, ﬁ ddler crab, Glossy ibis, Horseshoe crab, Lined seahorse, Menhaden, Northern diamondback terrapin, Northern puffer, Osprey, Oyster toadﬁ sh, Piping plover, Ribbed mussel, River otter, Saltmarsh sharp-tailed sparrow, Shortnose sturgeon, Tautog, Winter ﬂ ounder,…",0.84
REL_AA0DE65DF62D9CCF,American black duck,species_uses_habitat,marsh,DOC013,DOC013_CHUNK_0087,171-172,"Estuaries 86 species statewide including: Alewife, American black duck, American eel, American lobster, Atlantic silverside, Bay scallop, Eastern mud turtle, ﬁ ddler crab, Glossy ibis, Horseshoe crab, Lined seahorse, Menhaden, Northern diamondback terrapin, Northern puffer, Osprey, Oyster toadﬁ sh, Piping plover, Ribbed mussel, River otter, Saltmarsh sharp-tailed sparrow, Shortnose sturgeon, Tautog, Winter ﬂ ounder,…",0.84
REL_C40AC71E80D1EAD2,American black duck,species_uses_habitat,wetland,DOC013,DOC013_CHUNK_0087,171-172,"97 species statewide including: American black duck, Blue-winged teal, Ruddy duck, Black-crowned night- heron, Glossy ibis, Eastern spadefoot, Red-shouldered hawk, Devil crawﬁ sh, Yellow rail, Fowler’s toad, Southern leopard frog, Northern harrier, Sedge wren, Short-eared owl, Queen snake, Coal skink, Eastern massasauga, Black meadowhawk, Taper-tailed darner, Seaside golden borer moth, Northern red salamander, Sylva…",0.84
REL_CE166EF17E216243,piping plover,species_uses_habitat,estuary,DOC013,DOC013_CHUNK_0087,171-172,"Estuaries 86 species statewide including: Alewife, American black duck, American eel, American lobster, Atlantic silverside, Bay scallop, Eastern mud turtle, ﬁ ddler crab, Glossy ibis, Horseshoe crab, Lined seahorse, Menhaden, Northern diamondback terrapin, Northern puffer, Osprey, Oyster toadﬁ sh, Piping plover, Ribbed mussel, River otter, Saltmarsh sharp-tailed sparrow, Shortnose sturgeon, Tautog, Winter ﬂ ounder,…",0.84
REL_884A5EADDA8717CD,piping plover,species_uses_habitat,marsh,DOC013,DOC013_CHUNK_0087,171-172,"Estuaries 86 species statewide including: Alewife, American black duck, American eel, American lobster, Atlantic silverside, Bay scallop, Eastern mud turtle, ﬁ ddler crab, Glossy ibis, Horseshoe crab, Lined seahorse, Menhaden, Northern diamondback terrapin, Northern puffer, Osprey, Oyster toadﬁ sh, Piping plover, Ribbed mussel, River otter, Saltmarsh sharp-tailed sparrow, Shortnose sturgeon, Tautog, Winter ﬂ ounder,…",0.84
REL_3D122C224D2C1BC8,piping plover,species_uses_habitat,wetland,DOC013,DOC013_CHUNK_0087,171-172,"Estuaries 86 species statewide including: Alewife, American black duck, American eel, American lobster, Atlantic silverside, Bay scallop, Eastern mud turtle, ﬁ ddler crab, Glossy ibis, Horseshoe crab, Lined seahorse, Menhaden, Northern diamondback terrapin, Northern puffer, Osprey, Oyster toadﬁ sh, Piping plover, Ribbed mussel, River otter, Saltmarsh sharp-tailed sparrow, Shortnose sturgeon, Tautog, Winter ﬂ ounder,…",0.84
REL_82DBFC5EF9182E99,fragmentation,threat_affects_species,American black duck,DOC013,DOC013_CHUNK_0087,171-172,"97 species statewide including: American black duck, Blue-winged teal, Ruddy duck, Black-crowned night- heron, Glossy ibis, Eastern spadefoot, Red-shouldered hawk, Devil crawﬁ sh, Yellow rail, Fowler’s toad, Southern leopard frog, Northern harrier, Sedge wren, Short-eared owl, Queen snake, Coal skink, Eastern massasauga, Black meadowhawk, Taper-tailed darner, Seaside golden borer moth, Northern red salamander, Sylva…",0.82
REL_ADD14E55C39D0201,invasive species,threat_affects_species,American black duck,DOC013,DOC013_CHUNK_0087,171-172,"97 species statewide including: American black duck, Blue-winged teal, Ruddy duck, Black-crowned night- heron, Glossy ibis, Eastern spadefoot, Red-shouldered hawk, Devil crawﬁ sh, Yellow rail, Fowler’s toad, Southern leopard frog, Northern harrier, Sedge wren, Short-eared owl, Queen snake, Coal skink, Eastern massasauga, Black meadowhawk, Taper-tailed darner, Seaside golden borer moth, Northern red salamander, Sylva…",0.82
REL_6A554B7CA4636834,DOC013,document_mentions_species,smallmouth bass,DOC013,DOC013_CHUNK_0088,172-174,The small wavy-rayed lampmussel lies on the ﬂ oor of a mountain stream displaying her offspring in a package designed to look like a small ﬁ sh in the hope that the smallmouth bass will strike the lure and give her offspring the chance to attach to the ﬁ sh’s gills.,0.98
REL_FED86E5F03755B77,DOC013,document_mentions_species,pallid sturgeon,DOC013,DOC013_CHUNK_0090,176-178,North Dakota is one of the last strongholds for the ancient pallid sturgeon.,0.98
REL_B422B1AADDC45AC8,DOC013,document_mentions_species,bald eagle,DOC013,DOC013_CHUNK_0091,178-181,"This strat- egy will provide the framework for working towards that goal and preserving an impor- tant part of our state’s heritage for future generations. ” –Dean Hildebrand former Director ND Game and Fish Department 179 Highlight habitats Wildlife (examples) Issue (examples) Action (examples) Mixed-grass Prairie Ownership: primarily private Northern pintail, Ferruginous Hawk, Marbled godwit, Baird’s sparrow, Rich…",0.98
REL_AB3D59F114724C6A,DOC013,document_mentions_species,piping plover,DOC013,DOC013_CHUNK_0091,178-181,"North Dakota Comprehensive Wildlife Conservation Strategy Recommended actions to conserve North Dakota’s wildlife Piping Plover/NDGFD Wetland/NDGFD 180 North Dakota Comprehensive Wildlife Conservation Strategy Working together for North Dakota’s wildlife The North Dakota Game and Fish Department invited over 60 federal, state and local agencies, conservation groups, and local experts to provide comments on identifyi…",0.98
REL_0DF69C5B678D13CC,DOC013,document_mentions_location,United States,DOC013,DOC013_CHUNK_0092,181-182,Inasmuch as it was developed to satisfy the Eight Elements required by U.S.,0.98
REL_56FE374319EBC921,DOC013,document_mentions_species,bald eagle,DOC013,DOC013_CHUNK_0094,184-186,"Wildlife: Ohio enjoys a diverse wildlife community including healthy popula- tions of white-tailed deer, wild turkeys, bald eagles, and numerous other game and wildlife diversity species.",0.98
REL_E196BD571F714D4C,DOC013,document_mentions_species,white-tailed deer,DOC013,DOC013_CHUNK_0094,184-186,"Wildlife: Ohio enjoys a diverse wildlife community including healthy popula- tions of white-tailed deer, wild turkeys, bald eagles, and numerous other game and wildlife diversity species.",0.98
REL_40B78D34E7BB3658,DOC013,document_mentions_species,invasive carp,DOC013,DOC013_CHUNK_0095,185-188,"Exam- ples of current threats include the loss of habitat to a variety of development interests, the introduction and expansion of invasive species such as the Asian Carp and purple loosestrife, and the continued threat from a number of wildlife diseases such as West Nile Virus and rabies.",0.98
REL_95435354299B65F9,DOC013,document_mentions_species,lake sturgeon,DOC013,DOC013_CHUNK_0095,185-188,"The Division of Wildlife has on-going interaction with these grass- roots constituent groups, as well as with Ohio Wildlife Action Plan Key Habitats Wildlife (examples) Issue (examples) Action (examples) Rivers and Streams Ownership: Mix of public and private • Shovelnose sturgeon • Lake sturgeon • Purple catspaw • Northern rifﬂ eshell • Eastern hellbender • Loss of riparian corridor habitat • Dams • Cattle in strea…",0.98
REL_F9FBBB7A82741071,habitat loss,threat_affects_species,invasive carp,DOC013,DOC013_CHUNK_0095,185-188,"Exam- ples of current threats include the loss of habitat to a variety of development interests, the introduction and expansion of invasive species such as the Asian Carp and purple loosestrife, and the continued threat from a number of wildlife diseases such as West Nile Virus and rabies.",0.82
REL_B47562F18766D40F,invasive species,threat_affects_species,invasive carp,DOC013,DOC013_CHUNK_0095,185-188,"Exam- ples of current threats include the loss of habitat to a variety of development interests, the introduction and expansion of invasive species such as the Asian Carp and purple loosestrife, and the continued threat from a number of wildlife diseases such as West Nile Virus and rabies.",0.82
REL_8AA262E68479A143,DOC013,document_mentions_location,United States,DOC013,DOC013_CHUNK_0096,188-190,"More than 250 partici- pants attended these meetings, including representatives from The Nature Con- servancy, the Ohio Parks and Recreation Association, the Columbus and Cincin- nati Zoos, The Ohio Lepidopterists, Ohio Biological Survey, Cleveland Museum of Natural History, Columbus Metro Parks, American Electric Power, Pheasants For- ever, U.S.",0.98
REL_05D02C4457F17E9B,DOC013,document_mentions_species,white-tailed deer,DOC013,DOC013_CHUNK_0100,195-197,"For example, the Common- wealth’s expan- sive hardwood forests, which cover 62% of the landscape, provide critical wildlife habitat for abundant white-tailed deer and an array of neo- tropical migrant songbirds.",0.98
REL_B7498C3F3C865ED6,white-tailed deer,species_uses_habitat,forest,DOC013,DOC013_CHUNK_0100,195-197,"For example, the Common- wealth’s expan- sive hardwood forests, which cover 62% of the landscape, provide critical wildlife habitat for abundant white-tailed deer and an array of neo- tropical migrant songbirds.",0.84
REL_1615790E160398A8,DOC013,document_mentions_species,round goby,DOC013,DOC013_CHUNK_0101,197-200,"Rivers and Streams Ownership: Private and Public • Eastern sand darter, Spotted darter and 11 other darter species occur in this drainage (French Creek Drainage) • Siltation from non- point sources • Potential biotic interactions with invasive species (round goby in Lake Erie Drainage) • Riparian habitat protection through conservation easements (e.g., Landowner Incentive Program) and other management activities. •…",0.98
REL_EB216097AAC3558A,DOC013,document_mentions_location,United States,DOC013,DOC013_CHUNK_0105,205-207,"Cannonball jellyﬁ sh, Stomolophus meleagris-- Not state or federally listed; however, ecologically important because they are the major prey base for endangered leatherback sea turtles (Dermochelys coriacea) • While, abundant along the southeastern and Gulf coasts of the U.S., Cannonball jellyﬁ sh are susceptible to harmful algal blooms; oil spills and nonpoint source pollution.",0.98
REL_BDE9375601E611AD,DOC013,document_mentions_location,North America,DOC013,DOC013_CHUNK_0106,207-209,Landscape and Wildlife: Grasslands and prairie pothole wetlands in east- ern South Dakota sup- port some of the highest concentrations of breed- ing waterfowl and other wetland birds in North America.,0.98
REL_4E13D24DA710ABF4,DOC013,document_mentions_location,United States,DOC013,DOC013_CHUNK_0106,207-209,"Cannonball jellyﬁ sh, Stomolophus meleagris-- Not state or federally listed; however, ecologically important because they are the major prey base for endangered leatherback sea turtles (Dermochelys coriacea) • While, abundant along the southeastern and Gulf coasts of the U.S., Cannonball jellyﬁ sh are susceptible to harmful algal blooms; oil spills and nonpoint source pollution.",0.98
REL_4F3B3203F2B8D157,DOC013,document_mentions_location,Missouri,DOC013,DOC013_CHUNK_0107,209-211,"Mean- while, although bisected by 4 dams, there are still places along the Missouri River where a person can experience the wide and meandering “Big Muddy,” as well as some of its unique wildlife, in- cluding paddleﬁ sh, pallid sturgeon, least terns, piping plovers, and bald eagles.",0.98
REL_21E82EF031C7BA0F,DOC013,document_mentions_location,North America,DOC013,DOC013_CHUNK_0107,209-211,Landscape and Wildlife: Grasslands and prairie pothole wetlands in east- ern South Dakota sup- port some of the highest concentrations of breed- ing waterfowl and other wetland birds in North America.,0.98
REL_C5912DCB079B71C9,DOC013,document_mentions_species,bald eagle,DOC013,DOC013_CHUNK_0107,209-211,"Mean- while, although bisected by 4 dams, there are still places along the Missouri River where a person can experience the wide and meandering “Big Muddy,” as well as some of its unique wildlife, in- cluding paddleﬁ sh, pallid sturgeon, least terns, piping plovers, and bald eagles.",0.98
REL_AE3293038DA7E302,DOC013,document_mentions_species,pallid sturgeon,DOC013,DOC013_CHUNK_0107,209-211,"Mean- while, although bisected by 4 dams, there are still places along the Missouri River where a person can experience the wide and meandering “Big Muddy,” as well as some of its unique wildlife, in- cluding paddleﬁ sh, pallid sturgeon, least terns, piping plovers, and bald eagles.",0.98
REL_9B199BAC131D7056,DOC013,document_mentions_species,piping plover,DOC013,DOC013_CHUNK_0107,209-211,"The Missouri River dams changed it from a diverse, meandering river to a series of reservoirs, jeopardizing the future of such species as the pallid sturgeon, piping plover, and interior least tern.",0.98
REL_4803CEE2C07FFF68,DOC013,document_mentions_location,North America,DOC013,DOC013_CHUNK_0108,210-213,Landscape: The Mississippi River Valley is the path- way of one of the largest avian migrations in North America.,0.98
REL_96E9B45C2BAD1578,DOC013,document_mentions_location,North America,DOC013,DOC013_CHUNK_0109,213-214,Landscape: The Mississippi River Valley is the path- way of one of the largest avian migrations in North America.,0.98
REL_4A9FB410FF34830E,DOC013,document_mentions_location,Gulf of Mexico,DOC013,DOC013_CHUNK_0111,215-218,"In addition, the Gulf of Mexico lines 367 mi. of the Texas coast and provides important habitat for a variety of ﬁ sh, invertebrates, birds and mammals.",0.98
REL_12FF7F60484C2A2D,DOC013,document_mentions_location,Louisiana,DOC013,DOC013_CHUNK_0111,215-218,"One example of a Texas native is the Louisiana black bear, which is on the verge of making a comeback in east Texas.",0.98
REL_B443DF90B766D2B9,DOC013,document_mentions_location,United States,DOC013,DOC013_CHUNK_0111,215-218,"The area of the State of Texas is greater than 250,000 square miles, or about one- twelfth that of the entire United States.",0.98
REL_7C20CE52DF581F50,DOC013,document_mentions_location,Louisiana,DOC013,DOC013_CHUNK_0112,218-219,"One example of a Texas native is the Louisiana black bear, which is on the verge of making a comeback in east Texas.",0.98
REL_C1E55DE264FCA5E1,DOC013,document_mentions_location,United States,DOC013,DOC013_CHUNK_0114,221-223,"In the shrub- steppe rangelands, drought has created a precipitous drop in winter forage in northeastern and southeastern Utah for both wildlife (such as greater sage- grouse, pygmy rabbits and mule deer) and livestock. “Fish and wildlife in Utah will beneﬁ t from the strategic and science-based planning that went into this plan, which is one of the ﬁ rst wildlife action plans to be approved in the nation. ” – Ralph…",0.98
REL_36988813210CEA5F,DOC013,document_mentions_location,United States,DOC013,DOC013_CHUNK_0115,223-225,"People and Wildlife: While less than 15 percent of the land base is in public ownership, 97 percent of Vermont residents surveyed in a 2001 U.S.",0.98
REL_CAF66198F4105D19,DOC013,document_mentions_location,United States,DOC013,DOC013_CHUNK_0116,225-227,"The action plan also describes the habitats and landscapes Vermont Wildlife Action Plan “The Comprehensive Wildlife Conservation Strategy [Wildlife Ac- tion Plan] marks the start of a new era in wildlife conservation, one where we can keep common species common. ” –Vermont Governor James Douglas “We are tremendously impressed with the overall quality of Ver- mont’s Wildlife Action Plan and the extensive partnerships…",0.98
REL_AA9E9C425EBF9708,DOC013,document_mentions_species,brook trout,DOC013,DOC013_CHUNK_0116,225-227,"These are detailed reviews of 144 vertebrates (from brook trout and peregrine falcon, to bobcat and wood turtle) and 191 invertebrates (from the tawny emperor butterﬂ y and cobble- stone tiger beetle, to the fragile papershell mussel) identiﬁ ed as Species of Greatest Conservation Need.",0.98
REL_54C5006A05B21168,DOC013,document_mentions_species,lake sturgeon,DOC013,DOC013_CHUNK_0116,225-227,"41 SGCN/SGCN groups use these habitats including: cerulean warbler, wood turtle, common mudpuppy, silver- haired bat, river otter, freshwater mussels & snails, blacknose shiner, & lake sturgeon. • Habitat conversion, inadequate disturbance regime, invasive exotic species. • Provide technical assistance to private landowners to maintain and enhance SGCN habitat in ﬂ oodplain forests and riparian areas. • Identify are…",0.98
REL_C0B0B5E8996E22AE,lake sturgeon,species_uses_habitat,forest,DOC013,DOC013_CHUNK_0116,225-227,"41 SGCN/SGCN groups use these habitats including: cerulean warbler, wood turtle, common mudpuppy, silver- haired bat, river otter, freshwater mussels & snails, blacknose shiner, & lake sturgeon. • Habitat conversion, inadequate disturbance regime, invasive exotic species. • Provide technical assistance to private landowners to maintain and enhance SGCN habitat in ﬂ oodplain forests and riparian areas. • Identify are…",0.84
REL_66FD534665C3A39C,lake sturgeon,species_uses_habitat,riparian habitat,DOC013,DOC013_CHUNK_0116,225-227,"41 SGCN/SGCN groups use these habitats including: cerulean warbler, wood turtle, common mudpuppy, silver- haired bat, river otter, freshwater mussels & snails, blacknose shiner, & lake sturgeon. • Habitat conversion, inadequate disturbance regime, invasive exotic species. • Provide technical assistance to private landowners to maintain and enhance SGCN habitat in ﬂ oodplain forests and riparian areas. • Identify are…",0.84
REL_0965AAEF45EF8425,DOC013,document_mentions_location,Florida,DOC013,DOC013_CHUNK_0117,226-229,"Laroche Commissioner, Vermont Fish & Wildlife Department 229 Virginia snapshot Geography: From the Atlantic Ocean and coastal beaches on Vir- ginia’s eastern shores to the tower- ing Mount Rogers and the Cumber- land Gap at its southwest corner, the Commonwealth includes every wildlife habitat that occurs natu- rally from Maine to Florida.",0.98
REL_7DB49CD7CD96B5B6,DOC013,document_mentions_species,lake sturgeon,DOC013,DOC013_CHUNK_0117,226-229,"41 SGCN/SGCN groups use these habitats including: cerulean warbler, wood turtle, common mudpuppy, silver- haired bat, river otter, freshwater mussels & snails, blacknose shiner, & lake sturgeon. • Habitat conversion, inadequate disturbance regime, invasive exotic species. • Provide technical assistance to private landowners to maintain and enhance SGCN habitat in ﬂ oodplain forests and riparian areas. • Identify are…",0.98
REL_72CF9A06674F468F,DOC013,document_mentions_species,zebra mussel,DOC013,DOC013_CHUNK_0117,226-229,"Invasive exotic species in Vermont include Eurasian watermilfoil, purple loosestrife, common buckthorn, Japanese knotweed, Morrow’s honey- suckle, goutweed, black swallowwort, alewife and zebra mussels.",0.98
REL_95ADA367390E26EC,lake sturgeon,species_uses_habitat,forest,DOC013,DOC013_CHUNK_0117,226-229,"41 SGCN/SGCN groups use these habitats including: cerulean warbler, wood turtle, common mudpuppy, silver- haired bat, river otter, freshwater mussels & snails, blacknose shiner, & lake sturgeon. • Habitat conversion, inadequate disturbance regime, invasive exotic species. • Provide technical assistance to private landowners to maintain and enhance SGCN habitat in ﬂ oodplain forests and riparian areas. • Identify are…",0.84
REL_80A20973AAF5C609,lake sturgeon,species_uses_habitat,riparian habitat,DOC013,DOC013_CHUNK_0117,226-229,"41 SGCN/SGCN groups use these habitats including: cerulean warbler, wood turtle, common mudpuppy, silver- haired bat, river otter, freshwater mussels & snails, blacknose shiner, & lake sturgeon. • Habitat conversion, inadequate disturbance regime, invasive exotic species. • Provide technical assistance to private landowners to maintain and enhance SGCN habitat in ﬂ oodplain forests and riparian areas. • Identify are…",0.84
REL_B3E619F7CA0E1E32,DOC013,document_mentions_location,Florida,DOC013,DOC013_CHUNK_0118,228-230,"Laroche Commissioner, Vermont Fish & Wildlife Department 229 Virginia snapshot Geography: From the Atlantic Ocean and coastal beaches on Vir- ginia’s eastern shores to the tower- ing Mount Rogers and the Cumber- land Gap at its southwest corner, the Commonwealth includes every wildlife habitat that occurs natu- rally from Maine to Florida.",0.98
REL_FA28EA5771A56DA5,DOC013,document_mentions_location,United States,DOC013,DOC013_CHUNK_0118,228-230,"Habitat degradation in the rivers of southwestern Virginia, resulting from certain mineral extraction and agricul- tural practices, and as well as from the impoundment of these rivers downstream in Tennessee, has signiﬁ cantly impacted this biologically diverse “hot spot” in the United States.",0.98
REL_8838631E5984705C,DOC013,document_mentions_species,piping plover,DOC013,DOC013_CHUNK_0119,230-232,"Wildlife highlights 231 Virginia Wildlife Action Plan Highlight habitats Wildlife (examples) Issue (examples) Action (examples) Barrier Islands Ownership: mix of public/private Piping plover (bird), American oystercatcher (bird), Northern diamond-backed terrapin • Recreational use • Predation by introduced species • Work with partners and local communities to provide greater outreach to beach users about the need to…",0.98
REL_945E2C096788BCBA,DOC013,document_mentions_location,North America,DOC013,DOC013_CHUNK_0122,235-237,"NW Suite 725 Washington, DC 20001 Tel: 202.624.7890 chadwick@ﬁ shwildlife.org www.teaming.com • www.ﬁ shwildlife.org Washington’s Wildlife Action Plan “Washington’s Wildlife Action Plan, as well as those of the other states and territories, presents a new comprehensive vision that will change the face of wildlife conservation in North America.",0.98
REL_8B444AFD04A88397,DOC013,document_mentions_location,United States,DOC013,DOC013_CHUNK_0122,235-237,"Fol- low-up meetings were scheduled with major conservation partners, including the Washington Department of Natural Resources, U.S.",0.98
REL_1FD6D7998DB179A0,DOC013,document_mentions_species,invasive carp,DOC013,DOC013_CHUNK_0125,241-242,"Invasive species include both plants and animals that tend to dominate landscapes to the exclusion of all others (e.g., purple loosestrife, buckthorn, Asian carp), as well as, in the case of non-native animals, those that prey on or parasitize native species (e.g., feral cats).",0.98
REL_457AA0A34ACFC784,DOC013,document_mentions_species,lake sturgeon,DOC013,DOC013_CHUNK_0125,241-242,"Among other species, Wisconsin is home to lake sturgeon, bobolinks, wood turtles, American Wisconsin Wildlife Action Plan What is a wildlife action plan?",0.98
REL_36B9B3B9E03F6E41,DOC013,document_mentions_species,piping plover,DOC013,DOC013_CHUNK_0125,241-242,"Wildlife highlights Piping Plover nest exclosure, Chequamegon Point, Lake Superior/WDNR “The approach",0.98
REL_E97045D6EBC7C375,DOC013,document_mentions_location,Canada,DOC013,DOC013_CHUNK_0126,242-244,"Work toward a balanced mosaic of age- classes of trees. • Encourage regeneration or reestablishment of eastern hemlock, other conifers, yellow birch, and Canada yew where appropriate.",0.98
REL_36F89A89BE8B4E3F,DOC013,document_mentions_location,Great Lakes,DOC013,DOC013_CHUNK_0126,242-244,"Wisconsin Wildlife Action Plan Recommended actions to conserve Wisconsin’s wildlife Prescribed burn/TNC 244 Oak Barrens Habitat, Juneau Co./Armund Bartz This team included representatives from the Wisconsin Department of Transporta- tion, the Wisconsin Association of Lakes, the Great Lakes Indian Fish and Wildlife Commission, WE Energies, the U.S.",0.98
REL_6ECE7FFC986C351E,DOC013,document_mentions_location,United States,DOC013,DOC013_CHUNK_0126,242-244,"Wisconsin Wildlife Action Plan Recommended actions to conserve Wisconsin’s wildlife Prescribed burn/TNC 244 Oak Barrens Habitat, Juneau Co./Armund Bartz This team included representatives from the Wisconsin Department of Transporta- tion, the Wisconsin Association of Lakes, the Great Lakes Indian Fish and Wildlife Commission, WE Energies, the U.S.",0.98
REL_93676BB15BF9922A,DOC013,document_mentions_species,canvasback,DOC013,DOC013_CHUNK_0126,242-244,"There is Federal management of some river-ways. • Canvasback • Lake sturgeon • Mudpuppy • Non-point source pollution resulting from urban and agricultural runoff in the watershed. • Dams have eliminated riverine habitat, blocked migration routes, fragmented populations, and created polluted sediments at levels that are sometimes harmful to ﬁ sh and other aquatic species. • Improve watershed land-use practices to red…",0.98
REL_781887BCDF1AD90D,DOC013,document_mentions_species,lake sturgeon,DOC013,DOC013_CHUNK_0126,242-244,"There is Federal management of some river-ways. • Canvasback • Lake sturgeon • Mudpuppy • Non-point source pollution resulting from urban and agricultural runoff in the watershed. • Dams have eliminated riverine habitat, blocked migration routes, fragmented populations, and created polluted sediments at levels that are sometimes harmful to ﬁ sh and other aquatic species. • Improve watershed land-use practices to red…",0.98
REL_800426BA733071A6,DOC013,document_mentions_species,piping plover,DOC013,DOC013_CHUNK_0126,242-244,"Wildlife highlights Piping Plover nest exclosure, Chequamegon Point, Lake Superior/WDNR “The approach taken by the Department was thorough and comprehensive, and the involvement of an external team strengthened the effort tremendously.",0.98
REL_6AC013AFC34254E8,pollution,threat_affects_species,canvasback,DOC013,DOC013_CHUNK_0126,242-244,"There is Federal management of some river-ways. • Canvasback • Lake sturgeon • Mudpuppy • Non-point source pollution resulting from urban and agricultural runoff in the watershed. • Dams have eliminated riverine habitat, blocked migration routes, fragmented populations, and created polluted sediments at levels that are sometimes harmful to ﬁ sh and other aquatic species. • Improve watershed land-use practices to red…",0.82
REL_3B0EC62854569AC6,pollution,threat_affects_species,lake sturgeon,DOC013,DOC013_CHUNK_0126,242-244,"There is Federal management of some river-ways. • Canvasback • Lake sturgeon • Mudpuppy • Non-point source pollution resulting from urban and agricultural runoff in the watershed. • Dams have eliminated riverine habitat, blocked migration routes, fragmented populations, and created polluted sediments at levels that are sometimes harmful to ﬁ sh and other aquatic species. • Improve watershed land-use practices to red…",0.82
REL_88264595A2A499BD,DOC015,document_mentions_location,Missouri,DOC015,DOC015_CHUNK_0001,1-2,"MISSOURI STATE REPORT May 6, 2025 Jason Sumners, Director Missouri Department of Conservation 2901 West Truman Blvd.",0.98
REL_4C38C93109656BB0,DOC015,document_mentions_location,North America,DOC015,DOC015_CHUNK_0001,1-2,MDC and the Great Rivers Habitat Alliance (GRHA) entered into a cooperative agreement to protect habitat and add public and educational opportunities on nearly 785 privately-owned acres of prime wetland habitat in an area recognized by the North American Waterfowl Management Plan as a priority Waterfowl Conservation Region.,0.98
REL_55936B0A666DA905,DOC015,document_mentions_location,United States,DOC015,DOC015_CHUNK_0001,1-2,"In 2020 and 2021, MDC released 102 birds to the U.S.",0.98
REL_255640CA7DE882C8,DOC015,document_mentions_location,Missouri,DOC015,DOC015_CHUNK_0002,2-3,"Missouri's 2024-2025 deer-hunting season ended with a total deer harvest for the season of 276,262.",0.98
REL_62D85188835F0AE5,DOC015,document_mentions_location,Missouri River Basin,DOC015,DOC015_CHUNK_0002,2-3,"MDC continues active engagement and leadership within key invasive species collaborations including Missouri Feral Hog Elimination Partnership, Missouri River Basin Invasive Carp Technical Committee, Scenic Rivers Invasive Species Partnership, Missouri Invasive Plant Council, and Missouri Invasive Forest Pest Council.",0.98
REL_61F289904D7D101B,DOC015,document_mentions_location,United States,DOC015,DOC015_CHUNK_0002,2-3,"In 2020 and 2021, MDC released 102 birds to the U.S.",0.98
REL_4DA68CA766530983,DOC015,document_mentions_species,bighead carp,DOC015,DOC015_CHUNK_0002,2-3,"An invasive carp removal project on the Lamine River extracted 43,000 lbs. of silver and bighead carp in a 2-week effort to inform on commercial fishing potential for the tributary of the Missouri River.",0.98
REL_EF759658EF03A721,DOC015,document_mentions_species,invasive carp,DOC015,DOC015_CHUNK_0002,2-3,"MDC continues active engagement and leadership within key invasive species collaborations including Missouri Feral Hog Elimination Partnership, Missouri River Basin Invasive Carp Technical Committee, Scenic Rivers Invasive Species Partnership, Missouri Invasive Plant Council, and Missouri Invasive Forest Pest Council.",0.98
REL_4705C58CE09A6B31,DOC015,document_mentions_species,northern snakehead,DOC015,DOC015_CHUNK_0002,2-3,Monitoring for new invader Northern Snakehead continued in the Southeast region of the state.,0.98
REL_6B01222EE6918FC4,DOC015,document_mentions_species,white-tailed deer,DOC015,DOC015_CHUNK_0002,2-3,Missouri White-Tailed Deer Management Plan.,0.98
REL_555245E9C89ABAC7,DOC015,document_mentions_location,Missouri,DOC015,DOC015_CHUNK_0003,3-4,"The Invasive Species Strike Teams are a partnership between MDC, the Missouri Department of Transportation, and the Missouri Prairie Foundation.",0.98
REL_354006C10718CB4D,DOC015,document_mentions_location,Kansas,DOC015,DOC015_CHUNK_0004,4-5,"In addition to annual hunter and angler surveys, MDC conducted surveys on participant and landowner satisfaction with the Missouri Recreational Access Program, collected input from attendees of the regional Wetlands Summit hosted by the Conservation Federation of Missouri and MDC, conducted a survey and a series of focus groups with landowners in CWD core areas to better understand motivations and barriers to partic…",0.98
REL_7A490AE7B3942F5E,DOC015,document_mentions_location,Missouri,DOC015,DOC015_CHUNK_0004,4-5,MDC provides Missouri National Archery in the Schools Program (MoNASP) grants to schools for equipment and free teacher and staff training for those administering the program.,0.98
REL_80C5507846875FE1,DOC015,document_mentions_species,mallard,DOC015,DOC015_CHUNK_0004,4-5,Agents Chase Wright and Marc Bagley made a once - in-a-lifetime p oaching case when they responded to an Operation Game Thief call and 5 apprehended three subjects shooting 50 mallards in closed season on the Missouri River in January of 2024.,0.98
REL_8CA7D381CC03A04E,DOC015,document_mentions_location,Missouri,DOC015,DOC015_CHUNK_0005,5-6,"Missouri’s spring turkey regulations were simplified in 2024, resulting in an increase in permit sales.",0.98
REL_B9F4ED32B640B230,DOC016,document_mentions_location,Missouri,DOC016,DOC016_CHUNK_0001,Web,"Annual Review: Fiscal Year July 1, 2023 - June 30, 2024 By MDC | January 1, 2025 From Missouri Conservationist: January 2025 Stay In Touch Stay in Touch with MDC news, newsletters, events, and manage your subscription Link Sign Up View the Digital Magazine Download Issue 5.80 MB More Issues Media Image Title Annual Review Body Serving Nature & You | Fiscal Year July 1, 2023-June 30, 2024 For the Missouri Department…",0.98
REL_3FD8DEC9BC6F1DBB,DOC016,document_mentions_location,United States,DOC016,DOC016_CHUNK_0001,Web,"Aquatic Organism Passage Guided by the Southeast Aquatic Resource Partnership, MDC co-led, with The Nature Conservancy and the U.S.",0.98
REL_F562921362B1B90B,DOC016,document_mentions_location,Missouri,DOC016,DOC016_CHUNK_0002,Web,"Fish and Wildlife Service, the formation of a statewide Missouri Stream Connectivity Partnership (MO SCP) to address removing aquatic organism passage barriers in streams.",0.98
REL_11D248002F071B19,DOC016,document_mentions_location,United States,DOC016,DOC016_CHUNK_0002,Web,"Aquatic Organism Passage Guided by the Southeast Aquatic Resource Partnership, MDC co-led, with The Nature Conservancy and the U.S.",0.98
REL_0AE11C3A6E39BDAC,DOC016,document_mentions_location,Kansas,DOC016,DOC016_CHUNK_0003,Web,"In total, there are 31 lakes in Kansas City and St.",0.98
REL_942C6D6FFE492F35,DOC016,document_mentions_location,Missouri,DOC016,DOC016_CHUNK_0003,Web,"Coldwater Trout Park Fishing Tag Sales Bennett Spring: 2024: 128,553; 2023: 130,848; Percentage +/-: -1.75% Maramec Spring: 2024: 46,613; 2023: 43,810; Percentage +/-: +6.40% Montauk: 2024: 88,011; 2023: 87,162; Percentage +/-: +0.97% Roaring River: 2024: 111,819: 2023: 106,069; Percentage +/-: +5.42% Total: 2024: 374,996; 2023: 367,889; Percentage +/-: +1.93% State Record Fish Program Missouri is blessed with many…",0.98
REL_230CDAF8073C4D3B,DOC016,document_mentions_species,bighead carp,DOC016,DOC016_CHUNK_0003,Web,"Caught from: Lake of the Ozarks Method: Snagging Previous state record: 140 lbs., 10 oz., Lake of the Ozarks, March 18, 2022 Previous world record: 164 lbs., Keystone Lake, OK, June 2021 Bighead Carp Angler: George Chance Date: March 19, 2024 Weight: 97 lbs.",0.98
REL_26CBFE1053DE561B,DOC016,document_mentions_species,lake sturgeon,DOC016,DOC016_CHUNK_0003,Web,"Lake Sturgeon • Lost Valley received 85,800 fertilized lake sturgeon eggs from Genoa National Fish Hatchery in Wisconsin.",0.98
REL_28D40475BC1DAD8F,DOC016,document_mentions_location,Missouri,DOC016,DOC016_CHUNK_0004,Web,"The state nursery raises trees for forestry projects on public and private lands, but much of the facility’s focus has shifted to serving the tree needs of Missouri’s citizens.",0.98
REL_BD0C0ADE0665C975,DOC016,document_mentions_location,United States,DOC016,DOC016_CHUNK_0004,Web,"Recognizing the benefits of prescribed fire when applied to the landscape, MDC works with several nongovernmental organizations and the U.S.",0.98
REL_2C2B8F0D73A8D6A6,DOC016,document_mentions_location,Missouri,DOC016,DOC016_CHUNK_0005,Web,"Missouri received significant rainfall in June, relieving most of the drought conditions.",0.98
REL_87159C0815FD6A43,DOC016,document_mentions_location,Kansas,DOC016,DOC016_CHUNK_0006,Web,Department staff along with the Natural Areas Association and Kansas City Wildlands hosted a stewardship in action workshop in Kansas City for 25 participants from a variety of states and agencies/organizations in August 2023.,0.98
REL_88812E5472FC67A4,DOC016,document_mentions_location,Mississippi River Basin,DOC016,DOC016_CHUNK_0006,Web,"The Invasive Species Program collaborates with partners across the state and region, including Missouri Invasive Plant Council, Missouri Invasive Forest Pest Council, Invasive Species Strike Teams, Scenic Rivers Invasive Species Partnership, Mississippi River Basin Panel, and others, to promote awareness and implementation of effective management and conservation efforts that protect healthy land, water, and forests…",0.98
REL_1942AF02C3CF5486,DOC016,document_mentions_location,Missouri,DOC016,DOC016_CHUNK_0006,Web,"This work is being accomplished by developing achievable and desired future conditions using the Missouri River Hills, located north of the Missouri River between Jefferson City and St.",0.98
REL_807A2C27207801E8,DOC016,document_mentions_location,United States,DOC016,DOC016_CHUNK_0006,Web,"Public outreach and education on an array of invasive species topics were provided through a variety of formats and outlets including quarterly articles in Missouri Conservationist , presentations to volunteer groups including Master Naturalists, social media posts, the annual Invasive Species Day Event at the Missouri State Fair, and production of nine invasive species outreach videos in collaboration with U.S.",0.98
REL_5852E1D6BA577CB5,DOC016,document_mentions_species,invasive carp,DOC016,DOC016_CHUNK_0006,Web,"In FY24, the working group began developing best management practices for prevention document, and provided reviews for outreach materials, novel equipment permits for invasive carp removal, and regulation changes related to invasive species.",0.98
REL_4A512ACE28BEA772,DOC016,document_mentions_species,silver carp,DOC016,DOC016_CHUNK_0006,Web,"Intensive efforts using commercial nets and electrified fish capture equipment resulted in over 19 tons of invasive carp including more than 10,000 silver carp being removed from the lower Grand River with an estimated 27 percent decrease in overall silver carp densities.",0.98
REL_D0DD44288FF8D645,DOC016,document_mentions_location,Kansas,DOC016,DOC016_CHUNK_0007,Web,"Fish and Wildlife Service and Kansas Department of Wildlife and Parks, conducted an invasive carp removal on the lower Grand River in northwest Missouri.",0.98
REL_4D6544A99CF4A2D9,DOC016,document_mentions_location,Missouri,DOC016,DOC016_CHUNK_0007,Web,"Fish and Wildlife Service and Kansas Department of Wildlife and Parks, conducted an invasive carp removal on the lower Grand River in northwest Missouri.",0.98
REL_AFF729E9E93C2C92,DOC016,document_mentions_location,United States,DOC016,DOC016_CHUNK_0007,Web,"2023, MDC, in conjunction with the U.S.",0.98
REL_B7DA7C57C34E93F8,DOC016,document_mentions_species,invasive carp,DOC016,DOC016_CHUNK_0007,Web,"Fish and Wildlife Service and Kansas Department of Wildlife and Parks, conducted an invasive carp removal on the lower Grand River in northwest Missouri.",0.98
REL_99707B699E5DB179,DOC016,document_mentions_species,silver carp,DOC016,DOC016_CHUNK_0007,Web,"Intensive efforts using commercial nets and electrified fish capture equipment resulted in over 19 tons of invasive carp including more than 10,000 silver carp being removed from the lower Grand River with an estimated 27 percent decrease in overall silver carp densities.",0.98
REL_00B71A45A94C4540,DOC016,document_mentions_location,Missouri,DOC016,DOC016_CHUNK_0008,Web,"CWD Management, Deer Season Regulation Changes To adapt to the changing status of chronic wasting disease (CWD) in Missouri, MDC’s CWD Surveillance and Management Plan was revised in 2022.",0.98
REL_FB36A839C0D5D8C9,DOC016,document_mentions_species,white-tailed deer,DOC016,DOC016_CHUNK_0008,Web,"Also, during FY24, MDC began the process of revising its 10-year White-tailed Deer Management Plan, which will be completed early in FY25. + see more - show less Title MDC Connects People with Nature Body We provide places for you to enjoy nature and opportunities for you to learn about and discover nature.",0.98
REL_C8B1C358B3665FB3,DOC016,document_mentions_location,Kansas,DOC016,DOC016_CHUNK_0009,Web,"These youth have engaged in various in-the-field educational activities, including removing invasive honeysuckle at the Heartland Overlook Preserve, beautifying the Ozanam and Gillis campuses with native plantings, working on the Kessler Park trails with Jerusalem Farm, planting trees at the Ivanhoe Farmer’s Market with Kansas City Community Gardens, planting seeds at KC Farm School, sorting recycling at Red Bridge…",0.98
REL_28D7A47215F3F060,DOC016,document_mentions_location,Missouri,DOC016,DOC016_CHUNK_0009,Web,"Great Rivers Greenway, Missouri Botanical Garden, and several other community-based organizations.",0.98
REL_8C1EC4C0E257DBB7,DOC016,document_mentions_location,Missouri,DOC016,DOC016_CHUNK_0010,Web,"And an education pavilion now sits at a highly used trailhead in Kirksville where residents, guests, and students alike can access and learn more about the outdoors thanks to a partnership with a nonprofit formed by a group of passionate outdoor enthusiasts who desire greater use of Missouri trails.",0.98
REL_302DB442D81156DE,Missouri Department of Conservation,agency_manages_program,Missouri Master Naturalist Program,DOC016,DOC016_CHUNK_0011,Web,Missouri Master Naturalist Program The Missouri Master Naturalist program is sponsored and jointly administered by MDC and University of Missouri Extension.,0.86
REL_82F9DBB25CA62829,DOC016,document_mentions_location,Missouri,DOC016,DOC016_CHUNK_0011,Web,"an opportunity to work on a variety of citizen science projects with communities around the state, including programs such as Missouri Stream Team, the Master Naturalist Program, and the Missouri Forestkeepers Network.",0.98
REL_9EB9C2745A39B498,DOC016,document_mentions_species,lake sturgeon,DOC016,DOC016_CHUNK_0011,Web,"Louis’ Great Rivers Chapter, and Washington’s Miramiguoa Chapter are measuring lake sturgeon that are observed spawning along the Mississippi River.",0.98
REL_6A25517D227C4B37,DOC016,document_mentions_location,Missouri,DOC016,DOC016_CHUNK_0012,Web,"Members’ efforts assure Missouri’s forests continue to grow and stay healthy. + see more - show less Title MDC Maintains Public Trust Body We want you to be confident the finances dedicated to Missouri conservation are used wisely, and decisions concerning Missouri's fish, forests, and wildlife are guided by the best available science.",0.98
REL_9154AC0C9F88610E,DOC017,document_mentions_location,Missouri,DOC017,DOC017_CHUNK_0001,Web,"Annual Review: Fiscal Year 2023 By MDC | January 1, 2024 From Missouri Conservationist: January 2024 Stay In Touch Stay in Touch with MDC news, newsletters, events, and manage your subscription Link Sign Up View the Digital Magazine Download Issue 5.87 MB More Issues Media Image Title Annual Review: Fiscal Year 2023 Body (July 1, 2022 – June 30, 2023) As the ninth director in MDC’s 86-year history, I often think of…",0.98
REL_36C15EFCD9207383,DOC017,document_mentions_location,Missouri,DOC017,DOC017_CHUNK_0002,Web,State Record Fish Program Missouri is blessed with many lakes and streams that are managed to provide world-class angling opportunities.,0.98
REL_D84DBE9A31C4F6CD,DOC017,document_mentions_location,Missouri,DOC017,DOC017_CHUNK_0003,Web,percent of the land previously occupied by feral hogs in Missouri.,0.98
REL_9D68F21D30D9820D,DOC017,document_mentions_location,North America,DOC017,DOC017_CHUNK_0003,Web,Renovations at Schell-Osage CA are moving forward with help from a $1 million match grant from the federal North American Wetlands Conservation Act.,0.98
REL_CDE3A6741180AD35,DOC017,document_mentions_location,Mississippi River Basin,DOC017,DOC017_CHUNK_0004,Web,"The Invasive Species Program collaborates with partners — including Missouri Invasive Plant Council, Missouri Invasive Forest Pest Council, Invasive Species Strike Teams, Scenic Rivers Invasive Species Partnership, Mississippi River Basin Panel, and others — across the state and regions to promote awareness and implement effective management and conservation efforts that protect healthy land, water, and forests on p…",0.98
REL_7B606A31C01B275B,DOC017,document_mentions_location,Missouri,DOC017,DOC017_CHUNK_0004,Web,"Missouri now has 10 priority geographies (PGs), adding Hi Lonesome to the list this year.",0.98
REL_99276D3A258A252C,DOC017,document_mentions_location,United States,DOC017,DOC017_CHUNK_0004,Web,"Staff from MDC, MU, and MTNF traveled to the Hoosier National Forest in Indiana to meet with foresters, ecologists, and wildlife biologists from across U.S.",0.98
REL_910BF94D12CF170E,DOC017,document_mentions_location,Missouri,DOC017,DOC017_CHUNK_0005,Web,"articles in the Missouri Conservationist , presentations to volunteer groups including Master Naturalists and nature center volunteers, a live Wild Webcast, social media posts, and the annual Invasive Species Day Event at the Missouri State Fair.",0.98
REL_4AF74C774BCB6FBC,DOC017,document_mentions_location,United States,DOC017,DOC017_CHUNK_0005,Web,"MDC, the Saint Louis Zoo’s Ron and Karen Goellner Center for Hellbender Conservation, and the U.S.",0.98
REL_97AF0CB58F4D0F71,DOC017,document_mentions_location,Kansas,DOC017,DOC017_CHUNK_0006,Web,Gorman Conservation Discovery Center in Kansas City in June.,0.98
REL_A10CC4531C7150EB,DOC017,document_mentions_location,Missouri,DOC017,DOC017_CHUNK_0006,Web,MDC Connects People with Nature Community Assistance Program MDC created the Community Assistance Program (CAP) in 1980 to provide close-to-home fishing opportunities in communities across Missouri.,0.98
REL_9EADD9DE36E9BA14,DOC017,document_mentions_location,United States,DOC017,DOC017_CHUNK_0006,Web,"Remaining Relevant to All Missourians For the past several years, state fish and wildlife agencies throughout the U.S. have begun focusing on ways to ensure that conservation and the outdoors are relevant to all citizens.",0.98
REL_7E43D8C61239FAC0,DOC017,document_mentions_location,Missouri,DOC017,DOC017_CHUNK_0007,Web,"With the number of hunters and anglers on the decline in both the U.S. and here in Missouri, methods to engage new audiences and to retain existing ones are more important than ever before.",0.98
REL_CCF96F4E232856B7,DOC017,document_mentions_location,United States,DOC017,DOC017_CHUNK_0007,Web,"the past several years, state fish and wildlife agencies throughout the U.S. have begun focusing on ways to ensure that conservation and the outdoors are relevant to all citizens.",0.98
REL_E60A826D1C8F0628,DOC017,document_mentions_location,Missouri,DOC017,DOC017_CHUNK_0008,Web,Missouri’s Citizen Scientists: Volunteering to Protect the State’s Natural Resources Missouri Master Naturalist The Missouri Master Naturalist program is sponsored and jointly administered by MDC and University of Missouri Extension.,0.98
REL_6F47AC4359693C02,DOC017,document_mentions_location,Missouri,DOC017,DOC017_CHUNK_0009,Web,"Louis, Tower Grove Park (where MDC also has staff), Missouri Botanical Garden, Saint Louis Zoo, Forest Park, Great Rivers Greenway, Forest ReLeaf, St.",0.98
REL_6C7261B619CE6283,DOC017,document_mentions_location,Missouri,DOC017,DOC017_CHUNK_0010,Web,"These reports encourage short-term data-driven decision making, while also providing an overview of MDC’s infrastructure portfolio for long-term planning. + see more - show less THIS CONTENT IS ARCHIVED Image Credit Noppadol Paothong Right to Use Photo by Noppadol Paothong, courtesy Missouri Department of Conservation 1/25 Image Credit TAYLOR LYNN PHOTOGRAPHY Right to Use Use of this image is restricted to MDC only…",0.98
REL_90E9E18C6C9949BF,DOC018,document_mentions_location,Missouri,DOC018,DOC018_CHUNK_0001,Web,"Annual Review By MDC | January 1, 2023 From Missouri Conservationist: January 2023 Stay In Touch Stay in Touch with MDC news, newsletters, events, and manage your subscription Link Sign Up View the Digital Magazine Download Issue 6.67 MB More Issues Media Image Title Annual Report Body Nearly seven decades ago, writer and biologist Rachel Carson wisely noted, “The real wealth of the nation lies in the resources of t…",0.98
REL_210339B47C324EB0,DOC018,document_mentions_location,United States,DOC018,DOC018_CHUNK_0001,Web,"The Missouri Comprehensive Conservation Strategy (CCS) integrates the Missouri State Wildlife Action Plan, Forest Action Plan, and other conservation priorities into a comprehensive plan, meeting the requirements of both the U.S.",0.98
REL_E1F2B3487750E3AE,DOC018,document_mentions_location,Missouri,DOC018,DOC018_CHUNK_0002,Web,Missouri’s plan is serving as an example across the nation on how conservation work is completed today and into the future.,0.98
REL_09F8177ACD8F90DA,DOC018,document_mentions_location,United States,DOC018,DOC018_CHUNK_0002,Web,"Habitat Conservation Plan MDC, in cooperation with the U.S.",0.98
REL_A38C1F9FC98FA67C,DOC018,document_mentions_location,Missouri,DOC018,DOC018_CHUNK_0003,Web,Missouri hosted the Instream Flow Council biennial meeting and featured information about Missouri projects on ecological flows.,0.98
REL_1E19B87034B20ED3,DOC018,document_mentions_species,smallmouth bass,DOC018,DOC018_CHUNK_0003,Web,The Missouri Smallmouth Slam honors anglers who can catch a smallmouth bass in at least six of 12 special management areas.,0.98
REL_F430042B7665EB92,DOC018,document_mentions_location,Arkansas,DOC018,DOC018_CHUNK_0004,Web,"Brown-Headed Nuthatch Restoration During the second year of the brown-headed nuthatch restoration effort, 56 birds were moved in August 2021 from Arkansas to two sites in the Mark Twain National Forest pineries south of Fremont.",0.98
REL_AC8529A2416C0CB6,DOC018,document_mentions_location,Missouri,DOC018,DOC018_CHUNK_0004,Web,"Jaw bands were used to tag 9,568 paddlefish in the Mississippi and Missouri rivers and Missouri’s three large reservoirs (Lake of the Ozarks, Harry S.",0.98
REL_FAAECE8B6BD1E523,DOC018,document_mentions_location,United States,DOC018,DOC018_CHUNK_0004,Web,"Partners at the University of Missouri, U.S.",0.98
REL_7738944767C10657,DOC018,document_mentions_location,Kansas,DOC018,DOC018_CHUNK_0005,Web,"Kansas City Green Career Corps In FY22, MDC entered into an agreement with Heartland Conservation Alliance (HCA) to pilot a green career corps in Kansas City.",0.98
REL_E9B043C12E8FA019,DOC018,document_mentions_location,Missouri,DOC018,DOC018_CHUNK_0005,Web,"birds, evidence of breeding in nuthatches fledged last year in Missouri.",0.98
REL_1B50F5BFBEF66B20,DOC018,document_mentions_location,Kansas,DOC018,DOC018_CHUNK_0006,Web,"Kansas City Green Career Corps In FY22, MDC entered into an agreement with Heartland Conservation Alliance (HCA) to pilot a green career corps in Kansas City.",0.98
REL_7F08EE9AB7E5D1A0,DOC018,document_mentions_location,Missouri,DOC018,DOC018_CHUNK_0006,Web,The Missouri Forestkeepers Network Celebrate 25 Years The Missouri Forestkeepers Network celebrated its 25th anniversary in FY22.,0.98
REL_783F02B1BB36C1AC,DOC018,document_mentions_location,United States,DOC018,DOC018_CHUNK_0006,Web,"An opening plenary session featured keynote speaker Martha Williams, U.S.",0.98
REL_0080D47456468E91,DOC018,document_mentions_location,Missouri,DOC018,DOC018_CHUNK_0007,Web,Missouri Master Naturalist Program Master Naturalist volunteers made considerable additions to citizen science efforts in FY22 with members of all chapters contributing data to various surveys.,0.98
REL_E782CA19B6320672,DOC018,document_mentions_species,bald eagle,DOC018,DOC018_CHUNK_0007,Web,Members of the Hi Lonesome Chapter also made a significant contribution to bird conservation efforts by monitoring 36 bald eagle nests.,0.98
REL_E6F33365A4341D38,DOC018,document_mentions_location,Missouri,DOC018,DOC018_CHUNK_0008,Web,"Missouri Bumblebee ATLAS Since 2020, the Missouri Bumblebee ATLAS survey has been conducted by more than 130 volunteers to determine bumblebee species distribution in Missouri.",0.98
REL_B67D00D6E91E440E,DOC018,document_mentions_location,Missouri,DOC018,DOC018_CHUNK_0009,Web,"THIS CONTENT IS ARCHIVED Image Credit David Stonner Right to Use Photo by David Stonner, courtesy Missouri Department of Conservation 1/26 Image Credit Jim Rathert Right to Use Photo by Jim Rathert, courtesy Missouri Department of Conservation 2/26 Image Credit Jim Rathert Right to Use Photo by Jim Rathert, courtesy Missouri Department of Conservation 3/26 Image Caption Indiana myotises hibernate through the winter…",0.98
REL_60F4EE0DDF69668C,DOC019,document_mentions_location,Kansas,DOC019,DOC019_CHUNK_0001,1-5,"Porath 10/4/2018 Wildlife Division Chief Date 2019 Schell-Osage Conservation Area Management Plan  Page 2 Schell-Osage Conservation Area Management Plan Approval Page PLANNING TEAM Derick Childers, Conservation Agent Josh Cussimanio, Private Land Conservationist Chris Daniel, Wildlife Management Biologist Scott Hollabaugh, Resource Forester Mark Miller, Education Consultant Frank Nelson, Wetland Ecologist Mark Nels…",0.98
REL_CFD5177627ECC9E6,DOC019,document_mentions_location,United States,DOC019,DOC019_CHUNK_0001,1-5,Truman Reservoir flowage easement held by the U.S.,0.98
REL_C7EC212F03FA3AAA,DOC019,document_mentions_location,Missouri,DOC019,DOC019_CHUNK_0002,4-6,"Clair County, MO waterline easement • Southwestern Bell Telephone telephone line easement • State of Missouri Highway Commission right of way easement • Federal mineral right (access by U.S.) D.",0.98
REL_4DF824C03EE537D7,DOC019,document_mentions_location,United States,DOC019,DOC019_CHUNK_0002,4-6,Truman Reservoir flowage easement held by the U.S.,0.98
REL_1ECF1F9339B4D7EA,DOC019,document_mentions_location,Missouri,DOC019,DOC019_CHUNK_0003,6-8,"Strategy 1: Conduct inventories on bottomland compartments, as well as upland forest/woodland compartments, according to the inventory schedule to develop prescriptions for ecological and silvicultural treatments. (Forestry) Strategy 2: Monitor for invasive plants, insects, and diseases, and take action to suppress or eradicate as appropriate. (Forestry) Strategy 3: Monitor decline, note elevations, and determine if…",0.98
REL_1D1B7AFE64578C9A,DOC019,document_mentions_location,Missouri,DOC019,DOC019_CHUNK_0004,8-11,2) Missouri species of conservation concern have been documented nearby in the Osage River in recent decades.,0.98
REL_04456B83FDE41CC4,DOC019,document_mentions_species,zebra mussel,DOC019,DOC019_CHUNK_0004,8-11,Zebra mussels have been detected on the area.,0.98
REL_AEDDA2924C49D341,DOC019,document_mentions_location,Missouri,DOC019,DOC019_CHUNK_0005,10-13,Hunters at the area consist of about 75 percent Missouri residents and 25 percent non-residents.,0.98
REL_B7D40C911D6CBF00,DOC019,document_mentions_location,Missouri,DOC019,DOC019_CHUNK_0006,13-15,Hunters at the area consist of about 75 percent Missouri residents and 25 percent non-residents.,0.98
REL_A4C5C6D8F3D03418,DOC019,document_mentions_location,Missouri,DOC019,DOC019_CHUNK_0008,17-24,References: Missouri Department of Conservation. (2009).,0.98
REL_B0C84E6FD68E0C75,DOC019,document_mentions_location,Arkansas,DOC019,DOC019_CHUNK_0010,25-26,The pressure on an already overcrowded Otter Slough will increase and force those hunting public lands to seek opportunities along and north of the Missouri river or in Arkansas.,0.98
REL_219C712BEEADB27E,DOC019,document_mentions_location,Missouri,DOC019,DOC019_CHUNK_0010,25-26,The pressure on an already overcrowded Otter Slough will increase and force those hunting public lands to seek opportunities along and north of the Missouri river or in Arkansas.,0.98
REL_173D4A9FF4B14C52,DOC020,document_mentions_location,Missouri,DOC020,DOC020_CHUNK_0001,Web,Join host Jill Pritchard from the Missouri Department of Conservation as she explores everything nature has to offer.,0.98
REL_54D33410DAB5A323,DOC021,document_mentions_location,Canada,DOC021,DOC021_CHUNK_0001,Web,"Learn more about the vital role that Ducks Unlimited volunteers, partners and fundraising events play in funding our work.​ Learn More Where We Work Ducks Unlimited has projects in all 50 states, Canada and Mexico.",0.98
REL_860265550421CA39,DOC021,document_mentions_location,North America,DOC021,DOC021_CHUNK_0001,Web,"Ducks Unlimited Conservation Waterfowl, Wildlife and People Need Wetlands Ducks Unlimited has conserved more than 20 million acres of wetlands and other waterfowl habitats across North America​ Why Wetlands Matter More than half of North America's wetlands have been lost or degraded - Ducks Unlimited and our partners are working to reverse that trend.",0.98
REL_5D06D155E31290D2,DOC021,document_mentions_location,North America,DOC021,DOC021_CHUNK_0002,Web,"What's New Newsroom Award recognizes Waldrop’s natural resources conservation accomplishments Read Article The funds will support the conservation of North America’s Prairie region Read Article How Ducks Unlimited delivered a record 1 million acres of conservation in the past year Read Article The second annual event brought together duck hunters, outdoor enthusiasts, conservationists, families, exhibitors, and indu…",0.98
REL_9A4B73CB75F24032,DOC021,document_mentions_location,United States,DOC021,DOC021_CHUNK_0002,Web,"The need is urgent: more than 50% of historical wetland area across the United States has been drained, degraded, or converted to alternative uses.",0.98
REL_811CF92B8AD4CDC0,DOC022,document_mentions_location,United States,DOC022,DOC022_CHUNK_0001,Web,The U.S.,0.98
REL_F0B322DD5696F023,DOC023,document_mentions_location,United States,DOC023,DOC023_CHUNK_0001,Web,Connectivity of Streams and Wetlands to Downstream Waters: A Review and Synthesis of the Scientific Evidence (PDF) (2015) Monitoring and Assessment Status and Trends of Wetlands in the U.S.,0.98
REL_2DAC985B7E5AAAAB,DOC024,document_mentions_location,United States,DOC024,DOC024_CHUNK_0001,Web,Read more USGS scientists find new relationships between elevation change and wetland loss in Mississippi River Delta Study shows elevation gain can be a sign of wetland loss Read more Citizen Scientist Helps USGS Confirm Unique Population of Threatened Turtle Read more Amphibians have one more thing to worry about - mercury - large USGS study shows WARC scientists co-author recent publication assessing the presence…,0.98
REL_11F6C6E213530D3B,DOC025,document_mentions_location,Missouri,DOC025,DOC025_CHUNK_0001,Web,"In Missouri, riverine wetlands occur mainly in the lowlands and floodplains of the Bootheel, along the Missouri and Mississippi rivers, and in northern and western Missouri, especially in the region where the Grand, Chariton, Thompson, and Missouri rivers meet.",0.98
REL_C90A502D405AA5BB,DOC025,document_mentions_location,Missouri,DOC025,DOC025_CHUNK_0002,Web,"In Missouri, fens support plants and animals that usually are only found far north of our state — remnants of the last glacier’s retreat.",0.98
REL_341422E1438D4DBE,DOC025,document_mentions_location,Iowa,DOC025,DOC025_CHUNK_0003,Web,"In Missouri, it only occurs in a few northwestern counties along the Iowa border.",0.98
REL_35B0C874156F8864,DOC025,document_mentions_location,Missouri,DOC025,DOC025_CHUNK_0003,Web,"Media Species Types Willows Scientific Name Salix spp. (about 12 species in Missouri) Description Exotic willows are available at lawn and garden centers, but there are several willow species that are native to Missouri.",0.98
REL_B5EA81A3F96734CA,DOC025,document_mentions_location,North America,DOC025,DOC025_CHUNK_0003,Web,"Media Species Types Midges Scientific Name Nearly 1,100 species in North America Description Midges are dainty flies that resemble mosquitoes.",0.98
REL_B62F25AF85BB8FD4,DOC025,document_mentions_location,Iowa,DOC025,DOC025_CHUNK_0004,Web,"In Missouri, it only occurs in a few northwestern counties along the Iowa border.",0.98
REL_1EA4CD2CAF95D4F4,DOC025,document_mentions_location,Missouri,DOC025,DOC025_CHUNK_0004,Web,"In Missouri, it only occurs in a few northwestern counties along the Iowa border.",0.98
REL_63D294C77F3F9743,DOC025,document_mentions_location,North America,DOC025,DOC025_CHUNK_0004,Web,"Media Species Types North American Snapping Turtle Scientific Name Chelydra serpentina Description A large aquatic turtle with a big pointed head, long thick tail, and small lower shell, the North American snapping turtle is common throughout the state, anywhere there is permanent water.",0.98
REL_A92C23CA8358BC9E,DOC025,document_mentions_location,Canada,DOC025,DOC025_CHUNK_0005,Web,"Media Species Types Canada Goose Scientific Name Branta canadensis Description Canada geese are recognizable by their brownish bodies, black necks and heads, and a distinctive broad white patch that runs beneath their heads from ear to ear.",0.98
REL_CFE4E23221106014,DOC025,document_mentions_location,Missouri,DOC025,DOC025_CHUNK_0005,Web,A common summer resident in Missouri’s marshes and other wet areas.,0.98
REL_9359E26AE3BF7F23,DOC025,document_mentions_location,United States,DOC025,DOC025_CHUNK_0005,Web,They were brought to the United States for the fur market.,0.98
REL_D1E36C88DBAB3175,DOC025,document_mentions_species,Canada goose,DOC025,DOC025_CHUNK_0005,Web,"Media Species Types Canada Goose Scientific Name Branta canadensis Description Canada geese are recognizable by their brownish bodies, black necks and heads, and a distinctive broad white patch that runs beneath their heads from ear to ear.",0.98
REL_2B142AF327AC5AAB,DOC025,document_mentions_species,wood duck,DOC025,DOC025_CHUNK_0005,Web,Media Species Types Wood Duck Scientific Name Aix sponsa Description The wood duck is one of the world's most beautiful waterfowl.,0.98
REL_1F886B7C4275156F,DOC026,document_mentions_location,United States,DOC026,DOC026_CHUNK_0001,Web,More About What We Do Latest Stories and Topics Stories Science and Technology Nebraska community college works with the U.S.,0.98
REL_E2664414CF3FBB54,DOC026,document_mentions_location,Canada,DOC026,DOC026_CHUNK_0002,Web,"It takes several days to pack and ensure that you have all the clothing, equipment, and emergency supplies needed for a month in a very remote region of Northern Canada.",0.98
REL_A221D343FC54BD57,DOC026,document_mentions_location,North America,DOC026,DOC026_CHUNK_0002,Web,North American Wetlands Conservation Act (NAWCA) U.S.,0.98
REL_667A0E188C8FE1A2,DOC026,document_mentions_location,United States,DOC026,DOC026_CHUNK_0002,Web,"Neotropical Migratory Bird Conservation Act (NMBCA) Grants The Neotropical Migratory Bird Conservation Act (NMBCA) Grant Program funds projects promoting the conservation of neotropical migratory birds in the United States, Canada, Latin America and the Caribbean.",0.98
REL_9F98812D3419985B,DOC026,document_mentions_location,North America,DOC026,DOC026_CHUNK_0003,Web,"Fish & Wildlife Service is working with governments, conservation organizations, industry, and the public to reduce threats across the North American landscape to preserve our birds for...",0.98
REL_DA4AFF0684D0E576,DOC026,document_mentions_location,United States,DOC026,DOC026_CHUNK_0003,Web,The U.S.,0.98
REL_3219C0D99D22AC11,DOC026,document_mentions_species,bald eagle,DOC026,DOC026_CHUNK_0003,Web,"Library Collection 11 Items Eagle Management Library Information about bald eagle and golden eagle biology, behaviors, and populations.",0.98
REL_8EEE075F9B0DF8E4,DOC028,document_mentions_location,United States,DOC028,DOC028_CHUNK_0001,Web,National Wetlands Inventory The U.S.,0.98
REL_6ECCBA181FD9BE9A,DOC029,document_mentions_location,Great Lakes,DOC029,DOC029_CHUNK_0001,Web,"Upcoming Events Documentary Screening of ""The Hidden Gulf"" at Gulf County Public Library Oct 20, 2026 Southeast More Events Open Funding Opportunities NOAA Great Lakes Fish Habitat Restoration Partnership Grants New England/Mid-Atlantic New England/Mid-Atlantic More Opportunities FACT $23 billion in coastal protection services provided by wetlands Wetlands absorb floodwaters by acting as a natural sponge.",0.98
REL_2118E2F0ED4DF853,DOC029,document_mentions_location,Gulf of Mexico,DOC029,DOC029_CHUNK_0001,Web,"FACT 134 million gallons of oil leaked into the Gulf of America during the Deepwater Horizon oil spill On April 20, 2010 the Deepwater Horizon drilling platform exploded in the Gulf of America (formerly Gulf of Mexico), starting a catastrophic oil leak from the well.",0.98
REL_6FC863B9C5708117,DOC029,document_mentions_location,United States,DOC029,DOC029_CHUNK_0001,Web,"By the time it was capped 3 months later, approximately 134 million gallons of oil had spilled into the Gulf—the largest offshore oil spill in U.S. history.",0.98
REL_B73D560A5F2161DC,DOC029,document_mentions_location,Great Lakes,DOC029,DOC029_CHUNK_0002,Web,Key areas of our work include: Restoring habitat under the Infrastructure Investment and Jobs Act Restoring habitat strategically Recovering habitats after disasters Helping migrating fish reach their habitat Restoring the Great Lakes Restoring the Gulf of America (formerly Gulf of Mexico) after the Deepwater Horizon oil spill Conducting large-scale wetland restoration in Louisiana Engaging veterans and conservation…,0.98
REL_E2989B7EF9EE0EB2,DOC029,document_mentions_location,Gulf of Mexico,DOC029,DOC029_CHUNK_0002,Web,Key areas of our work include: Restoring habitat under the Infrastructure Investment and Jobs Act Restoring habitat strategically Recovering habitats after disasters Helping migrating fish reach their habitat Restoring the Great Lakes Restoring the Gulf of America (formerly Gulf of Mexico) after the Deepwater Horizon oil spill Conducting large-scale wetland restoration in Louisiana Engaging veterans and conservation…,0.98
REL_43648664AC4B3D7E,DOC029,document_mentions_location,Louisiana,DOC029,DOC029_CHUNK_0002,Web,Credit: Molly Feltner/NOAA Video Video: Rebuilding an Olympic Peninsula River for Blueback Sockeye Salmon West Coast Story Map StoryMap: Explore Mesophotic and Deep Benthic Communities Expeditions in the Gulf of America Southeast How We Restore Image Wetland restoration in Louisiana’s Barataria Basin.,0.98
REL_30F7BF75930CB847,DOC029,document_mentions_location,Chesapeake Bay,DOC029,DOC029_CHUNK_0003,Web,"Alaska Northeast/Mid-Atlantic Chesapeake Bay​​​​​ Pacific Islands Southeast West Coast National Fish Habitat Partnership Image The National Fish Habitat Partnership is a nationwide, partnership-based approach to provide the groundwork to conserve habitats vital to coastal and marine fisheries and increase existing fish habitat conservation efforts.",0.98
REL_D98BC5687BA98B77,DOC029,document_mentions_location,United States,DOC029,DOC029_CHUNK_0003,Web,"Also called bays, sloughs, and sounds, these unique habitats are home to most of the fish and shellfish eaten in the United States at some point in their lives.",0.98
REL_00F107DE0649DA49,DOC029,document_mentions_location,Chesapeake Bay,DOC029,DOC029_CHUNK_0004,Web,"It’s also home to our nation’s largest estuary, the Chesapeake Bay, which was designated a national treasure.",0.98
REL_5158A2A6E5019253,DOC029,document_mentions_location,United States,DOC029,DOC029_CHUNK_0004,Web,"Alaska Alaska has more ocean coastline than all of the other U.S. states combined, and is home to some of the most productive and valuable fisheries in the world.",0.98
REL_253A5FFF447B40C0,DOC029,document_mentions_location,United States,DOC029,DOC029_CHUNK_0005,Web,"Habitat Assessment Improvement Plan (May 2010) (PDF, 129 pages) Update to the Marine Fisheries Habitat Assessment Improvement Plan (April 2018) (PDF, 37 pages) Habitat Science Supports Fisheries U.S. fisheries generate more than $200 billion in sales impacts every year.",0.98
REL_629D0038320A9F76,DOC029,document_mentions_location,Gulf of Mexico,DOC029,DOC029_CHUNK_0006,Web,"We provide science to help manage 77 stocks in a wide variety of habitats throughout three large marine ecosystems: the Southeast Shelf, Gulf of America (formerly Gulf of Mexico), and Caribbean Sea.",0.98
REL_4772F97BDCEE2696,DOC029,document_mentions_location,Canada,DOC029,DOC029_CHUNK_0007,Web,Outreach & Education Outreach Materials 2024 Joint Canada-USA International Seamount Survey Research Brief for 2024 Joint Canada-USA International Seamount Survey Alaska Outreach Materials 2024 Gulf of Alaska Coral Settlement Plate Recovery and Deployment Research Brief for 2024 Gulf of Alaska Coral Settlement Plate Recovery and Deployment Alaska Outreach Materials 2024 Alaska Marine Mammal Field Work Flyer The Alas…,0.98
REL_C3EAB3B873F9F46D,DOC029,document_mentions_location,Gulf of Mexico,DOC029,DOC029_CHUNK_0007,Web,"New England/Mid-Atlantic Peer-Reviewed Research Critically Endangered Rice’s Whales (Balaenoptera ricei) Selectively Feed on High-quality Prey in the Gulf of Mexico Results from this study indicate that Rice’s whales are selective predators consuming schooling… Southeast More Research Habitat Conservation Documents, Science, and Education Resources Find documents, data, maps, research, and outreach and education res…",0.98
REL_738C5180537DB9C2,DOC029,document_mentions_location,United States,DOC029,DOC029_CHUNK_0007,Web,"Habitat Conservation Documents, Science, and Education Resources Find documents, data, maps, research, and outreach and education resources on habitat conservation in the United States.",0.98
REL_03AFEFF3DDEF5EB7,DOC032,document_mentions_location,North America,DOC032,DOC032_CHUNK_0004,8-10,"10 Fallout from Chinese nuclear tests at Lop Nur has been found in Kazakhstan; fallout from Soviet tests in Russia and Kazakhstan has spread to North America and Scandinavia.11 In French Polynesia, a single nuclear test in 1974 exposed the entire population of Tahiti to radioactive fallout.12 There is also a risk of future harm.",0.98
REL_E988A7223A28B0D9,DOC032,document_mentions_location,United States,DOC032,DOC032_CHUNK_0012,14-15,"In the United States, the states with the highest levels of contaminated soil from testing—Nevada, Utah, Colorado, Wyoming, New Mexico, and Arizona—are not the states with the highest incidence of thyroid cancer from exposure to radioactive iodine (a by-product of the nuclear testing).",0.98
REL_11324D5F3C3C3F9D,DOC032,document_mentions_location,United States,DOC032,DOC032_CHUNK_0026,23-24,"195 For its affected sites in Nevada, the United States uses site characterization to guide its method and timeline for environmental remediation.196 IAEA and OECD NEA both offer standards for detailed record keeping.",0.98
REL_0DC2AE8F15B39C73,DOC032,document_mentions_location,United States,DOC032,DOC032_CHUNK_0027,24-25,"200 For example, indigenous populations in Australia, the Pacific, and the United States have borne a disproportionate burden from nuclear weapons testing.",0.98
REL_79693514FECAE280,DOC032,document_mentions_location,Canada,DOC032,DOC032_CHUNK_0036,30,"2-4. has been adopted in Canada, France, and the United Kingdom.271 The NEA recommendations also suggest engaging with local stakeholders in drafting waste management strategies.",0.98
REL_4F08564E0F410775,DOC032,document_mentions_location,United States,DOC032,DOC032_CHUNK_0046,37,372 There is precedent for such wide inclusion from the cleanup of the Hanford nuclear production site in the United States.,0.98
REL_D960E0A31C3165C7,DOC033,document_mentions_location,United States,DOC033,DOC033_CHUNK_0001,1-4,EARTHWORKS is a non-profit organization dedicated to protecting communities and the environment from the destructive impacts of mineral development in the U.S. and worldwide.,0.98
REL_FBE8C9038AD22100,DOC033,document_mentions_location,Canada,DOC033,DOC033_CHUNK_0002,4-5,"He has extensive experience in the gold and copper mining industries and has worked in the U.S., Canada, Latin America and former USSR.",0.98
REL_E2365AB384A46F2F,DOC033,document_mentions_location,United States,DOC033,DOC033_CHUNK_0002,4-5,"He has extensive experience in the gold and copper mining industries and has worked in the U.S., Canada, Latin America and former USSR.",0.98
REL_DCA438A0C504AB4B,DOC033,document_mentions_location,Florida,DOC033,DOC033_CHUNK_0004,8-10,"FLORIDA CANYON, NEVADA ......................................................................................",0.98
REL_4DDCB766BB287200,DOC033,document_mentions_location,United States,DOC033,DOC033_CHUNK_0005,9-11,General Information for Major Hardrock Metals Mines in U.S.,0.98
REL_32352F4F2257C914,DOC033,document_mentions_location,Florida,DOC033,DOC033_CHUNK_0006,11-13,"Florida Canyon, NV, Potential, Predicted and Actual Impacts ...............................................................",0.98
REL_F0D4E7AF34D93A66,DOC033,document_mentions_location,United States,DOC033,DOC033_CHUNK_0007,13-16,"Res ponse, Compensation, and Liability Act CFR Code of Federal Regulations Cl Chloride CN Cyanide COE Army Corp of Engineers Cr Chromium Cu Copper DI Deionized Water DL-SX Dump Leach Solvent Extraction EA Environmental Assessment EA/EIR Environmental Assessment /Environmental Impact Report ECHO EPA’s Enforcement History and Online Database EECA Engineering Evaluation /Cost Analysis EIR Environmental Impact Report EI…",0.98
REL_5AA5A7D11A304392,DOC033,document_mentions_location,United States,DOC033,DOC033_CHUNK_0008,16-17,The primary subject of this report is the effectiveness of water quality predictions and mitigation that were applied over the past 30 years as a part of the EIS process at hardrock mines in the United States.,0.98
REL_210D157369A745B7,DOC033,document_mentions_location,United States,DOC033,DOC033_CHUNK_0009,17-18,"Disturbance of wetlands triggered NEPA analysis at five (4%) of the mines, requiring a 404 wetlands permits from the Corp of Engineers (COE); a discharge into a water of the United States was the only NEPA trigger at three (2%) mines; and NEPA analysis was triggered at two (1%) mines because they were located on Indian Lands.",0.98
REL_FB143EE8D784EA53,DOC033,document_mentions_location,Florida,DOC033,DOC033_CHUNK_0010,18-20,Case Study Mines Mine State Mine State Greens Creek AK Golden Sunlight MT Bagdad AZ Mineral Hill MT Ray AZ Stillwater MT American Girl CA Zortman and Landusky MT Castle Mountain CA Florida Canyon NV Jamestown CA Jerritt Canyon NV McLaughlin CA Lone Tree NV Mesquite CA Rochester NV Royal Mountain King CA Round Mountain NV Grouse Creek ID Ruby Hill NV Thompson Creek ID Twin Creeks NV Beal Mountain MT Flambeau WI Black…,0.98
REL_E8091FCF1BEBBA36,DOC033,document_mentions_location,United States,DOC033,DOC033_CHUNK_0011,20-22,"Considering the additional limitation of having readily accessible operational water quality information, the case study mines reflect well the distribution of general categories and water quality-related elements that are present in the larger subsets of hard rock mines in the United States.",0.98
REL_504C199F6319A21E,DOC033,document_mentions_location,United States,DOC033,DOC033_CHUNK_0012,22-23,"Considering the additional limitation of having readily accessible operational water quality information, the case study mines reflect well the distribution of general categories and water quality-related elements that are present in the larger subsets of hard rock mines in the United States.",0.98
REL_8DBA0C31E7F501D9,DOC033,document_mentions_location,Florida,DOC033,DOC033_CHUNK_0016,28-30,"Water Quality Predictions Failure Modes, Root Causes and Examples from Case Study Mines Failure Mode Root Cause Examples Lack of hydrologic characterization Royal Mountain King, CA; Black Pine, MT Dilution overestimated Greens Creek, AK; Jerritt Canyon, NV Amount of discharge underestimated Mineral Hill, MT Hydrologic Characterization Size of storms underestimated Zortman and Landusky, MT Lack of adequate geochemica…",0.98
REL_9AD02B9EB5C95D06,DOC033,document_mentions_location,United States,DOC033,DOC033_CHUNK_0017,30-32,"INTRODUCTION When a mine is permitted in the United States, the project proponent (i.e., mining company) must ensure the regulatory agency or agencies that groundwater and surface water quality will not be adversely affected by the proposed mining operations.",0.98
REL_A84ACDAD9A1878CC,DOC033,document_mentions_location,United States,DOC033,DOC033_CHUNK_0018,32-33,"The first report, titled Predicting Water Quality at Hardrock Mines: Methods and Models, Uncertainties, and State-of-the-Art (Maest et al., 2005) provides an overview and critique of the mine characterization and modeling techniques that are being used for prediction of water quality at mines in the U.S. and internationally.",0.98
REL_5CA501842A688F4A,DOC033,document_mentions_location,United States,DOC033,DOC033_CHUNK_0020,34-36,U.S.,0.98
REL_1C1F4A4F4FB0B33E,DOC033,document_mentions_location,United States,DOC033,DOC033_CHUNK_0021,35-37,"Under NEPA, hardrock mines in the United States on federal land are required to estimate impacts to the environment, including direct impacts to water quality and indirect impacts that are later in time but still reasonably foreseeable (Kempton and Atkins, 2000; Bolen, 2002).",0.98
REL_45C5729DDCAB9FBB,DOC033,document_mentions_location,United States,DOC033,DOC033_CHUNK_0022,36-39,"IDENTIFICATION OF MAJOR MINES SUBJECT TO NEPA This section identifies the major hardrock mines in the United States and describes their location, commodity, extraction and processing methods (e.g., underground, open pit), operational status (e.g., operating, closed), extent of physical disturbance, financial assurance amounts, water discharge information under the Clean Water Act, and whether they are subject to the…",0.98
REL_68159901C4DEA7AD,DOC033,document_mentions_location,Illinois,DOC033,DOC033_CHUNK_0023,39-40,"Operating from 1975 to Present Name State Commodity Status NEPA or State Equivalent Eligibility Federal Agency and/or State NEPA Documents Obtained AJ Project AK Au Withdrawn Yes EPA Yes Fort Knox AK Au Operating Yes COE Yes Greens Creek AK Au, Ag, Pb, Zn Operating Yes FS Yes Illinois Creek AK Au, Ag Operating Kensington Project AK Au In construction Yes FS Yes Pogo Project AK Au Operating Yes COE, EPA Yes Red Dog A…",0.98
REL_A51A0B8CD9F0D6DD,DOC033,document_mentions_location,United States,DOC033,DOC033_CHUNK_0023,39-40,The U.S.,0.98
REL_85EF7E3EEF58A905,DOC033,document_mentions_location,United States,DOC033,DOC033_CHUNK_0024,40-42,General Information for Major Hardrock Metals Mines in U.S.,0.98
REL_1E1AE1F23CD47D43,DOC033,document_mentions_location,Florida,DOC033,DOC033_CHUNK_0025,42-44,"Au, Ag Closed Yes BLM Candelaria NV Au, Ag Closed Yes BLM Carlin Mine/Mill # 1 NV Au, Ag Operating Yes BLM Casino/Winrock NV Au, Ag Closed Yes BLM Rochester NV Au, Ag Operating Yes BLM Yes Copper Leach Project (Equitorial Tonopah) NV Cu Closed Yes BLM Cortez NV Au, Ag Operating Yes BLM Yes Cortez Pipeline (South Pipeline) NV Au, Ag Operating Yes BLM Yes County Line NV Au, Ag Closed Yes BLM Crescent Pit NV Au, Ag Ope…",0.98
REL_F0B5A21B72B1EA5B,DOC033,document_mentions_location,United States,DOC033,DOC033_CHUNK_0025,42-44,General Information for Major Hardrock Metals Mines in U.S.,0.98
REL_79BBD3AA74321C03,DOC033,document_mentions_location,Missouri,DOC033,DOC033_CHUNK_0026,44-46,"However, some mining was still being conducted in Missouri and Tennessee in 1975, but production at these mines since 1975 has been less than the production criteria identified for major mines included in this study.",0.98
REL_59B0871775F431AF,DOC033,document_mentions_location,United States,DOC033,DOC033_CHUNK_0026,44-46,The gross statistical data for the major hardrock metals mines in the U.S. was compiled and is summarized and discussed in the following sections.,0.98
REL_EAE39E60244B94C1,DOC033,document_mentions_location,United States,DOC033,DOC033_CHUNK_0027,46-47,"NPDES INFORMATION As authorized by the Clean Water Act, the National Pollutant Discharge Elimination System (NPDES) permit program controls water pollution by regulating point sources that discharge pollutants into waters of the United States.",0.98
REL_403D84A979BE1D90,DOC033,document_mentions_location,United States,DOC033,DOC033_CHUNK_0028,47-48,Statistical information for the major hardrock mines subject to NEPA in the U.S. was compiled and is summarized and discussed in the following sections with more detailed information by state and federal agency available in Appendix A.,0.98
REL_ECACB9B7AEDDBAB1,DOC033,document_mentions_location,United States,DOC033,DOC033_CHUNK_0030,50-52,The general statistical data for the major hardrock metals mines subject to NEPA reviewed in the U.S. are summarized and discussed in the following sections.,0.98
REL_4AC664131964AD7B,DOC033,document_mentions_location,United States,DOC033,DOC033_CHUNK_0031,51-53,"The hardrock mines in the United States are spread over 14 states, most of them in the western United States.",0.98
REL_CEADD6944CEB6D3B,DOC033,document_mentions_location,United States,DOC033,DOC033_CHUNK_0032,53-54,These differences will favor examination of the more modern mines in the United States.,0.98
REL_1173493C71E8FB12,DOC033,document_mentions_location,Arkansas,DOC033,DOC033_CHUNK_0036,59-61,"Isa and Broken Hill, Australia Black shale and chert-bearing host rocks Mississippi-Valley-Type (MVT) deposits Old Lead Belt, Viburnum Trend in Missouri, Tri-State (Missouri, Kansas, and Oklahoma), Northern Arkansas, Upper Mississippi (Wisconsin), and Central Tennessee districts Dolostones, limestones, sandstones in sedimentary basins Magmatic sulfide deposits Sudbury Complex, Ontario; Duluth Complex, Minnesota; Sti…",0.98
REL_F4465D2F42B2A8EC,DOC033,document_mentions_location,Florida,DOC033,DOC033_CHUNK_0036,59-61,"In addition, skarn deposits (which are not listed in Table 5.1), such as at the Battle Mountain Complex in Nevada and certain kinds of volcanic tuffs, such as at the Florida Canyon Mine in Nevada, can also provide moderate to high neutralizing ability.",0.98
REL_66E56D63D1D1C3E7,DOC033,document_mentions_location,Kansas,DOC033,DOC033_CHUNK_0036,59-61,"Isa and Broken Hill, Australia Black shale and chert-bearing host rocks Mississippi-Valley-Type (MVT) deposits Old Lead Belt, Viburnum Trend in Missouri, Tri-State (Missouri, Kansas, and Oklahoma), Northern Arkansas, Upper Mississippi (Wisconsin), and Central Tennessee districts Dolostones, limestones, sandstones in sedimentary basins Magmatic sulfide deposits Sudbury Complex, Ontario; Duluth Complex, Minnesota; Sti…",0.98
REL_5F159B5783BC2EE1,DOC033,document_mentions_location,Missouri,DOC033,DOC033_CHUNK_0036,59-61,"Isa and Broken Hill, Australia Black shale and chert-bearing host rocks Mississippi-Valley-Type (MVT) deposits Old Lead Belt, Viburnum Trend in Missouri, Tri-State (Missouri, Kansas, and Oklahoma), Northern Arkansas, Upper Mississippi (Wisconsin), and Central Tennessee districts Dolostones, limestones, sandstones in sedimentary basins Magmatic sulfide deposits Sudbury Complex, Ontario; Duluth Complex, Minnesota; Sti…",0.98
REL_4D445D33A86432A2,DOC033,document_mentions_location,Florida,DOC033,DOC033_CHUNK_0037,60-62,Mineral/Ore Associations Fort Knox AK Cortez Pipeline NV Kensington Project AK AJ Project AK Bagdad AZ Montana Tunnels MT Pogo Project AK Dash NV Sanchez AZ Greens Creek AK Safford (Dos Pobres) AZ Golden Sunlight MT True North AK Griffon NV Yarnell AZ Red Dog AK Hayden Hill CA Cyprus Tohono AZ Jerritt Canyon NV American Girl CA Carlotta AZ Beartrack ID Morenci AZ Marigold NV Imperial CA Black Pine ID Grouse Creek ID…,0.98
REL_B85401C6A9E9F358,DOC033,document_mentions_location,Florida,DOC033,DOC033_CHUNK_0039,64-66,Comparison of Predicted and Actual Water Quality at Hardrock Mines WATER QUALITY PREDICTIONS INFORMATION 34 Dry/Arid Low and Middle Latitude Deserts Dry/Semi-Arid Middle Latitude Climates Humid Tropical Marine West Coast Boreal Forest Continental Sub Arctic Bagdad AZ Austin Gold Venture NV Royal Mountain King CA AJ Project AK East Boulder MT Gilt Edge SD Fort Knox AK Carlotta AZ Bald Mountain NV Jamestown CA Greens…,0.98
REL_FC6177DABE0B7BB2,DOC033,document_mentions_location,United States,DOC033,DOC033_CHUNK_0039,64-66,"Boreal Forest (D,s,a) Although some ecologists or foresters do not consider any forests in the United States to be “boreal,” the Köppen classification recognizes this as a region in the United States.",0.98
REL_9F324F37C921E889,DOC033,document_mentions_location,Florida,DOC033,DOC033_CHUNK_0040,66-68,Surface Water Proximity 0 1 2 3 No information Intermittent/ ephemeral streams on site - perennial streams >1 mile away Intermittent/ ephemeral streams on site - perennial streams <1 mile away Perennial streams on site Yarnell AZ Bagdad* AZ Tr ue North AK AJ Project AK Imperial CA Cyprus Tohono AZ McLaughlin* CA Fort Knox AK Royal Mountain King* CA Safford (Dos Pobres) AZ Golden Sunlight* MT Greens Creek * AK Diamon…,0.98
REL_FF168B5151A16DE7,DOC033,document_mentions_location,Florida,DOC033,DOC033_CHUNK_0041,67-70,0 1 2 3 No information Depth to groundwater >200 feet Depth to groundwater <200 but >50 feet Depth to groundwater 0 to 50 ft or springs on site with no other info AJ Project AK Ray* AZ Cyprus Tohono AZ Fort Knox AK True North AK Castle Mountain* CA Mesquite* CA Greens Creek* AK Carlotta AZ Montanore MT Black Pine ID Kensington Project AK Imperial CA Bald Mountain NV Mineral Hill* MT Pogo Project AK Royal Mountain Ki…,0.98
REL_9071E7377DAE4064,DOC033,document_mentions_location,United States,DOC033,DOC033_CHUNK_0041,67-70,"The general methods listed included: • whole rock analysis • mineralogy • paste pH • sulfur analysis • static testing • short-term leach testing • kinetic testing • other additional tests A number of the methods have sub-categories; for example, types of short-term leach testing methods include the Nevada Meteoric Water Mobility Procedure (MWMP), U.S.",0.98
REL_5A01AF4CC381A649,DOC033,document_mentions_location,Florida,DOC033,DOC033_CHUNK_0042,70-72,Comparison of Predicted and Actual Water Quality at Hardrock Mines WATER QUALITY PREDICTIONS INFORMATION 40 AJ Project AK True North AK Carlotta AZ Basin Creek MT Safford (Dos Pobres) AZ Fort Knox AK Mineral Hill* MT Greens Creek* AK Red Dog AK Bagdad* AZ Imperial* CA Sanchez AZ Pogo Project AK Kensington Project AK Morenci AZ Cyprus Tohono AZ Jamestown* CA American Girl* CA Mesquite* CA Yarnell AZ Ray* AZ Royal Mou…,0.98
REL_27847E048D65B9CF,DOC033,document_mentions_location,United States,DOC033,DOC033_CHUNK_0042,70-72,"listed included: • whole rock analysis • mineralogy • paste pH • sulfur analysis • static testing • short-term leach testing • kinetic testing • other additional tests A number of the methods have sub-categories; for example, types of short-term leach testing methods include the Nevada Meteoric Water Mobility Procedure (MWMP), U.S.",0.98
REL_8B3ACA84AAA4B395,DOC033,document_mentions_location,Florida,DOC033,DOC033_CHUNK_0046,75-77,Predictive Models Used 0 1 2 3 No predictive models used Water quantity predictive model only Water quality predictive model only Water quality and quantity predictive models used AJ Project AK Sanchez AZ Flambeau* WI Greens Creek * AK Fort Knox AK Yarnell AZ Pogo Project AK Kensington Project AK American Girl* CA Safford (Dos Pobres) AZ Red Dog AK Hayden Hill CA Mesquite* CA True North AK Imperial CA Thompson Creek…,0.98
REL_21EEDB6733E3FD51,DOC033,document_mentions_location,Florida,DOC033,DOC033_CHUNK_0047,77-79,Acid Drainage Potential 0 1 2 3 No information available Low Moderate High AJ Project AK Fort Knox AK Greens Creek* AK Red Dog AK Morenci AZ Kensington Project AK Carlotta AZ Black Pine* MT Ray* AZ Pogo Project AK Hayden Hill CA Golden Sunlight* MT Austin Gold Venture NV True North AK Grouse Creek* ID Zortman and Landusky* MT Rain NV Bagdad* AZ Stone Cabin ID Battle Mountain Phoenix NV Flambeau* WI Cyprus Tohono AZ…,0.98
REL_3D17A318EA6035C9,DOC033,document_mentions_location,Florida,DOC033,DOC033_CHUNK_0048,79-80,"For example, at the Florida Canyon Mine in Nevada, unoxidized sulfide rock was considered to have the potential to generate acid based on static testing.",0.98
REL_54C83EF2D9465D1C,DOC033,document_mentions_location,Florida,DOC033,DOC033_CHUNK_0050,81-82,Contaminant Leaching Potential 0 1 2 3 No information available Low Moderate High AJ Project AK Fort Knox AK Pogo Project AK Kensington Project AK True North AK Greens Creek* AK Carlotta AZ Red Dog AK Bagdad* AZ Safford (Dos Pobres) AZ McLaughlin* CA Beartrack ID Cyprus Tohono AZ Sanchez AZ Black Pine* MT Golden Sunlight* MT Morenci AZ American Girl* CA Mineral Hill* MT Rock Creek MT Ray* AZ Castle Mountain* CA Mont…,0.98
REL_519BC13FB7754B7B,DOC033,document_mentions_location,Florida,DOC033,DOC033_CHUNK_0051,82-84,Groundwater Quality Impact Potential 0 1 2 3 No information available Low Moderate High AJ Project AK Kensington Project AK Greens Creek* AK Pogo Project AK Fort Knox AK Red Dog AK Carlotta AZ McLaughlin* CA True North AK Bagdad* AZ American Girl* CA Golden Sunlight* MT Morenci AZ Cyprus Tohono AZ Hayden Hill CA Florida Canyon* NV Ray* AZ Sanchez AZ Jamestown* CA Round Mountain* NV Safford (Dos Pobres) AZ Castle Mou…,0.98
REL_4BBE8D4BE805C741,DOC033,document_mentions_location,Florida,DOC033,DOC033_CHUNK_0052,84-85,Groundwater Quality Impact Potential 0 1 2 3 No information available Low Moderate High AJ Project AK Kensington Project AK Greens Creek* AK Pogo Project AK Fort Knox AK Red Dog AK Carlotta AZ McLaughlin* CA True North AK Bagdad* AZ American Girl* CA Golden Sunlight* MT Morenci AZ Cyprus Tohono AZ Hayden Hill CA Florida Canyon* NV Ray* AZ Sanchez AZ Jamestown* CA Round Mountain* NV Safford (Dos Pobres) AZ Castle Mou…,0.98
REL_5730D2728F4F623D,DOC033,document_mentions_location,Florida,DOC033,DOC033_CHUNK_0053,85-87,Surface Water Quality Impact Potential 0 1 2 3 No information available Low Moderate High AJ Project AK Kensington Project AK Greens Creek* AK Zortman and Landusky* MT Fort Knox AK Pogo Project AK Carlotta AZ Twin Creeks* NV Red Dog AK Bagdad* AZ Hayden Hill CA True North AK Cyprus Tohono AZ Jamestown* CA Morenci AZ Sanchez AZ McLaughlin* CA Ray* AZ American Girl* CA Mesquite* CA Safford (Dos Pobres) AZ Castle Mount…,0.98
REL_153ABAAD949B2FC5,DOC033,document_mentions_location,Florida,DOC033,DOC033_CHUNK_0056,88-90,Pit Water Quality Impact Potential 0 1 2 3 4 No information available Low Moderate High No pit lake expected to form (pit above water table or no pit) Fort Knox AK Bagdad* AZ Sanchez AZ Safford (Dos Pobres) AZ AJ Project AK Red Dog AK Castle Mountain* CA Jamestown* CA McLaughlin* CA Greens Creek* AK True North AK Imperial CA Mesquite* CA Golden Sunlight* MT Kensington Project AK Carlotta AZ Black Pi ne ID Beartrack…,0.98
REL_A3C02AEDAD1A242C,DOC033,document_mentions_location,Florida,DOC033,DOC033_CHUNK_0058,91-93,Proposed Groundwater Mitigation AJ Project AK Carlotta AZ Kensington Project AK Greens Creek* AK Golden Sunlight* MT Greens Creek* AK Fort Knox AK Morenci AZ Pogo Project AK Kensington Project AK Rock Creek MT Pogo Project AK True North AK Safford AZ Red Dog AK Pogo Project AK Goldstrike NV Grouse Creek* ID Bagdad* AZ Hayden Hill CA Carlotta AZ Red Dog AK Stone Cabin ID Ray* AZ Jamestown* CA Cyprus Tohono AZ Castle…,0.98
REL_2B403D1546811382,DOC033,document_mentions_location,Florida,DOC033,DOC033_CHUNK_0059,93-95,Proposed Surface Water Mitigation AJ Project AK Castle Mountain* CA Greens Creek* AK Kensington AK Greens Creek * AK Rock Creek MT Golden Sunlight* MT Fort Knox AK Hayden Hill CA Kensington Project AK Bagdad* AZ Kensington Project AK Zortman Landusky* MT Goldstrike NV Red Dog AK Jamestown* CA Pogo Project AK Morenci AZ Pogo Project AK True North AK Mesquite* CA Red Dog- AK Sanchez AZ Yarnell AZ Ray* AZ Grouse Creek*…,0.98
REL_0578F86404B9C477,DOC033,document_mentions_location,Florida,DOC033,DOC033_CHUNK_0060,94-96,Proposed Pit Water Mitigation Fort Knox AK Castle Mountain* CA Bagdad* AZ Hayden Hill CA AJ Project AK Pipeline NV True North AK Grouse Creek* ID Carlotta AZ St ibnite ID Greens Creek* AK Goldstrike NV Red Dog AK Goldstrike NV Cyprus Tohono AZ Golden Sunlight* MT Kensington Project AK Morenci AZ Round Mountain* NV Safford (Dos Pobres/San AZ Battle Mountain Phoenix NV Pogo Project AK Ray* AZ Twin Creeks* NV Sanchez A…,0.98
REL_CD9134A940BB85AA,DOC033,document_mentions_location,Florida,DOC033,DOC033_CHUNK_0062,98-100,0 1 2 3 4 5 No information available/No treatment measures identified Solids or sediment settling ponds Water treatment for cyanide Water treatment for metals and/or acid drainage Water treatment using non- conventional approaches Perpetual water treatment Montana Tunnels MT Troy MT Austin Gold Venture NV Bald Mountain NV Cortez NV Dash NV Florida Canyon* NV Gold Quarry NV Griffon NV Jerritt Canyon* NV Leeville NV M…,0.98
REL_83E0D454962883F5,DOC033,document_mentions_location,Florida,DOC033,DOC033_CHUNK_0063,100-102,Predicted Groundwater Quality Impacts 0 1 2 3 No information available Low Moderate High AJ Project AK Fort Knox AK Thompson Creek* ID Pogo Project AK Red Dog AK Greens Creek* AK Tyrone Little Rock NM McLaughlin* CA Ray* AZ Kensington Project AK Cortez Pipeline NV Zortman and Landusky* MT Royal Mountain King* CA True North AK Marigold NV Golden Sunlight* MT East Boulder MT Bagdad* AZ Montana Tunnels MT Carlotta AZ P…,0.98
REL_AA7837E3DCF71F83,DOC033,document_mentions_location,Florida,DOC033,DOC033_CHUNK_0065,103-105,Predicted Surface Water Quality Impacts 0 1 2 3 No information available Low Moderate High True North AK AJ Project AK Pogo Project AK Zortman and Landusky* MT Ray* AZ Fort Knox AK McLaughlin* CA Royal Mountain King* CA Greens Creek * AK Beartrack ID Diamond Hill MT Kensington Project AK Thompson Creek* ID Montana Tunnels MT Red Dog AK Tyrone Little Rock NM Dash NV Bagdad* AZ Marigold NV Carlotta AZ Olinghouse NV Cy…,0.98
REL_3CAFCBB475C85F14,DOC033,document_mentions_location,Florida,DOC033,DOC033_CHUNK_0067,106-108,Comparison of Predicted and Actual Water Quality at Hardrock Mines WATER QUALITY PREDICTIONS INFORMATION 76 0 1 2 3 4 No information available Low Moderate High No pit lake expected to form (pit above water table or no pit) True North AK Fort Knox AK Sanchez AZ McLaughlin* CA AJ Project AK Red Dog AK Safford (Dos Pobres) AZ Jamestown* CA Golden Sunlight MT Greens Creek * AK Bagdad* AZ Yarnell AZ Mesquite* CA Montana…,0.98
REL_1D46AD65B6587EB3,DOC033,document_mentions_location,Florida,DOC033,DOC033_CHUNK_0069,109-111,Discharge Information 1 2 3 Zero Discharge Facility Discharge to Surface Water Discharge to Groundwater AJ Project AK AJ Project AK Stillwater* MT Fort Knox AK Greens Creek* AK Cortez Pipeline NV Cyprus Tohono AZ Kensington Project AK Leeville NV Morenci AZ Pogo Project AK Twin Creeks* NV Safford (Dos Pobres) AZ Red Dog AK American Girl* CA Bagdad* AZ Castle Mountain* CA Carlotta AZ Hayden Hill CA Morenci AZ Jamesto…,0.98
REL_ADC5922213BA00F5,DOC033,document_mentions_location,Florida,DOC033,DOC033_CHUNK_0071,112-114,Comparison of Surface Water and Groundwater Hydrology Classifications for the 71 NEPA Mines Reviewed in Detail Groundwater Hydrology Classification No information provided Depth to groundwater > 200 ft Depth to groundwater < 200 ft but > 50 ft Depth to groundwater 0-50 ft and/or springs on site Imperial CA Rain NV Yarnell AZ No information provided Royal Mountain King CA Diamond Hill MT Copper Flat NM Castle Mountai…,0.98
REL_990CB6CBE5BAE56E,DOC033,document_mentions_location,Florida,DOC033,DOC033_CHUNK_0073,116-118,Potential and Predicted Groundwater Quality Impacts for Mines with Moderate to High Contaminant Leaching Potential and Close Proximity to Groundwater Resources Name State Groundwater Impact Potential Predicted Groundwater Impact Potential Kensington Project AK 1 1 Pogo Project AK 3 3 McLaughlin C A 33 Beartrack ID 0 1 Black Pine MT 0 1 Golden Sunlight MT 3 3 Rock Creek MT 2 1 Stillwater MT 1 1 Troy MT 2 1 Zortman an…,0.98
REL_BA2F56A459E09E98,DOC033,document_mentions_location,Florida,DOC033,DOC033_CHUNK_0074,118-120,Table 6.1 Case Study Mines Name State Greens Creek AK Bagdad AZ Ray AZ American Girl CA Castle Mountain CA Jamestown CA McLaughlin CA Mesquite CA Royal Mountain King CA Grouse Creek ID Thompson Creek ID Beal Mountain MT Black Pine MT Golden Sunlight MT Mineral Hill MT Stillwater MT Zortman and Landusky MT Florida Canyon NV Jerritt Canyon NV Lone Tree NV Rochester NV Round Mountain NV Ruby Hill NV Twin Creeks NV Flam…,0.98
REL_CA6DF025A45BE1B2,DOC033,document_mentions_location,Florida,DOC033,DOC033_CHUNK_0075,119-121,MT Mineral Hill MT Stillwater MT Zortman and Landusky MT Florida Canyon NV Jerritt Canyon NV Lone Tree NV Rochester NV Round Mountain NV Ruby Hill NV Twin Creeks NV Flambeau WI 6.2.1.,0.98
REL_6799D2EC4199561E,DOC033,document_mentions_location,United States,DOC033,DOC033_CHUNK_0077,122-124,"Considering the additional limitation of having readily accessible operational water quality information, the case study mines reflect well the distribution of general categories and water quality-related elements that are present in the larger subsets of hard rock mines in the United States.",0.98
REL_AFD01488BFB297BD,DOC033,document_mentions_location,Florida,DOC033,DOC033_CHUNK_0078,124-125,Water Quality Characterizations for Case Study Mines (continued) Golden Sunlight Mineral Hill Stillwater Zortman and Landusky Florida Canyon Jerritt Canyon Lone Tree Rochester Round Mountain Ruby Hill,0.98
REL_C9AC465FF3A0BC6D,DOC033,document_mentions_location,Florida,DOC033,DOC033_CHUNK_0079,124-125,"Water Quality Characterizations for Case Study Mines (continued) Golden Sunlight Mineral Hill Stillwater Zortman and Landusky Florida Canyon Jerritt Canyon Lone Tree Rochester Round Mountain Ruby Hill Twin Creeks Flambeau MT MT MT MT NV NV NV NV N V NV NV WI High sulfide content, carbonates low/not present Sulfides present, no carbonates/ carbonates not mentioned or associated with ore body Sulfides present, carbona…",0.98
REL_1FACBE646DF843FC,DOC033,document_mentions_location,United States,DOC033,DOC033_CHUNK_0085,131-132,"In addition, information from an EPA report on damage cases (U.S.",0.98
REL_187A53E470531FBA,DOC033,document_mentions_location,United States,DOC033,DOC033_CHUNK_0086,132-133,"It was not clear from information in the files precisely which units were lined, when they were lined, or the capacity or dimensions of the units. • On March 29, 1993, U.S.",0.98
REL_72A848B82F709557,DOC033,document_mentions_location,United States,DOC033,DOC033_CHUNK_0087,133-134,"ACTUAL WATER QUALITY CONDITIONS Groundwater monitoring data from 1990 to 1994 were obtained from the Arizona Department of Environmental Quality (ADEQ), and information on violations and water quality exceedences from 1990 through 1996 were obtained from U.S.",0.98
REL_80A7BAB4246E4389,DOC033,document_mentions_location,United States,DOC033,DOC033_CHUNK_0105,155-156,"It disturbs 2,100 acres on Salmon-Challis National Forest lands in U.S.",0.98
REL_1CA9D13A9B6C57F5,DOC033,document_mentions_location,United States,DOC033,DOC033_CHUNK_0108,158-159,It disturbs 429 acres on Deerlodge National Forest in U.S.,0.98
REL_F68A3A3145FB3FDC,DOC033,document_mentions_location,United States,DOC033,DOC033_CHUNK_0111,161-163,It disturbs 429 acres on the Deerlodge National Forest in U.S.,0.98
REL_EC170D6A3765B6E9,DOC033,document_mentions_location,United States,DOC033,DOC033_CHUNK_0115,166-167,"However, the EIS predicted that an engineered cover (2 ft NAG and 2 ft 3 It appears that this may be the first regulatory reference in the U.S. dealing with hardrock mine sites that acknowledges the possibility of perpetual treatment as a potential scenario.",0.98
REL_95927BD859E47673,DOC033,document_mentions_location,United States,DOC033,DOC033_CHUNK_0117,169-171,It disturbs 106 acres on private and Gallatin National Forest lands in U.S.,0.98
REL_61BE2C4323A53A06,DOC033,document_mentions_location,United States,DOC033,DOC033_CHUNK_0118,170-172,It disturbs 255 acres on private and Custer National Forest lands in U.S.,0.98
REL_AB3C9D0F8E888594,DOC033,document_mentions_location,Florida,DOC033,DOC033_CHUNK_0124,177-179,"FLORIDA CANYON, NEVADA The Florida Canyon Mine, owned by Florida Canyon Mining Company (parent company was formerly Pegasus Gold and now Apollo Gold), has been in operation since 1986.",0.98
REL_FE4B9F50BC8BFC38,DOC033,document_mentions_location,Florida,DOC033,DOC033_CHUNK_0125,179-180,"COMPARISON OF PREDICTED AND ACTUAL WATER QUALITY Table 6.23 provides a summary and comparison of potential, predicted and actual water quality information for the Florida Canyon Mine.",0.98
REL_8474E6CFB3B81260,DOC033,document_mentions_location,Florida,DOC033,DOC033_CHUNK_0126,180-181,"COMPARISON OF PREDICTED AND ACTUAL WATER QUALITY Table 6.23 provides a summary and comparison of potential, predicted and actual water quality information for the Florida Canyon Mine.",0.98
REL_2778EDE56146522E,DOC033,document_mentions_location,United States,DOC033,DOC033_CHUNK_0126,180-181,"It disturbs 3,411 acres on Humboldt-Toiyabe National Forest in U.S.",0.98
REL_780F72141521EF9C,DOC033,document_mentions_location,United States,DOC033,DOC033_CHUNK_0131,186-188,"The United States EPA issued a Notice of Violation to Coeur-Rochester on June 30 t, 1988, for violating the Clean Water Act by discharging pregnant Comparison of Predicted and Actual Water Quality at Hardrock Mines WATER QUALITY PREDICTIONS AND IMPACTS AT NEPA MINES 157 solution to American Canyon.",0.98
REL_E5BA7115D0F39170,DOC033,document_mentions_location,Great Lakes,DOC033,DOC033_CHUNK_0139,196-198,"Although concentrations in surface water up and downgradient of the mine showed no temporal water quality trends, a report from the Great Lakes Indian Fish and Wildlife Commission stated that water parameters measured have changed from those measured during mine operation, and that the change makes it impossible to compare during- and post-mining water quality (Coleman, 2004).",0.98
REL_20BC87B5FF157DFA,DOC033,document_mentions_location,Florida,DOC033,DOC033_CHUNK_0142,200-202,"GW: Cr, Fe, SO4, Cl, PO4, Cd, Zn Zortman and Landusky MT High (Low initial) Yes Moderate Yes metals, metalloids, NO3, low pH, CN Yes low pH, As, metals, NO3, CN Florida Canyon NV Low No Moderate No NA Yes CN, Hg, NO3, Cl, TDS Jerritt Canyon NV Moderate No Moderate Yes TDS, SO 4 Yes CN, Cl, TDS, SO4 Lone Tree NV Moderate No High Yes pH, TDS, F, B, NH3 Yes (baseline?) F, Fe, Mn, TDS, Al, B, NH4, pH Rochester NV Modera…",0.98
REL_18EC194B7617B4E2,DOC033,document_mentions_location,Florida,DOC033,DOC033_CHUNK_0143,202-204,Greens Creek AK Low Low Yes Yes Both Bagdad AZ Low Low Yes Yes Discharge Ray AZ No info No info Yes Yes Discharge American Girl CA Moderate (Low initial) Low No No No Castle Mountain CA Low Low No No No Jamestown CA Moderate Low No info No info Perennial McLaughlin CA Moderate Moderate Yes Yes Discharge Mesquite CA Moderate (Low) Low No No No Royal Mountain King CA No info No info Yes Yes No info (Perennial); No dis…,0.98
REL_075B8448429D2C68,DOC033,document_mentions_location,Florida,DOC033,DOC033_CHUNK_0144,204-206,Greens Creek AK Moderate (Low) Low Yes No Yes Shallow Bagdad AZ Low Low NA NA NA Shallow Ray AZ No info No info NA NA NA No American Girl CA Moderate Low No No No Shallow Castle Mountain CA Low Low No No No No Jamestown CA Moderate Low Yes Yes NA Shallow McLaughlin CA High High Yes Yes NA Shallow Mesquite CA Moderate (Low initial) Low No No No No Royal Mountain King CA Moderate No info Yes Yes NA No info Grouse Cree…,0.98
REL_B930F595469EB2A9,DOC033,document_mentions_location,Florida,DOC033,DOC033_CHUNK_0150,211-213,"Mines with Moderate to High Contaminant Leaching Potential The following mines are have a relatively shallow depth to groundwater (0 to 50 feet), have springs on site, or discharge to groundwater – and have a moderate to high contaminant leaching potential (see Table 7.1): • McLaughlin, California • Black Pine, Montana • Golden Sunlight, Montana • Stillwater, Montana • Zortman and Landusky, Montana • Florida Canyon,…",0.98
REL_281B9264E08F96A3,DOC033,document_mentions_location,Florida,DOC033,DOC033_CHUNK_0151,212-213,"four (McLaughlin, CA; Stillwater, MT; Florida Canyon, NV; Flambeau, WI) also have moderate to high acid drainage potential and were discussed above.",0.98
REL_7B57836DED04F449,DOC033,document_mentions_location,Florida,DOC033,DOC033_CHUNK_0154,215-217,"Water Quality Predictions Failure Modes, Root Causes and Examples from Case Study Mines Failure Mode Root Cause Examples Lack of hydrologic characterization Royal Mountain King, CA; Black Pine, MT Dilution overestimated Greens Creek, AK; Jerritt Canyon, NV Amount of discharge underestimated Mineral Hill, MT Hydrologic Characterization Size of storms underestimated Zortman and Landusky, MT Lack of adequate geochemica…",0.98
REL_D7EBB12D4BE9136D,DOC033,document_mentions_location,Florida,DOC033,DOC033_CHUNK_0155,217-218,"Jamestown, CA; Golden Sunlight, MT; Mineral Hill, MT; Stillwater, MT; Florida Canyon, NV; Jerritt Canyon, NV; Lone Tree, NV; Rochester, NV; Twin Creeks, NV Mitigation Land application discharge not effective Beal Mountain, MT 8.2.",0.98
REL_8DED90316E90B1B2,DOC033,document_mentions_location,Florida,DOC033,DOC033_CHUNK_0159,222-223,"Florida Canyon, Nevada The exceedences of water quality standards at the Florida Canyon mine from the leach pads is primarily due to failure of mitigation (design, construction and/or operational errors) to adequately prevent leakage of leach solutions.",0.98
REL_CC982B03A2A90F54,DOC033,document_mentions_location,United States,DOC033,DOC033_CHUNK_0160,223-225,CONCLUSIONS AND RECOMMENDATIONS This study shows a variety of failure modes and root causes that have led to water quality impacts at hardrock mine sites in the U.S.,0.98
REL_1E4E3BAD0BBD085B,DOC033,document_mentions_location,Canada,DOC033,DOC033_CHUNK_0161,224-228,"Risk Management for Major Geotechnical Structures on Mines, Vancouver, Canada.",0.98
REL_ECFD71A64182CAFD,DOC033,document_mentions_location,Great Lakes,DOC033,DOC033_CHUNK_0161,224-228,"Memorandum from John Coleman, Great Lakes Indian Fish and Wildlife Commission, to Neil Kmiecik, Biological Services Director.",0.98
REL_FCB421C41694BBA4,DOC033,document_mentions_location,United States,DOC033,DOC033_CHUNK_0161,224-228,"With the exception of land application for the disposal of low-levels of nutrients that can be applied at agronomic rates, land application disposal has demonstrated a high rate of failure and significant impact at hardrock mine sites in the United States.",0.98
REL_4DD3656B2F714327,DOC035,document_mentions_location,United States,DOC035,DOC035_CHUNK_0001,1-3,2 Five cooperating agencies assisted OEA in preparing the Draft EIS: the U.S.,0.98
REL_A19E4B6FB413BB72,DOC035,document_mentions_location,United States,DOC035,DOC035_CHUNK_0004,8-12,"7-1 7.2 Department of the Army, U.S.",0.98
REL_23823869E95B37E5,DOC035,document_mentions_location,United States,DOC035,DOC035_CHUNK_0008,18-22,"3.15-8 Surface Transportation Board, Office of Environmental Analysis Table of Contents Uinta Basin Railway Draft Environmental Impact Statement xvii October 2020 Acronyms and Abbreviations μeq/l micro-equivalents per liter µg/m3 micrograms per cubic meter AADT annual average daily traffic AAQS Ambient Air Quality Standards AAR American Association of Railroads ACEC Area of Critical Environmental Concern ACHP Adviso…",0.98
REL_85C60109E51181DB,DOC035,document_mentions_location,North America,DOC035,DOC035_CHUNK_0009,21-26,Forest Service FR Federal Register FRA Federal Railroad Administration FTA Federal Transit Administration FTE full-time equivalent GGE gasoline gallon equivalent GHG greenhouse gas GIS geographic information system GPS global positioning system GRP gross regional product GRSG greater sage-grouse gSSURGO Gridded Soil Survey Geographic GWP global warming potential HAP hazardous air pollutant HUC Hydrologic Unit Code I…,0.98
REL_A54C501E71076D9A,DOC035,document_mentions_location,United States,DOC035,DOC035_CHUNK_0009,21-26,Code of Federal Regulations Cadna Computer-Aided Noise Abatement CASTNET Clean Air Status and Trends Network CDPHE Colorado Department of Public Health and Environment CEQ Council on Environmental Quality CH4 methane cm centimeters CMAQ Community Multi-scale Air Quality CMP corrugated metal pipe CO 13 Colorado State Highway 13 CO 139 Colorado State Highway 139 CO 64 Colorado State Highway 64 CO carbon monoxide CO2 c…,0.98
REL_7BC1EF0E3CD44E5E,DOC035,document_mentions_location,United States,DOC035,DOC035_CHUNK_0010,25-28,"United States Code UDEQ Utah Department of Environmental Quality UDOGM Utah Division of Oil, Gas, and Mining UDOT Utah Department of Transportation UDWQ Utah Division of Water Quality UDWR Utah Division of Wildlife Resources UDWRi Utah Division of Water Rights UIC Underground Injection Control Surface Transportation Board, Office of Environmental Analysis Table of Contents Uinta Basin Railway Draft Environmental Imp…",0.98
REL_AD744DF49D7C8305,DOC035,document_mentions_location,United States,DOC035,DOC035_CHUNK_0012,29-31,"Following construction, the Coalition anticipates that trains on the proposed rail line would primarily transport crude oil produced in the Basin to markets across the United States, but could also carry other bulk commodities and products, including fracturing sand, building products, industrial materials, and agricultural products.",0.98
REL_334C6DABEF112D93,DOC035,document_mentions_location,United States,DOC035,DOC035_CHUNK_0013,31-32,"OEA also held teleconferences and in-person meetings with participating agencies, including the U.S.",0.98
REL_7F98F4880D8FF429,DOC035,document_mentions_location,United States,DOC035,DOC035_CHUNK_0014,32-34,OEA is consulting with the U.S.,0.98
REL_FF0C6C1F45E9C7D6,DOC035,document_mentions_location,United States,DOC035,DOC035_CHUNK_0015,34-35,OEA is consulting with the U.S.,0.98
REL_D825037823221D4C,DOC035,document_mentions_location,United States,DOC035,DOC035_CHUNK_0018,38-39,S.4.3 Downline Impacts Rail traffic from the proposed rail line would merge on to main lines and move to destinations throughout the United States.,0.98
REL_A3FE70BC499E80BC,DOC035,document_mentions_location,United States,DOC035,DOC035_CHUNK_0023,47-50,VMT = vehicle miles traveled; UDWR = Utah Division of Wildlife Resources; BLM = U.S.,0.98
REL_42C9543060D2BB83,DOC035,document_mentions_location,United States,DOC035,DOC035_CHUNK_0024,50-52,"OEA is accepting oral comments during online public meetings, written comments submitted electronically through the project website, and written comments received through the U.S. mail.",0.98
REL_49E3F0DD900F030A,DOC035,document_mentions_location,United States,DOC035,DOC035_CHUNK_0025,52-54,"Currently, all freight moving into and out of the Basin is transported by trucks on the area’s limited road network, which includes one north-south two-lane highway (U.S.",0.98
REL_33A1A3538A75AFB5,DOC035,document_mentions_location,United States,DOC035,DOC035_CHUNK_0026,54-56,191) and one east-west two-lane highway (U.S.,0.98
REL_6E06138AF0720CB6,DOC035,document_mentions_location,United States,DOC035,DOC035_CHUNK_0027,55-57,U.S.,0.98
REL_92E0AF30C51FAF2E,DOC035,document_mentions_location,United States,DOC035,DOC035_CHUNK_0029,58-60,The Coalition expects that the Ute Indian Tribe would become an equity partner in the proposed rail line.1 The Coalition anticipates that rail traffic on the proposed rail line would primarily consist of trains transporting crude oil from the Basin to markets across the United States.,0.98
REL_A64E1697CED2E822,DOC035,document_mentions_location,United States,DOC035,DOC035_CHUNK_0033,64-65,The U.S.,0.98
REL_341CA662D52D3571,DOC035,document_mentions_location,United States,DOC035,DOC035_CHUNK_0034,65-66,The U.S.,0.98
REL_2F10EB46AC43F871,DOC035,document_mentions_location,United States,DOC035,DOC035_CHUNK_0035,66-67,"From the Basin, the route would head east toward and along DPR into Colorado before generally following U.S.",0.98
REL_2864074D8880F0E7,DOC035,document_mentions_location,United States,DOC035,DOC035_CHUNK_0038,70-71,2.2.2.10 Green River Canyon Route The Green River Canyon Route would extend generally south approximately 159 miles from terminus points in the Basin to a connection with an existing UP rail line near the junction of U.S.,0.98
REL_A910E55E2FB85589,DOC035,document_mentions_location,United States,DOC035,DOC035_CHUNK_0045,78-79,"After entering Indian Canyon, the route would turn southwest and follow Indian Creek upstream toward its headwaters below Indian Creek Pass, paralleling U.S.",0.98
REL_75AEA6F108122135,DOC035,document_mentions_location,United States,DOC035,DOC035_CHUNK_0046,79-82,"If the Board were to authorize this alternative, the Coalition would have to seek U.S.",0.98
REL_3603C4F634B8B785,DOC035,document_mentions_location,United States,DOC035,DOC035_CHUNK_0058,103-106,VMT = vehicle miles traveled; UDWR = Utah Division of Wildlife Resources; BLM = U.S.,0.98
REL_5A7F78E0D482F535,DOC035,document_mentions_location,United States,DOC035,DOC035_CHUNK_0059,105-107,diameter; PM2.5 = particulate matter 2.5 microns or less in diameter; SO2 = sulfur dioxide; VOCs = volatile organic compounds; NO2 = nitrogen dioxide; NAAQS = National Ambient Air Quality Standards; PFYC = Potential Fossil Yield Classification; AUM = animal unit month; SITLA = School and Institutional Trust Lands Administration; UDOT = Utah Department of Transportation; ACEC = Area of Critical Environmental Concern;…,0.98
REL_48F7E94B1B28AD05,DOC035,document_mentions_location,United States,DOC035,DOC035_CHUNK_0061,108-110,"Project Study Area ⚫ Annual average daily traffic (AADT) data from the Utah Department of Transportation (UDOT), State of Utah Department of Public Safety Highway Safety Office, Duchesne County Transportation Master Plan (2017), UDOT traffic maps (2020a), and Utah Department of Transportation 2019–2050 Long‐Range Transportation Plan (UDOT 2020b). ⚫ Forecast increases in vehicle traffic from the U.S.",0.98
REL_7F40A4518AFD5440,DOC035,document_mentions_location,United States,DOC035,DOC035_CHUNK_0062,110-111,OEA estimated AADT values for analysis year 20262 using the available data and annual growth rate of 1.0 percent (U.S.,0.98
REL_9CAAFE26AE48BAC8,DOC035,document_mentions_location,United States,DOC035,DOC035_CHUNK_0063,111-113,"2018 Crash Total by County County Population Total Number of Crashes Non-Injury Injury Fatal Carbon 20,512 423 327 94 2 Duchesne 20,259 319 229 86 4 Uintah 36,343 469 356 110 3 Utah 576,496 10,495 7,218 3,238 39 Notes: Sources: Christofferson pers. comm.; U.S.",0.98
REL_A47E70A2F13E0D35,DOC035,document_mentions_location,United States,DOC035,DOC035_CHUNK_0064,113-114,"Peak Hour Traffic Flow Roadway One-Way Roadway Capacity (vehicles per hour) 2020 One-Way DHV (vehicles per hour) Roadway Capacity Used (%) US 6 1,490 665 45 US 191 1,490 180 12 US 40 1,490 510 34 9 Mile Canyon Road 1,490 215 14 8000 S/8250 S 1,490 30 2 Notes: US 6 = U.S.",0.98
REL_485FF154D9483A23,DOC035,document_mentions_location,Louisiana,DOC035,DOC035_CHUNK_0068,119-121,"This segment is part of a heavily used UP mainline that extends north from downtown Denver toward Cheyenne, Wyoming, and would likely be used to transport crude oil trains from the Basin to markets along the Gulf Coast in Texas and Louisiana (Appendix C, Downline Analysis Study Area and Train Characteristics).",0.98
REL_56FD6471B5DEDCFF,DOC035,document_mentions_location,United States,DOC035,DOC035_CHUNK_0075,130-132,"To minimize the likelihood and consequences of accidents during rail operations, the Coalition is volunteering mitigation (VM-1, VM-15) to ensure that train operators using the rail line would comply with the requirements of the Surface Transportation Board, Office of Environmental Analysis 3.2 Rail Operations Safety Uinta Basin Railway Draft Environmental Impact Statement 3.2-5 October 2020 Hazardous Materials Tran…",0.98
REL_4F8C95B35D940DDB,DOC035,document_mentions_location,United States,DOC035,DOC035_CHUNK_0080,137-141,"Groundwater Study Area Surface Transportation Board, Office of Environmental Analysis 3.3 Water Resources Uinta Basin Railway Draft Environmental Impact Statement 3.3-5 October 2020 3.3.1.2 Data Sources OEA reviewed the following data sources to determine the potential impacts on water resources that could result from construction and operation of the proposed rail line. ⚫ Utah’s Final 2016 Integrated Report (UDWQ 2…",0.98
REL_6BF8999372583161,DOC035,document_mentions_location,United States,DOC035,DOC035_CHUNK_0081,140-142,"identification and delineation methodology can be found in the Waters of the United States Baseline Environment Technical Memorandum: Uinta Basin Railway (Coalition 2020a), which is available to the public on the Board’s website (www.stb.gov) and the Board-sponsored project website (www.uintabasinrailwayeis.com).",0.98
REL_13AC43FC570C0618,DOC035,document_mentions_location,United States,DOC035,DOC035_CHUNK_0082,142-143,OEA used the Coalition’s Waters of the United States Baseline Environment Technical Memorandum: Uinta Basin Railway (Coalition 2020a) report to describe wetlands in the field survey study area.,0.98
REL_5F25050531363BF1,DOC035,document_mentions_location,United States,DOC035,DOC035_CHUNK_0083,143-144,OEA used the Coalition’s Waters of the United States Baseline Environment Technical Memorandum: Uinta Basin Railway (Coalition 2020a) report to describe wetlands in the field survey study area.,0.98
REL_3AA014F954C14D19,DOC035,document_mentions_location,United States,DOC035,DOC035_CHUNK_0085,146-147,"Additional information, including detailed descriptions of the surface water features identified during field surveys, can be found in the Waters of the United States Baseline Environment Technical Memorandum: Uinta Basin Railway (Coalition 2020a), which is available on the Board’s website (www.stb.gov) and the Board-sponsored project website (www.uintabasinrailwayeis.com).",0.98
REL_97449052BEFA5F14,DOC035,document_mentions_location,United States,DOC035,DOC035_CHUNK_0087,148-150,"In Utah, the Utah Division of Water Quality (UDWQ) has been delegated authority by the U.S.",0.98
REL_94BC6B114E0D8BB7,DOC035,document_mentions_location,United States,DOC035,DOC035_CHUNK_0089,152-153,The Classification of Wetlands and Deepwater Habitats of the United States (Cowardin Classification) defines the following classes of wetlands (Cowardin et al.,0.98
REL_75401D4E635AB5FD,DOC035,document_mentions_location,United States,DOC035,DOC035_CHUNK_0090,153-155,"Associated with thunderstorms, cloudbursts are common in the hilly and mountainous districts of the western United States, including Utah.",0.98
REL_714F8069AC385FBB,DOC035,document_mentions_location,United States,DOC035,DOC035_CHUNK_0096,161-162,9 NPDES is the permit system mandated by Clean Water Act Section 402 to control pollutants in waters of the United States.,0.98
REL_AC8F8847C844DAE7,DOC035,document_mentions_location,United States,DOC035,DOC035_CHUNK_0097,162-164,"PAHs are found in substances such as asphalt, oil, coal, and creosote (U.S.",0.98
REL_1824F125A99DA54C,DOC035,document_mentions_location,North America,DOC035,DOC035_CHUNK_0098,163-165,Uinta Basin black and yellow crude oils are waxy crude oils that have a wax content higher than most North American crude oils.,0.98
REL_C7E400566E3F9F89,DOC035,document_mentions_location,United States,DOC035,DOC035_CHUNK_0111,181-183,3.4.1.2 Data Sources OEA reviewed the following data sources to determine the potential impacts on biological resources that could result from construction and operation of the proposed rail line. ⚫ U.S.,0.98
REL_7B0E80C2EBDC5E8B,DOC035,document_mentions_location,United States,DOC035,DOC035_CHUNK_0112,183-184,3.4.1.2 Data Sources OEA reviewed the following data sources to determine the potential impacts on biological resources that could result from construction and operation of the proposed rail line. ⚫ U.S.,0.98
REL_7781DD4AAD139B0C,DOC035,document_mentions_location,United States,DOC035,DOC035_CHUNK_0115,188-191,"USFWS = United States Fish and Wildlife Service Surface Transportation Board, Office of Environmental Analysis 3.4 Biological Resources Uinta Basin Railway Draft Environmental Impact Statement 3.4-9 October 2020 3.4.2.2 Fish The Action Alternatives are located in the Price River, Duchesne River, Strawberry River, and Lower Green-Desolation Canyon HUC 8 watersheds, which are all part of the Upper Colorado River Basin…",0.98
REL_9B6803700D47D0F9,DOC035,document_mentions_species,brook trout,DOC035,DOC035_CHUNK_0115,188-191,Fish Species Known to Occur in the Study Area Watersheds and Documented in Perennial Streams Crossed by the Proposed Rail Line Common Namea Scientific Name Native Nongame Fish Colorado pikeminnowb Ptychocheilus lucius Razorback sucker Xyrauchen texanus Bluehead suckerb Catostomus discobolus Bonytail Gila elegans Flannelmouth suckerb Catostomus latipinnis Longnose dace Rhinichthys cataractae Mottled sculpinb Cottus b…,0.98
REL_02C84153AF788DFD,DOC035,document_mentions_species,largemouth bass,DOC035,DOC035_CHUNK_0115,188-191,Fish Species Known to Occur in the Study Area Watersheds and Documented in Perennial Streams Crossed by the Proposed Rail Line Common Namea Scientific Name Native Nongame Fish Colorado pikeminnowb Ptychocheilus lucius Razorback sucker Xyrauchen texanus Bluehead suckerb Catostomus discobolus Bonytail Gila elegans Flannelmouth suckerb Catostomus latipinnis Longnose dace Rhinichthys cataractae Mottled sculpinb Cottus b…,0.98
REL_3782D97A0D098426,DOC035,document_mentions_species,brook trout,DOC035,DOC035_CHUNK_0116,190-192,"sucker Xyrauchen texanus Bluehead suckerb Catostomus discobolus Bonytail Gila elegans Flannelmouth suckerb Catostomus latipinnis Longnose dace Rhinichthys cataractae Mottled sculpinb Cottus bairdii Mountain sucker b Catostomus platyrhynchus Roundtail chubb Gila robusta Speckled daceb Rhnichthys osculus Native Gamefish Mountain whitefish Prosopium williamsoni Colorado River cutthroat troutb, c Oncorhynchus clarki Non…",0.98
REL_ADE1A18CA539E508,DOC035,document_mentions_species,grass carp,DOC035,DOC035_CHUNK_0116,190-192,"sucker Xyrauchen texanus Bluehead suckerb Catostomus discobolus Bonytail Gila elegans Flannelmouth suckerb Catostomus latipinnis Longnose dace Rhinichthys cataractae Mottled sculpinb Cottus bairdii Mountain sucker b Catostomus platyrhynchus Roundtail chubb Gila robusta Speckled daceb Rhnichthys osculus Native Gamefish Mountain whitefish Prosopium williamsoni Colorado River cutthroat troutb, c Oncorhynchus clarki Non…",0.98
REL_74CA01FD5D47B5C4,DOC035,document_mentions_species,largemouth bass,DOC035,DOC035_CHUNK_0116,190-192,"sucker Xyrauchen texanus Bluehead suckerb Catostomus discobolus Bonytail Gila elegans Flannelmouth suckerb Catostomus latipinnis Longnose dace Rhinichthys cataractae Mottled sculpinb Cottus bairdii Mountain sucker b Catostomus platyrhynchus Roundtail chubb Gila robusta Speckled daceb Rhnichthys osculus Native Gamefish Mountain whitefish Prosopium williamsoni Colorado River cutthroat troutb, c Oncorhynchus clarki Non…",0.98
REL_2995EB877E905B35,DOC035,document_mentions_species,smallmouth bass,DOC035,DOC035_CHUNK_0116,190-192,"sucker Xyrauchen texanus Bluehead suckerb Catostomus discobolus Bonytail Gila elegans Flannelmouth suckerb Catostomus latipinnis Longnose dace Rhinichthys cataractae Mottled sculpinb Cottus bairdii Mountain sucker b Catostomus platyrhynchus Roundtail chubb Gila robusta Speckled daceb Rhnichthys osculus Native Gamefish Mountain whitefish Prosopium williamsoni Colorado River cutthroat troutb, c Oncorhynchus clarki Non…",0.98
REL_09E23C25D28CFD03,DOC035,document_mentions_location,United States,DOC035,DOC035_CHUNK_0118,194-196,"According to the Forest Service, each year more than 73,000 wildfires burn about 7 million acres of federal, tribal, state, and private land and more than 2,600 structures in the United States (Forest Service 2020b).",0.98
REL_1DB65FFFCD407F00,DOC035,document_mentions_location,Canada,DOC035,DOC035_CHUNK_0120,197-199,ESA-Listed Animal Species Known to Occur or Potentially Occur in or near the Study Areas Species Namea Status Is Species Listed as Potentially Present in the Study Areas by USFWS?a Is Potentially Suitable Habitat Present in the Study Areas?b Indian Canyon Wells Draw Whitmore Park Mammals Canada lynx (Lynx canadensis) T Yes Yes Yes Potentially suitable habitat exists in the study areas for all three Action Alternativ…,0.98
REL_209414E4C9C3BE12,DOC035,document_mentions_location,United States,DOC035,DOC035_CHUNK_0120,197-199,"USFWS = United States Fish and Wildlife Service; E = endangered; T = threatened Surface Transportation Board, Office of Environmental Analysis 3.4 Biological Resources Uinta Basin Railway Draft Environmental Impact Statement 3.4-18 October 2020 Table 3.4-8.",0.98
REL_24B56F6961685707,DOC035,document_mentions_location,United States,DOC035,DOC035_CHUNK_0122,201-202,"USFWS = United States Fish and Wildlife Service; E = endangered; T = threatened Surface Transportation Board, Office of Environmental Analysis 3.4 Biological Resources Uinta Basin Railway Draft Environmental Impact Statement 3.4-21 October 2020 Bald and Golden Eagles Potentially suitable habitat for bald and golden eagles exists in the study areas.",0.98
REL_DD28B333A2E7F250,DOC035,document_mentions_location,United States,DOC035,DOC035_CHUNK_0125,207-209,"Construction of any of the Action Alternatives would require removal or alteration of riparian vegetation, which is an important habitat in the western United States, although the extent of these impacts would vary between the three Action Alternatives (Section 3.4.3.2, Impact Comparison between Action Alternatives).",0.98
REL_C38DD6AB26F41467,DOC035,document_mentions_location,United States,DOC035,DOC035_CHUNK_0126,209-210,Barriers to movement could affect the ability of 6 NPDES is the permit system mandated by Clean Water Act Section 402 to control pollutants in waters of the United States.,0.98
REL_2C7B620634687999,DOC035,document_mentions_location,North America,DOC035,DOC035_CHUNK_0128,211-212,Uinta Basin black and yellow crude oils are waxy crude oils that have a wax content higher than most North American crude oils.,0.98
REL_D6CCCDF9F727EBEB,DOC035,document_mentions_location,Canada,DOC035,DOC035_CHUNK_0135,220-221,"Surface Transportation Board, Office of Environmental Analysis 3.4 Biological Resources Uinta Basin Railway Draft Environmental Impact Statement 3.4-40 October 2020 Endangered Species Act-Listed Species Construction of the proposed rail line could affect 10 federally listed species: Barneby ridge-cress, Pariette cactus, Uinta Basin hookless cactus, Ute ladies’-tresses, Canada lynx, Mexican spotted owl, bonytail, Col…",0.98
REL_D4EE799978EA81DB,DOC035,document_mentions_species,bald eagle,DOC035,DOC035_CHUNK_0135,220-221,"While golden eagles are common throughout Utah and habitat is found throughout the study area, bald eagles primarily winter in Utah for a few months out of the year.",0.98
REL_D9805CA51F50D783,DOC035,document_mentions_species,bald eagle,DOC035,DOC035_CHUNK_0136,221-222,The Utah GAP Analysis (1999) modeled potential bald eagle habitat in Utah and very little breeding habitat was identified.,0.98
REL_CFB98254F40FCA08,DOC035,document_mentions_location,Canada,DOC035,DOC035_CHUNK_0137,222-224,"Endangered Species Act-Listed Species Operation of the proposed rail line could affect 10 federally listed species: Barneby ridge-cress, Pariette cactus, Uinta Basin hookless cactus, Ute ladies’-tresses, Canada lynx, Mexican spotted owl, bonytail, Colorado pikeminnow, humpback chub, and razorback sucker.",0.98
REL_5F1EF7429CFF12C5,DOC035,document_mentions_location,Canada,DOC035,DOC035_CHUNK_0141,228-230,The primary factors in differentiating impacts between the Action Alternatives are the amount of potential and suitable habitat for each of the ESA-listed plant species that would be affected and the amount of potentially suitable snowshoe hare habitat (Canada lynx proxy habitat) that would be permanently removed.,0.98
REL_9B7FE25600AB27B2,DOC035,document_mentions_location,Canada,DOC035,DOC035_CHUNK_0142,230-231,"Table 3.4-15 shows the amount of potentially suitable snowshoe hare habitat (i.e., Canada lynx proxy habitat) that would be permanently removed or temporarily disturbed.",0.98
REL_5C6A000B89A8D555,DOC035,document_mentions_location,United States,DOC035,DOC035_CHUNK_0144,233-234,"Therefore, in order for BLM to permit the proposed rail line, construction and operation of either of those Action Alternatives would need to comply with the BLM ARMPA.9 OEA consulted extensively with BLM greater sage-grouse experts and management plan administrators to determine which ARMPA management actions would apply by reviewing land ownership, greater sage-grouse habitat types and locations, greater sage-grou…",0.98
REL_FCDBE000B2A795A0,DOC035,document_mentions_location,United States,DOC035,DOC035_CHUNK_0156,256-257,"Gas explosion occurs when explosive gases, such as methane, are encountered during tunneling when 9 NPDES is the permit system mandated by Clean Water Act Section 402 to control pollutants in waters of the United States.",0.98
REL_8DA3A4F3FA6BDBF6,DOC035,document_mentions_location,United States,DOC035,DOC035_CHUNK_0157,257-259,"Gas explosion occurs when explosive gases, such as methane, are encountered during tunneling when 9 NPDES is the permit system mandated by Clean Water Act Section 402 to control pollutants in waters of the United States.",0.98
REL_C4B4C47ADF3A749A,DOC035,document_mentions_location,Illinois,DOC035,DOC035_CHUNK_0162,265-266,"Conversely, wider noise contours can result due to other acoustic features, such as curved sections of track. ⚫ Greater sage-grouse lek locations identified through agency consultation. ⚫ Locations of noise-sensitive receptors (e.g., houses, nursing homes, schools, places of worship, campgrounds) identified using aerial photographs or agency information, and cultural resources identified through OEA’s consultation w…",0.98
REL_044F406942961273,DOC035,document_mentions_location,United States,DOC035,DOC035_CHUNK_0168,275-276,A U.S.,0.98
REL_086F9949C981CA36,DOC035,document_mentions_location,United States,DOC035,DOC035_CHUNK_0170,279-282,"It is located in the Wasatch Front Air Quality Control Region and the Utah Intrastate Air Quality Control Region in Utah, as designated by the U.S.",0.98
REL_71754A76AA5E33A6,DOC035,document_mentions_location,United States,DOC035,DOC035_CHUNK_0172,283-285,"Existing Emissions in the Regional Study Area and Utah Statewide Pollutant Emissionsa in 2014b Regional Study Areac Utah Statewide Regional Study Area Percent of State Criteria Pollutants (U.S. tons/year) Carbon monoxide 152,372 657,617 23 Nitrogen oxides 61,911 181,844 34 PM10 54,500 186,074 29 PM2.5 10,708 39,643 27 Sulfur dioxide 17,204 26,964 64 Volatile organic compounds 286,281 957,968 30 Lead 1.18 8.33 14 Haz…",0.98
REL_33FF2517D8C3F25A,DOC035,document_mentions_location,Iowa,DOC035,DOC035_CHUNK_0173,285-286,"At Five Mile, a meteorological monitoring station representative of the Argyle Canyon area along the Wells Draw Alternative, winds are usually from the south- southwest to west-southwest or the west-northwest to northwest and the average wind speed is 8.2 miles per hour (Iowa State University 2020).",0.98
REL_984253E64C4EB7C5,DOC035,document_mentions_location,United States,DOC035,DOC035_CHUNK_0173,285-286,The mountain ranges in the western United States alter the prevailing westerly air currents from the Pacific region by forcing the moist air to rise and drop much of its moisture as precipitation.,0.98
REL_BB08C80BC790BFA8,DOC035,document_mentions_location,United States,DOC035,DOC035_CHUNK_0174,286-289,Source: USEPA 2019c PM2.5 = particulate matter 2.5 microns or less in diameter; USEPA = U.S.,0.98
REL_4BF1284DDCF671B5,DOC035,document_mentions_location,United States,DOC035,DOC035_CHUNK_0177,291-293,"Emissions Benefits from Diverted Crude Oil Truck Trips Pollutants and GHGs Change in Emissionsa Criteria Pollutants (U.S. tons/year) Carbon monoxide -3.36 Nitrogen oxides -9.21 PM10 -0.31 PM2.5 -0.29 Sulfur dioxide -0.04 VOCs -0.42 Hazardous Air Pollutants (U.S. tons/year) Acetaldehyde -0.020 Acrolein -0.003 Benzene -0.004 1,3-Butadiene -0.001 DPM -0.002 Ethylbenzene -0.053 Formaldehyde -0.289 Napthalene -0.005 POM…",0.98
REL_801753B38F503CE7,DOC035,document_mentions_location,United States,DOC035,DOC035_CHUNK_0180,296-299,"Emissions during Rail Line Construction Pollutants and GHGs Action Alternative Indian Canyon Wells Draw Whitmore Park Criteria Pollutants (U.S. tons) Carbon monoxide 917 1,541 992 Nitrogen oxides 512 649 598 PM10 779 1,075 880 PM2.5 228 299 281 Sulfur dioxide 2 2 2 Volatile organic compounds 94 146 103 Hazardous Air Pollutants (U.S. tons) Acetaldehyde 3 5 4 Acrolein 1 1 1 Benzene 3 6 4 1,3-Butadiene <0.5 1 <0.5 DPM…",0.98
REL_DFCF94EE7EAF9EAE,DOC035,document_mentions_location,United States,DOC035,DOC035_CHUNK_0181,299-300,"Emissions during Rail Operations Pollutants and GHGs Low Rail Traffic Scenario High Rail Traffic Scenario Indian Canyon Alternative Wells Draw Alternative Whitmore Park Alternative Indian Canyon Alternative Wells Draw Alternative Whitmore Park Alternative Criteria Pollutants (U.S. tons/year)a Carbon monoxide 136 176 147 373 479 405 Nitrogen oxides 343 413 374 969 1,162 1,056 PM10 10 13 11 29 35 32 PM2.5 7 9 8 21 26…",0.98
REL_CF72DA379CC27969,DOC035,document_mentions_location,United States,DOC035,DOC035_CHUNK_0187,311-314,"Surface Transportation Board, Office of Environmental Analysis 3.8 Energy Uinta Basin Railway Draft Environmental Impact Statement 3.8-2 October 2020 • Publicly available GIS data (ArcGIS 2018, 2019c, 2019d; PHMSA 2020a) for crude oil, natural gas, and petroleum product pipeline rights-of-way in the study area. • Utah Geological Survey publication Utah’s Energy Landscape (Vanden Berg 2020a, 2020b, 2020c), which incl…",0.98
REL_062A4DEF3DB050B2,DOC035,document_mentions_location,United States,DOC035,DOC035_CHUNK_0188,313-315,"Surface Transportation Board, Office of Environmental Analysis 3.8 Energy Uinta Basin Railway Draft Environmental Impact Statement 3.8-2 October 2020 • Publicly available GIS data (ArcGIS 2018, 2019c, 2019d; PHMSA 2020a) for crude oil, natural gas, and petroleum product pipeline rights-of-way in the study area. • Utah Geological Survey publication Utah’s Energy Landscape (Vanden Berg 2020a, 2020b, 2020c), which incl…",0.98
REL_4B9BF3354ACAD6C6,DOC035,document_mentions_location,Canada,DOC035,DOC035_CHUNK_0189,315-317,"Crude oil processed by the refineries mainly arrives by pipeline from Colorado, Wyoming, and Canada, and by truck from the Uinta Basin (Basin) and other areas of Utah (Vanden Berg 2020d; EIA 2020e).",0.98
REL_2B2BECDE232F084C,DOC035,document_mentions_location,Louisiana,DOC035,DOC035_CHUNK_0191,319-320,"OEA anticipates that these trains would transport crude oil from the Basin to markets in the Texas Gulf Coast, the Louisiana Gulf Coast, the Midwest, the West Coast, and other regions (Appendix C, Downline Analysis Study Area and Train Characteristics).",0.98
REL_CF5DF4A65F0BCD3D,DOC035,document_mentions_location,United States,DOC035,DOC035_CHUNK_0191,319-320,"Rail Transportation of Energy Resources If the Coalition were to construct and operate any of the Action Alternatives, the proposed rail line would offer a new transportation option for moving crude oil out of the Basin to markets across the United States.",0.98
REL_87A0CE861B1E4AFB,DOC035,document_mentions_location,United States,DOC035,DOC035_CHUNK_0199,330-332,"Despite this unrest, various Euro-American parties used the land through the 19th century, including the United States Army, miners, ranchers, and members of the Church of Jesus Christ of Latter-Day Saints.",0.98
REL_EA39E6ED6308CD07,DOC035,document_mentions_location,United States,DOC035,DOC035_CHUNK_0200,332-334,Resource Description 028 330970002 Bridge 029 330970001 Bridge 030 00-0009-9154 Bridge 007 42UT1370 Denver and Rio Grande Railroad segment 026 42CB1871 Emma Park Road segment 027 42UT1085 Emma Park Road segment 004 42DC328 Indian Canyon Road segments 005 42DC3802 Indian Canyon Road segments 006 42UT1124 U.S.,0.98
REL_8908AA4DEB414B10,DOC035,document_mentions_location,United States,DOC035,DOC035_CHUNK_0202,336-339,"Setting) by Action Alternativea Indian Canyon Alternative Wells Draw Alternative Whitmore Park Alternative Indian Canyon Ranger Station 001 1,500-foot buffer Setting N/A Setting Corral 002 Project footprint Physical Physical N/A Cabin 003 Project footprint Physical N/A Physical Indian Canyon Road segments 004 and 005 Project footprint Physical Physical Physical U.S.",0.98
REL_77A788792F2D9110,DOC035,document_mentions_location,United States,DOC035,DOC035_CHUNK_0203,339-340,It is a historic transportation route that passed from Duchesne toward Helper parallel to present-day U.S.,0.98
REL_C0D05C1051902291,DOC035,document_mentions_location,United States,DOC035,DOC035_CHUNK_0204,340-341,"US 6, a previously recorded linear transportation resource undergoing changes to its setting, is a segment of a historic roadway constructed in the 1910s that ran from the eastern United States to California and played a significant role in goods movement and settlement patterns in the immediate area and greater region.",0.98
REL_4991F25B0D805647,DOC035,document_mentions_location,North America,DOC035,DOC035_CHUNK_0206,343-344,"Between approximately 80 and 35 million years ago, during a period of mountain building in western North America known as the Laramide orogeny, these sedimentary deposits were pushed upward by geologic uplift, creating the Uinta Mountains and the adjacent Basin.",0.98
REL_437D6AB884B25005,DOC035,document_mentions_location,United States,DOC035,DOC035_CHUNK_0206,343-344,Many of these specimens are now housed in museums throughout the United States.,0.98
REL_3D5724DF2C1C96AE,DOC035,document_mentions_location,North America,DOC035,DOC035_CHUNK_0207,344-347,"The Late Cretaceous to Eocene sedimentary units in these formations contain a rich and diverse fossil record spanning the Cretaceous-Paleocene boundary that documents the evolution of plants and animals, as well as the evolution of environments in North America.",0.98
REL_7CFAA864B3F1040C,DOC035,document_mentions_location,United States,DOC035,DOC035_CHUNK_0211,353-355,This section also discusses Section 4(f) of the U.S.,0.98
REL_631CC13624DC537E,DOC035,document_mentions_location,United States,DOC035,DOC035_CHUNK_0212,355-356,"BLM = Bureau of Land Management; SITLA = School and Institutional Trust Lands Administration; UDOT = Utah Department of Transportation; Forest Service = United States Forest Service Source: SITLA 2020 The Wells Draw Alternative would cross the most public land, followed by the Indian Canyon Alternative and then the Whitmore Park Alternative.",0.98
REL_12D03D73C01A9D53,DOC035,document_mentions_location,United States,DOC035,DOC035_CHUNK_0213,356-358,"BLM = Bureau of Land Management; Forest Service = United States Forest Service; SITLA = Utah School and Institutional Trust Lands Administration; AUM = Animal Unit Month Surface Transportation Board, Office of Environmental Analysis 3.11 Land Use and",0.98
REL_B2A2ED5028B3563E,DOC035,document_mentions_location,United States,DOC035,DOC035_CHUNK_0214,357-359,"BLM = Bureau of Land Management; Forest Service = United States Forest Service; SITLA = Utah School and Institutional Trust Lands Administration; AUM = Animal Unit Month Surface Transportation Board, Office of Environmental Analysis 3.11 Land Use and Recreation Uinta Basin Railway Draft Environmental Impact Statement 3.11-5 October 2020 Oil and gas development occurs on federal, private, state and Tribal trust land…",0.98
REL_0505E3443E348975,DOC035,document_mentions_location,United States,DOC035,DOC035_CHUNK_0215,359-360,"Uintah and Ouray Reservation and Indian Trust Assets According to the Utah Division of Indian Affairs, the Ute Indian Tribe of the Uintah and Ouray Reservation is the second largest Indian Reservation in the United States and covers 4.5 million acres of northeastern Utah (Utah Division of Indian Affairs 2019).",0.98
REL_7339EBA846EC1F45,DOC035,document_mentions_location,United States,DOC035,DOC035_CHUNK_0216,360-361,"Tribal trust lands and mineral rights are held in trust by the United States government and are administered by BIA, a cooperating agency for this EIS.",0.98
REL_9068F06716EF34BA,DOC035,document_mentions_location,United States,DOC035,DOC035_CHUNK_0217,361-363,The portion of the Ashley National Forest in the study areas for the Indian Canyon Alternative and Whitmore Park Alternative along U.S.,0.98
REL_A08FBA6C461FA4E7,DOC035,document_mentions_location,United States,DOC035,DOC035_CHUNK_0222,368-370,"Sources: Utah Department of Natural Resources 2018; USDA NRCS 2018 BLM = Bureau of Land Management; SITLA = School and Institutional Trust Lands Administration; UDOT = Utah Department of Transportation; Forest Service = United States Forest Service; AUM = Animal Unit Month Surface Transportation Board, Office of Environmental Analysis 3.11 Land Use and Recreation Uinta Basin Railway Draft Environmental Impact Statem…",0.98
REL_15C98498B549B166,DOC035,document_mentions_location,United States,DOC035,DOC035_CHUNK_0230,379-382,"Small pockets of agricultural land are also present in the study area, located along U.S.",0.98
REL_AF2B0C1E79903C11,DOC035,document_mentions_location,United States,DOC035,DOC035_CHUNK_0231,381-383,"These scenic byways are shown in Figure 3.12-1 and include the following. ⚫ Dinosaur Diamond Prehistoric Highway, a National Scenic Byway and state of Utah scenic byway, which follows US 191 within the study area. ⚫ Indian Canyon Scenic Byway, a state of Utah scenic byway, which also follows US 191 (between US 40 in Duchesne and U.S.",0.98
REL_B42AAF33DF206266,DOC035,document_mentions_location,United States,DOC035,DOC035_CHUNK_0237,397-400,BLM = U.S.,0.98
REL_B718083101C30252,DOC035,document_mentions_location,United States,DOC035,DOC035_CHUNK_0241,405-409,3.13.1.2 Data Sources OEA relied on the following data sources to determine the potential impacts on socioeconomics that could result from construction and operation of the Action Alternatives and the No-Action Alternative. ⚫ U.S.,0.98
REL_811422030D4445DA,DOC035,document_mentions_location,United States,DOC035,DOC035_CHUNK_0242,409-411,3.13.1.2 Data Sources OEA relied on the following data sources to determine the potential impacts on socioeconomics that could result from construction and operation of the Action Alternatives and the No-Action Alternative. ⚫ U.S.,0.98
REL_3CABEA4315DC462B,DOC035,document_mentions_location,United States,DOC035,DOC035_CHUNK_0243,410-412,"The populations of other counties in the study area are substantially smaller, ranging from approximately 20,000 residents in Carbon County and Duchesne County to over 36,000 residents in Uintah County (U.S.",0.98
REL_E4362D18CA355857,DOC035,document_mentions_location,United States,DOC035,DOC035_CHUNK_0244,412-413,Sources: U.S.,0.98
REL_298E3F416C6C435E,DOC035,document_mentions_location,United States,DOC035,DOC035_CHUNK_0245,413-416,Based on U.S.,0.98
REL_0C08C844820DF43B,DOC035,document_mentions_location,United States,DOC035,DOC035_CHUNK_0250,421-423,"Acres of Land Acquisition Required for Construction in the Rail Line Footprint and Temporary Footprint Action Alternative Acquisition BLM Forest Service SITLA UDOT Tribal Private Total Indian Canyon Rail Line 46.3 166.9 158.5 0.3 121.2 847.3 1,340.5 Temporary 72.8 234.1 285.4 4.3 257.3 1,613.9 2,467.8 Total 119.1 401.1 443.9 4.5 378.5 2,461.1 3,808.2 Wells Draw Rail Line 1,571.1 -- 326.7 0.0 -- 662.2 2,560.1 Tempora…",0.98
REL_79A9E19E949D6E01,DOC035,document_mentions_location,United States,DOC035,DOC035_CHUNK_0259,441-442,"Low-income refers Surface Transportation Board, Office of Environmental Analysis 3.14 Environmental Justice Uinta Basin Railway Draft Environmental Impact Statement 3.14-2 October 2020 to persons whose median household income is at or below the poverty threshold set by the U.S.",0.98
REL_C1B63B06AFE4EDB2,DOC035,document_mentions_location,United States,DOC035,DOC035_CHUNK_0262,451-452,"Those mitigation measures include a commitment from the Coalition to obtain a Clean Water Act Section 404 permit authorization from the Corps prior to initiating construction activities in wetlands and other jurisdictional waters of the United States, and to comply with all Section 404 permit conditions (VM-25).",0.98
REL_655A844F2A7E60DA,DOC035,document_mentions_location,United States,DOC035,DOC035_CHUNK_0263,452-453,"To address impacts on the Pariette cactus and Uinta Basin hookless cactus, OEA is consulting with the U.S.",0.98
REL_1F8386348A1787CB,DOC035,document_mentions_location,United States,DOC035,DOC035_CHUNK_0267,457-460,"As a producer of crude oil in the Basin, the Ute Indian Tribe would benefit economically from access to a new mode of transportation for crude oil that would offer cheaper rates than trucking and potentially greater access to markets for crude oil across the United States.",0.98
REL_AE3B48F9CC0021D2,DOC035,document_mentions_location,United States,DOC035,DOC035_CHUNK_0271,464-466,"This has been a common practice for development of truck-to-rail crude oil terminal facilities, for example in North Dakota, as the movement of crude oil in the United States by rail has increased with increasing oil production (Opendatasoft 2019).",0.98
REL_3476235F8C386065,DOC035,document_mentions_location,United States,DOC035,DOC035_CHUNK_0273,468-469,The U.S.,0.98
REL_82DD94C4C03E4F35,DOC035,document_mentions_location,United States,DOC035,DOC035_CHUNK_0274,469-471,US 6 = U.S.,0.98
REL_5CB57AA1CD573769,DOC035,document_mentions_location,United States,DOC035,DOC035_CHUNK_0275,471-473,US 6 = U.S.,0.98
REL_E267E968E6A57670,DOC035,document_mentions_location,United States,DOC035,DOC035_CHUNK_0278,476-477,"Of the current disposal methods, about 60 percent of the produced water is injected back into the ground via deep wells at sufficient depths, so as not to contaminate shallow aquifers, and where it can no longer be accessed or used; this is the most common method of produced water disposal in the United States (UGS 2018; USEPA 2020).",0.98
REL_403358ED72FD93D6,DOC035,document_mentions_location,United States,DOC035,DOC035_CHUNK_0288,487-489,"Estimated Emissions Associated with Oil and Gas Development by Source Pollutants Low Oil Production Scenarioa High Oil Production Scenarioa Well Construction Well Operation Termini Operation Total Well Construction Well Operation Termini Operation Total Criteria Pollutants and Volatile Organic Compounds (U.S. tons per year) CO 9 1,511 146 1,666 25 4,041 388 4,454 NOX 32 1,092 51 1,175 86 2,922 138 3,146 PM10 159 356…",0.98
REL_E4B2D084751DCF68,DOC035,document_mentions_location,United States,DOC035,DOC035_CHUNK_0299,501-503,"Construction of new rail terminals and other projects in the cumulative impacts study area, including the Duchesne County Watershed Plan (NRCS Utah 2020), the Duchesne County Myton Main Street project, the U.S.",0.98
REL_0662BFC138B1ADBF,DOC035,document_mentions_location,United States,DOC035,DOC035_CHUNK_0300,503-504,"Cumulative projects including the Gateway South Transmission Line, Duchesne County Watershed Plan (NRCS Utah 2020), Myton Main Street Project, U.S.",0.98
REL_84D3ED296BE419FB,DOC035,document_mentions_location,United States,DOC035,DOC035_CHUNK_0308,513-515,"Implementation of all grade-crossing warning devices on public roadways will be subject to review and approval, depending on location, by the Ute Indian Tribe, Utah Department of Transportation (UDOT), U.S.",0.98
REL_4E963C130AA2EF41,DOC035,document_mentions_location,United States,DOC035,DOC035_CHUNK_0309,515-516,"The Coalition will develop a stormwater pollution prevention plan, which will include construction BMPs to control erosion and reduce the amount of sediment and pollutants entering surface waters, groundwater, and waters of the United States.",0.98
REL_E15335E023E8FC91,DOC035,document_mentions_location,United States,DOC035,DOC035_CHUNK_0310,516-518,The Coalition will obtain a permit from the Corps under Section 404 of the Clean Water Act before initiating project-related construction activities in wetlands and other jurisdictional waters of the United States.,0.98
REL_BECE1558FB7C21A5,DOC035,document_mentions_location,United States,DOC035,DOC035_CHUNK_0311,517-519,If the selected alternative impacts U.S.,0.98
REL_104B621C269C4931,DOC035,document_mentions_location,United States,DOC035,DOC035_CHUNK_0313,521-522,The Coalition shall incorporate the design recommendations in the U.S.,0.98
REL_25C2C60B656D4526,DOC035,document_mentions_location,United States,DOC035,DOC035_CHUNK_0314,522-524,The Coalition shall design and construct any tunnels in accordance with applicable U.S.,0.98
REL_AB35CADFF977A54C,DOC035,document_mentions_species,bald eagle,DOC035,DOC035_CHUNK_0314,522-524,"In addition, the Coalition shall follow the USFWS National Bald Eagle Management Guidelines (USFWS 2007), as applicable.",0.98
REL_B102A2D33CEBB143,DOC035,document_mentions_location,United States,DOC035,DOC035_CHUNK_0315,523-525,The Coalition shall design and construct any tunnels in accordance with applicable U.S.,0.98
REL_0FAC9EFA4002610B,DOC035,document_mentions_location,United States,DOC035,DOC035_CHUNK_0317,526-528,"If the Indian Canyon Alternative or the Whitmore Park Alternative is authorized by the Board, the Coalition shall obtain a right-of-way from the U.S.",0.98
REL_C864853E3075B1A9,DOC035,document_mentions_location,United States,DOC035,DOC035_CHUNK_0320,531-532,Agencies and Tribes Consulted during Scoping for Input on the Draft EIS Federal Agencies State Agencies Tribes U.S.,0.98
REL_1F38E426E67CD520,DOC035,document_mentions_location,United States,DOC035,DOC035_CHUNK_0321,532-534,"As of the issuance of this Draft EIS, the following federal, state, and tribal agencies are participating the Section 106 process as consulting parties. ⚫ Utah Division of State History, State Historic Preservation Office ⚫ Ute Indian Tribe of the Uintah and Ouray Reservation ⚫ Advisory Council on Historic Preservation ⚫ Department of Agriculture, U.S.",0.98
REL_41A7ADD05D843276,DOC035,document_mentions_location,United States,DOC035,DOC035_CHUNK_0322,534-536,"As of the issuance of this Draft EIS, the following agencies, tribes, and other stakeholders are participating the Section 106 process as consulting parties. ⚫ Utah Division of State History, State Historic Preservation Office ⚫ Ute Indian Tribe of the Uintah and Ouray Reservation ⚫ Advisory Council on Historic Preservation ⚫ Department of Agriculture, U.S.",0.98
REL_823FA22E948F7294,DOC035,document_mentions_location,United States,DOC035,DOC035_CHUNK_0323,536-538,"Uinta Basin Railway Draft Environmental Impact Statement 6-1 October 2020 Chapter 6 Additional Topics Required by NEPA This chapter describes the short-term uses of environmental resources and compares them with the maintenance and enhancement of long-term productivity and any irreversible and irretrievable commitments of resources as a result of the proposed rail line, as required by the National Environmental Poli…",0.98
REL_FA91F933F03FFD9D,DOC035,document_mentions_location,Canada,DOC035,DOC035_CHUNK_0325,539-540,"Based on the analysis of the potential impacts of the proposed rail line on federally listed species, OEA determined that the proposed project May Affect, but is Not Likely to Adversely Affect Canada lynx and Mexican spotted owl; May Affect, and is Likely to Adversely Affect Colorado pikeminnow, humpback chub, bonytail, razorback sucker, Barneby ridge-cress, Pariette cactus, Uinta Basin hookless cactus, and Ute ladi…",0.98
REL_FC8A463603E3710B,DOC035,document_mentions_location,United States,DOC035,DOC035_CHUNK_0325,539-540,OEA is conducting ESA Section 7 consultation with the U.S.,0.98
REL_20BD79709A9B9C4C,DOC035,document_mentions_location,United States,DOC035,DOC035_CHUNK_0327,541-545,"Environmental Protection Specialist/Project Manager 7.2 Department of the Army, U.S.",0.98
REL_287CEFD58B5DA33C,DOC035,document_mentions_location,United States,DOC035,DOC035_CHUNK_0328,545-548,8.1 Federal Agencies ⚫ Advisory Council on Historic Preservation ⚫ Council on Environmental Quality ⚫ U.S.,0.98
REL_EF94DBB6544218FC,DOC035,document_mentions_location,United States,DOC035,DOC035_CHUNK_0329,548-551,"Stuart Adams, Utah State Senator ⚫ Kera Birkeland, Utah State Representative ⚫ Rob Bishop, U.S.",0.98
REL_963C0FC49C09C9D9,DOC035,document_mentions_location,United States,DOC035,DOC035_CHUNK_0330,551-553,U.S.,0.98
REL_5A116C3A4F1C71F0,DOC035,document_mentions_location,Canada,DOC035,DOC035_CHUNK_0331,553-555,"Identifying Habitats for Persistence of Greater Sage-Grouse (Centrocercus Urophasianus) in Alberta, Canada.",0.98
REL_B78E9B0AA20DD5B6,DOC035,document_mentions_location,United States,DOC035,DOC035_CHUNK_0331,553-555,"Vicksburg, Mississippi: U.S.",0.98
REL_F551B043C4B3AAC3,DOC035,document_mentions_location,Canada,DOC035,DOC035_CHUNK_0332,555-557,"Identifying Habitats for Persistence of Greater Sage-Grouse (Centrocercus Urophasianus) in Alberta, Canada.",0.98
REL_4754B3602CF7AA0F,DOC035,document_mentions_location,United States,DOC035,DOC035_CHUNK_0332,555-557,U.S.,0.98
REL_BE8DE671E3E77AF4,DOC035,document_mentions_species,bald eagle,DOC035,DOC035_CHUNK_0332,555-557,Bald eagle nesting habitats in the Upper Mississippi River National Wildlife and Fish Refuge.,0.98
REL_48A0A1B6D954FC2C,DOC035,document_mentions_location,Canada,DOC035,DOC035_CHUNK_0333,557-559,Species Status Assessment for the Canada lynx (Lynx canadensis) Contiguous United States Population Segment.,0.98
REL_EB1F57A2C42E6425,DOC035,document_mentions_location,United States,DOC035,DOC035_CHUNK_0333,557-559,"National Ecology Center, U.S.",0.98
REL_A0FB0EC77DF9397E,DOC035,document_mentions_species,bald eagle,DOC035,DOC035_CHUNK_0333,557-559,Habitat Suitability Index Models: Bald Eagle (breeding season).,0.98
REL_4D6148CFBABD648C,DOC035,document_mentions_location,Canada,DOC035,DOC035_CHUNK_0334,559-561,"Commission for Environmental Cooperation, Montreal, Canada.",0.98
REL_036C97234918B00D,DOC035,document_mentions_location,North America,DOC035,DOC035_CHUNK_0334,559-561,North American Terrestrial Ecoregions—Level III.,0.98
REL_267C796736AF2606,DOC035,document_mentions_location,United States,DOC035,DOC035_CHUNK_0334,559-561,U.S.,0.98
REL_E307A90868BD8462,DOC035,document_mentions_location,Canada,DOC035,DOC035_CHUNK_0335,561-563,"Commission for Environmental Cooperation, Montreal, Canada.",0.98
REL_88183174086F9EC6,DOC035,document_mentions_location,North America,DOC035,DOC035_CHUNK_0335,561-563,North American Terrestrial Ecoregions—Level III.,0.98
REL_B208987B0D48C3AC,DOC035,document_mentions_location,United States,DOC035,DOC035_CHUNK_0335,561-563,U.S.,0.98
REL_0FE38BD89712A715,DOC035,document_mentions_location,Illinois,DOC035,DOC035_CHUNK_0336,563-565,Draft Environmental Assessment Canadian National/Illinois Central Railroad Acquisition.,0.98
REL_BE359079C4FC403F,DOC035,document_mentions_location,United States,DOC035,DOC035_CHUNK_0336,563-565,U.S.,0.98
REL_B2B89214FA8A91D4,DOC035,document_mentions_location,Iowa,DOC035,DOC035_CHUNK_0337,565-568,Iowa State University.,0.98
REL_411B1D922BE5D15C,DOC035,document_mentions_location,United States,DOC035,DOC035_CHUNK_0337,565-568,U.S.,0.98
REL_58D124901649518E,DOC035,document_mentions_location,United States,DOC035,DOC035_CHUNK_0338,567-570,U.S.,0.98
REL_D7AE0B7B57F21167,DOC035,document_mentions_location,United States,DOC035,DOC035_CHUNK_0339,569-571,"Surface Transportation Board, Office of Environmental Analysis Chapter 9 References Uinta Basin Railway Draft Environmental Impact Statement 9-21 October 2020 U.S.",0.98
REL_965BA97906BF1478,DOC035,document_mentions_location,North America,DOC035,DOC035_CHUNK_0340,571-573,"Biostratigraphy and biochronology of the latest Wasatchian, Bridgerian, and Uintan North American Land-Mammal “Ages”.",0.98
REL_8B33EF02A193700B,DOC035,document_mentions_location,United States,DOC035,DOC035_CHUNK_0340,571-573,"Early Cenozoic history of the Uinta and Piceance Creek basins, Utah and Colorado, with special reference to the development of Eocene Lake Uinta, In: Cenozoic Paleogeography of West-Central United States (R.M.",0.98
REL_4A7770F2AE9C9A03,DOC035,document_mentions_location,United States,DOC035,DOC035_CHUNK_0341,573-575,"Prepared by United States Department of the Interior, Bureau of Land Management.",0.98
REL_9427C24EEA464E9C,DOC035,document_mentions_location,United States,DOC035,DOC035_CHUNK_0342,575-577,Forest Landscape Description and Inventories – A Basis for Land Planning and Design. (U.S.,0.98
REL_F7342C7CDA4E3B43,DOC035,document_mentions_location,United States,DOC035,DOC035_CHUNK_0343,577-580,U.S.,0.98
REL_C4F74E31E4187BCA,DOC035,document_mentions_species,bald eagle,DOC035,DOC035_CHUNK_0343,577-580,National Bald Eagle Management Guidelines.,0.98
